"","Number","X.","Position.F1","Position.F2","Position.F3","Assign.F1","Assign.F2","Assign.F3","Height","Volume","Line.Width.F1..Hz.","Line.Width.F2..Hz.","Line.Width.F3..Hz.","Merit","Details","Fit.Method","Vol..Method"
"1",1,1,32.08058,59.14867,126.09,NA,NA,NA,4.71e+09,1.17e+11,587.08132,255.36111,440.7154,1,"None","None","box sum"
"2",2,2,19.24134,59.07761,126.09,NA,NA,NA,1.71e+10,4.33e+11,280.27374,242.38351,330.78527,1,"None","None","box sum"
"3",3,3,66.17225,58.96955,118.47,NA,NA,NA,3.08e+09,7.02e+10,176.50303,177.62381,102.62167,1,"None","None","box sum"
"4",4,4,40.31315,53.12854,127.53,NA,NA,NA,4.15e+09,9.97e+10,127.05805,256.60551,210.56765,1,"None","None","box sum"
"5",5,5,31.78231,52.65557,127.53,NA,NA,NA,9.18e+09,2.24e+11,643.05839,190.06068,198.72618,1,"None","None","box sum"
"6",6,6,23.67639,52.94018,127.53,NA,NA,NA,6.68e+09,1.68e+11,185.85168,254.30989,333.30306,1,"None","None","box sum"
"7",7,7,172.39007,52.85385,127.53,NA,NA,NA,1.62e+10,4.17e+11,388.31815,414.10577,655.58973,1,"None","None","box sum"
"8",8,8,27.98761,53.08551,127.53,NA,NA,NA,6.11e+09,1.5e+11,290.47982,374.45408,191.67161,1,"None","None","box sum"
"9",9,10,19.51889,59.26438,118.47,NA,NA,NA,1.46e+10,3.35e+11,150.18661,167.15273,136.58106,1,"None","None","box sum"
"10",10,11,172.77812,52.33993,112.25,NA,NA,NA,6.26e+09,1.45e+11,267.8044,161.17108,138.53914,1,"None","None","box sum"
"11",11,12,63.31686,52.35778,112.25,NA,NA,NA,5.7e+09,1.27e+11,135.70317,154.61177,117.84691,1,"None","None","box sum"
"12",12,13,45.49742,45.47337,107.23,NA,NA,NA,8.72e+09,2.04e+11,141.54882,183.03281,165.92002,1,"None","None","box sum"
"17",17,18,135.94891,68.12054,166.0861,NA,NA,NA,2.33e+09,3.68e+10,109.98034,143.63615,124.15791,1,"None","parabolic","box sum"
"21",21,22,38.13361,62.26135,166.0861,NA,NA,NA,2.89e+09,4.14e+10,86.07008,139.62582,113.87159,1,"None","parabolic","box sum"
"22",22,23,41.49132,60.71303,166.0861,NA,NA,NA,2.29e+09,3.4e+10,173.40066,139.45413,117.50784,1,"None","parabolic","box sum"
"23",23,24,141.43796,58.89047,166.0861,NA,NA,NA,2.67e+09,4.03e+10,103.86659,151.31333,131.36096,1,"None","parabolic","box sum"
"24",24,25,183.03458,53.23675,166.0861,NA,NA,NA,2.98e+09,4.2e+10,77.87277,170.44032,107.56456,1,"None","parabolic","box sum"
"25",25,26,172.79224,52.79677,166.0861,NA,NA,NA,2.58e+09,3.95e+10,107.04011,134.28545,119.05396,1,"None","parabolic","box sum"
"26",26,27,169.85484,52.40748,166.0861,NA,NA,NA,2.3e+09,3.38e+10,94.90635,163.53512,131.38641,1,"None","parabolic","box sum"
"27",27,28,75.7338,51.50864,166.0861,NA,NA,NA,2.26e+09,3.54e+10,127.6028,203.33827,155.65288,1,"None","parabolic","box sum"
"28",28,29,147.10769,51.24309,166.0861,NA,NA,NA,2.32e+09,3.23e+10,108.11586,194.55552,93.2156,1,"None","parabolic","box sum"
"29",29,30,94.35218,51.06073,166.0861,NA,NA,NA,2.29e+09,3.52e+10,148.07968,137.31372,283.43755,1,"None","parabolic","box sum"
"30",30,31,114.89393,50.01202,166.0861,NA,NA,NA,2.4e+09,3.91e+10,112.19842,208.6584,159.78441,1,"None","parabolic","box sum"
"31",31,32,132.88497,49.10473,166.0861,NA,NA,NA,2.96e+09,4.59e+10,90.65036,163.44291,113.41961,1,"None","parabolic","box sum"
"32",32,33,60.67734,48.2271,166.0861,NA,NA,NA,2.51e+09,3.89e+10,109.8069,143.36026,141.62832,1,"None","parabolic","box sum"
"37",37,38,133.81256,41.08933,166.0861,NA,NA,NA,2.26e+09,3.43e+10,88.91108,182.24341,123.09327,1,"None","parabolic","box sum"
"41",41,42,163.63364,72.53233,165.61769,NA,NA,NA,2.26e+09,5.09e+10,100.00328,196.438,146.93258,1,"None","parabolic","box sum"
"42",42,43,177.11393,70.3595,165.85683,NA,NA,NA,2.28e+09,4.96e+10,132.55102,163.25844,114.38444,1,"None","parabolic","box sum"
"43",43,44,179.95879,69.75282,165.70145,NA,NA,NA,2.26e+09,5.27e+10,164.00896,142.51745,168.60516,1,"None","parabolic","box sum"
"44",44,45,89.00715,69.29469,165.65088,NA,NA,NA,2.51e+09,5.49e+10,133.04294,158.2432,123.93625,1,"None","parabolic","box sum"
"45",45,46,76.62675,68.5883,165.65143,NA,NA,NA,2.27e+09,4.88e+10,122.24326,126.56873,111.98041,1,"None","parabolic","box sum"
"46",46,47,20.56058,67.4711,165.6509,NA,NA,NA,2.29e+09,5.34e+10,113.34165,182.44733,237.79241,1,"None","parabolic","box sum"
"47",47,48,27.53147,65.63735,165.59757,NA,NA,NA,2.29e+09,4.85e+10,90.06408,127.00213,124.31943,1,"None","parabolic","box sum"
"48",48,49,127.44649,56.62535,165.75794,NA,NA,NA,2.4e+09,5.34e+10,135.10468,136.8629,137.02351,1,"None","parabolic","box sum"
"49",49,50,106.42237,55.13217,165.7236,NA,NA,NA,2.31e+09,5.04e+10,92.63026,170.75241,112.87871,1,"None","parabolic","box sum"
"50",50,51,100.77384,54.72231,165.89923,NA,NA,NA,2.55e+09,5.6e+10,91.02411,147.70573,139.8493,1,"None","parabolic","box sum"
"51",51,52,43.6221,54.58279,165.7183,NA,NA,NA,2.29e+09,4.83e+10,124.58104,119.47411,110.84457,1,"None","parabolic","box sum"
"52",52,53,34.48063,53.72823,165.71033,NA,NA,NA,2.25e+09,4.91e+10,131.97055,160.9925,113.8331,1,"None","parabolic","box sum"
"57",57,58,114.91246,46.31461,165.8067,NA,NA,NA,2.66e+09,5.74e+10,100.57185,140.00404,127.45486,1,"None","parabolic","box sum"
"61",61,62,113.77291,40.81502,165.7364,NA,NA,NA,2.34e+09,5.55e+10,160.36459,278.49311,182.31006,1,"None","parabolic","box sum"
"62",62,63,103.77694,40.88281,165.77544,NA,NA,NA,2.25e+09,4.96e+10,210.45936,164.47222,112.60945,1,"None","parabolic","box sum"
"63",63,64,99.0442,71.77383,165.47023,NA,NA,NA,2.6e+09,5.85e+10,110.11592,151.15069,136.03401,1,"None","parabolic","box sum"
"64",64,65,74.60113,69.11571,165.43075,NA,NA,NA,2.94e+09,6.5e+10,121.50309,171.1396,105.2998,1,"None","parabolic","box sum"
"65",65,66,68.24002,68.88188,165.52126,NA,NA,NA,2.75e+09,5.74e+10,83.15337,133.73585,110.27205,1,"None","parabolic","box sum"
"66",66,67,104.8533,68.52173,165.52199,NA,NA,NA,2.4e+09,5.3e+10,95.33323,144.44235,202.19378,1,"None","parabolic","box sum"
"67",67,68,33.96303,68.50668,165.40404,NA,NA,NA,2.47e+09,5.75e+10,178.73576,198.93897,134.16979,1,"None","parabolic","box sum"
"68",68,69,33.85291,68.45189,165.43999,NA,NA,NA,2.52e+09,5.82e+10,170.12973,136.5118,134.43014,1,"None","parabolic","box sum"
"69",69,70,159.03573,64.29081,165.25781,NA,NA,NA,2.29e+09,4.95e+10,94.67917,131.25843,135.24147,1,"None","parabolic","box sum"
"70",70,71,188.88365,64.15183,165.42244,NA,NA,NA,2.28e+09,5.13e+10,103.29444,133.46455,163.20644,1,"None","parabolic","box sum"
"71",71,72,88.22393,64.14264,165.54842,NA,NA,NA,2.87e+09,6.07e+10,94.72497,167.39661,100.69174,1,"None","parabolic","box sum"
"72",72,73,128.95285,63.98037,165.37365,NA,NA,NA,2.38e+09,5.59e+10,98.15712,256.82706,164.89363,1,"None","parabolic","box sum"
"77",77,78,30.6953,61.31865,165.51937,NA,NA,NA,2.63e+09,6.2e+10,145.67473,153.48086,222.20041,1,"None","parabolic","box sum"
"81",81,82,54.44027,55.21769,165.54987,NA,NA,NA,2.85e+09,6.22e+10,143.50795,108.99282,128.50999,1,"None","parabolic","box sum"
"82",82,83,59.89684,54.84675,165.38163,NA,NA,NA,2.94e+09,6.54e+10,143.5617,142.45152,118.34326,1,"None","parabolic","box sum"
"83",83,84,162.5397,53.58685,165.40906,NA,NA,NA,2.74e+09,5.8e+10,83.2126,146.64513,155.06111,1,"None","parabolic","box sum"
"84",84,85,51.28564,52.06627,165.30822,NA,NA,NA,2.64e+09,6.17e+10,122.33365,155.47585,175.92692,1,"None","parabolic","box sum"
"85",85,86,143.06508,50.29376,165.35745,NA,NA,NA,2.43e+09,5.37e+10,133.18096,137.03585,116.79579,1,"None","parabolic","box sum"
"86",86,87,69.31756,46.55731,165.47358,NA,NA,NA,2.28e+09,4.86e+10,111.87352,139.35983,104.24135,1,"None","parabolic","box sum"
"87",87,88,137.47817,45.46896,165.4321,NA,NA,NA,2.38e+09,5.11e+10,82.49747,207.71837,115.43332,1,"None","parabolic","box sum"
"88",88,89,101.64242,44.35387,165.35925,NA,NA,NA,2.34e+09,4.7e+10,84.74364,123.48163,103.92024,1,"None","parabolic","box sum"
"89",89,90,188.93343,42.16053,165.41127,NA,NA,NA,2.38e+09,5.48e+10,88.26951,219.49434,170.82876,1,"None","parabolic","box sum"
"90",90,91,66.71508,41.65399,165.42006,NA,NA,NA,2.91e+09,6.46e+10,118.27125,155.32565,134.83006,1,"None","parabolic","box sum"
"91",91,92,137.9216,41.50991,165.41087,NA,NA,NA,2.38e+09,5e+10,110.02065,162.21541,94.23505,1,"None","parabolic","box sum"
"92",92,93,170.881,41.36888,165.32772,NA,NA,NA,2.3e+09,5.29e+10,153.49448,226.0353,134.69477,1,"None","parabolic","box sum"
"97",97,98,131.63697,65.93987,164.90609,NA,NA,NA,2.44e+09,5.09e+10,86.93728,146.81453,104.29991,1,"None","parabolic","box sum"
"101",101,102,167.72271,59.74923,165.11392,NA,NA,NA,2.64e+09,5.96e+10,83.05504,188.27263,172.04493,1,"None","parabolic","box sum"
"102",102,103,136.56839,58.64128,165.1065,NA,NA,NA,2.28e+09,5.08e+10,116.07394,186.68026,110.17618,1,"None","parabolic","box sum"
"103",103,104,122.27309,58.04473,165.06061,NA,NA,NA,2.57e+09,5.74e+10,122.18464,168.07586,113.97189,1,"None","parabolic","box sum"
"104",104,105,181.91829,56.86141,165.02185,NA,NA,NA,2.45e+09,5.44e+10,122.24052,143.61644,121.53477,1,"None","parabolic","box sum"
"105",105,106,132.32657,56.86334,165.04079,NA,NA,NA,2.45e+09,5.73e+10,163.69903,125.89887,178.01448,1,"None","parabolic","box sum"
"106",106,107,62.3755,56.34179,164.99543,NA,NA,NA,2.79e+09,5.82e+10,103.24795,151.11306,96.91022,1,"None","parabolic","box sum"
"107",107,108,79.1226,56.06258,165.17203,NA,NA,NA,2.64e+09,5.79e+10,115.60858,130.47695,124.28593,1,"None","parabolic","box sum"
"108",108,109,36.63123,55.8177,165.20589,NA,NA,NA,2.45e+09,5.43e+10,180.65337,135.89513,113.04067,1,"None","parabolic","box sum"
"109",109,110,173.10611,53.31782,165.07413,NA,NA,NA,2.69e+09,6.14e+10,109.91194,188.70091,154.75966,1,"None","parabolic","box sum"
"110",110,111,22.90639,52.77688,165.10349,NA,NA,NA,2.64e+09,5.91e+10,108.27037,147.4967,134.10397,1,"None","parabolic","box sum"
"111",111,112,91.6834,52.65244,164.96869,NA,NA,NA,2.72e+09,5.91e+10,96.77327,157.91875,234.26771,1,"None","parabolic","box sum"
"112",112,113,105.31884,51.39465,165.1866,NA,NA,NA,2.79e+09,6.43e+10,126.37284,156.86649,152.12728,1,"None","parabolic","box sum"
"117",117,118,132.25078,46.58535,164.97994,NA,NA,NA,2.29e+09,4.28e+10,96.46303,105.94326,83.81598,1,"None","parabolic","box sum"
"121",121,122,184.96919,41.79553,165.22538,NA,NA,NA,2.38e+09,5.66e+10,126.56315,142.04305,163.84969,1,"None","parabolic","box sum"
"122",122,123,173.3388,40.21735,165.21594,NA,NA,NA,2.95e+09,6.25e+10,107.10637,171.52011,112.8448,1,"None","parabolic","box sum"
"123",123,124,166.26099,40.07976,164.93198,NA,NA,NA,2.32e+09,5.15e+10,113.58929,163.73372,117.78077,1,"None","parabolic","box sum"
"124",124,125,131.42553,71.01503,164.75008,NA,NA,NA,2.86e+09,6.27e+10,144.96753,130.85194,134.10763,1,"None","parabolic","box sum"
"125",125,126,143.80859,68.62448,164.87152,NA,NA,NA,2.62e+09,6.01e+10,123.91659,159.53417,169.52209,1,"None","parabolic","box sum"
"126",126,127,43.72781,68.49122,164.60683,NA,NA,NA,2.62e+09,6.09e+10,181.51569,192.52047,136.76517,1,"None","parabolic","box sum"
"127",127,128,173.04716,67.0656,164.57741,NA,NA,NA,2.28e+09,5.34e+10,124.65707,194.29705,131.90597,1,"None","parabolic","box sum"
"128",128,129,47.10584,66.72743,164.57559,NA,NA,NA,2.26e+09,5.31e+10,143.97942,179.87978,150.80481,1,"None","parabolic","box sum"
"129",129,130,81.89314,65.59144,164.7422,NA,NA,NA,2.34e+09,5.37e+10,132.11956,140.87668,158.15371,1,"None","parabolic","box sum"
"130",130,131,189.86304,64.16921,164.7279,NA,NA,NA,2.6e+09,5.74e+10,100.27804,266.67051,116.42727,1,"None","parabolic","box sum"
"131",131,132,177.62265,61.48514,164.72706,NA,NA,NA,2.54e+09,5.89e+10,91.71176,227.35626,194.20366,1,"None","parabolic","box sum"
"132",132,133,30.55314,61.46557,164.6749,NA,NA,NA,2.31e+09,5.5e+10,165.46885,152.1309,260.31123,1,"None","parabolic","box sum"
"137",137,138,175.74202,54.50257,164.60787,NA,NA,NA,2.38e+09,5.12e+10,111.37427,151.26014,111.17034,1,"None","parabolic","box sum"
"141",141,142,104.14114,50.89215,164.72811,NA,NA,NA,2.33e+09,5.31e+10,131.80321,174.15661,112.21566,1,"None","parabolic","box sum"
"142",142,143,27.96563,50.401,164.72421,NA,NA,NA,2.64e+09,5.32e+10,96.09539,134.24915,91.22638,1,"None","parabolic","box sum"
"143",143,144,81.45376,49.14971,164.80463,NA,NA,NA,2.26e+09,5.06e+10,124.9841,245.66609,122.75312,1,"None","parabolic","box sum"
"144",144,145,139.2765,47.62712,164.71658,NA,NA,NA,2.46e+09,4.93e+10,71.06755,120.98783,122.67481,1,"None","parabolic","box sum"
"145",145,146,115.66956,47.47164,164.65249,NA,NA,NA,2.32e+09,4.57e+10,79.76274,141.18272,96.09738,1,"None","parabolic","box sum"
"146",146,147,155.59011,44.10013,164.76772,NA,NA,NA,2.43e+09,5.6e+10,112.68515,158.25003,132.97196,1,"None","parabolic","box sum"
"147",147,148,52.28089,43.69307,164.71299,NA,NA,NA,2.4e+09,5.33e+10,101.03476,150.47532,123.63671,1,"None","parabolic","box sum"
"148",148,149,84.70303,73.14558,164.53005,NA,NA,NA,3.11e+09,6.88e+10,134.32053,170.71252,110.89088,1,"None","parabolic","box sum"
"149",149,150,57.82543,72.94277,164.52301,NA,NA,NA,2.7e+09,6.3e+10,124.07293,200.07909,143.47335,1,"None","parabolic","box sum"
"150",150,151,110.38226,72.45818,164.25556,NA,NA,NA,2.92e+09,6.43e+10,119.11891,185.92205,104.40044,1,"None","parabolic","box sum"
"151",151,152,146.23284,69.72076,164.41757,NA,NA,NA,2.31e+09,5.35e+10,120.93269,183.16695,128.71122,1,"None","parabolic","box sum"
"152",152,153,113.39246,68.65171,164.40215,NA,NA,NA,2.35e+09,5.4e+10,114.63634,167.55119,258.08105,1,"None","parabolic","box sum"
"157",157,158,52.45539,65.43152,164.45315,NA,NA,NA,2.41e+09,5.1e+10,138.77867,158.86243,85.44484,1,"None","parabolic","box sum"
"161",161,162,103.90269,63.5321,164.35926,NA,NA,NA,2.3e+09,5.14e+10,116.89228,156.60092,180.10733,1,"None","parabolic","box sum"
"162",162,163,130.38899,62.03187,164.47507,NA,NA,NA,2.64e+09,5.68e+10,105.98756,123.72071,130.68926,1,"None","parabolic","box sum"
"163",163,164,181.94377,59.33027,164.4811,NA,NA,NA,2.25e+09,5.22e+10,167.60127,121.57947,145.93818,1,"None","parabolic","box sum"
"164",164,165,128.27619,57.64083,164.35083,NA,NA,NA,2.3e+09,5.03e+10,97.22397,132.46778,143.52499,1,"None","parabolic","box sum"
"165",165,166,27.21414,56.69923,164.45277,NA,NA,NA,2.38e+09,5.36e+10,104.21042,170.21063,229.84586,1,"None","parabolic","box sum"
"166",166,167,124.09572,55.53263,164.35158,NA,NA,NA,2.49e+09,5.74e+10,131.12533,218.87788,128.56011,1,"None","parabolic","box sum"
"167",167,168,144.26537,54.90133,164.42911,NA,NA,NA,2.44e+09,5.43e+10,117.21718,164.57319,113.03807,1,"None","parabolic","box sum"
"168",168,169,55.60771,54.85678,164.30488,NA,NA,NA,2.33e+09,5.04e+10,100.19443,147.32313,121.48301,1,"None","parabolic","box sum"
"169",169,170,88.51588,54.31653,164.33826,NA,NA,NA,2.36e+09,5.12e+10,106.07306,137.30913,116.07515,1,"None","parabolic","box sum"
"170",170,171,50.42742,52.77063,164.26026,NA,NA,NA,2.39e+09,4.83e+10,80.65681,153.01836,91.41937,1,"None","parabolic","box sum"
"171",171,172,121.52157,52.3241,164.44845,NA,NA,NA,2.5e+09,5.23e+10,103.85621,127.81084,114.01435,1,"None","parabolic","box sum"
"172",172,173,138.34833,50.4733,164.46025,NA,NA,NA,2.54e+09,5.45e+10,193.99358,132.47716,101.53275,1,"None","parabolic","box sum"
"177",177,178,111.72287,41.55539,164.29782,NA,NA,NA,2.71e+09,6.01e+10,118.9931,178.57009,115.30488,1,"None","parabolic","box sum"
"181",181,182,86.79151,39.72802,164.43801,NA,NA,NA,2.26e+09,5.02e+10,125.48488,149.02544,134.98035,1,"None","parabolic","box sum"
"182",182,183,124.82735,39.27086,164.37051,NA,NA,NA,2.45e+09,5.31e+10,118.02086,157.60833,117.07521,1,"None","parabolic","box sum"
"183",183,184,142.59053,39.06509,164.36851,NA,NA,NA,2.36e+09,5.36e+10,129.7824,146.24751,144.01068,1,"None","parabolic","box sum"
"184",184,185,80.41167,73.44151,164.1623,NA,NA,NA,2.38e+09,5.63e+10,116.56617,176.67698,148.99867,1,"None","parabolic","box sum"
"185",185,186,66.18798,73.11424,164.04379,NA,NA,NA,2.86e+09,6.15e+10,104.77226,155.01909,105.5383,1,"None","parabolic","box sum"
"186",186,187,102.44421,70.3477,164.03832,NA,NA,NA,2.36e+09,5.34e+10,96.53876,167.963,170.76985,1,"None","parabolic","box sum"
"187",187,188,81.68955,70.19457,164.11551,NA,NA,NA,2.28e+09,4.94e+10,99.22952,138.80695,119.32639,1,"None","parabolic","box sum"
"188",188,189,16.29525,69.67391,164.00444,NA,NA,NA,2.39e+09,5.46e+10,125.72183,175.28887,121.23706,1,"None","parabolic","box sum"
"189",189,190,46.31025,69.12804,163.97052,NA,NA,NA,2.31e+09,5.22e+10,123.88728,135.39513,155.78213,1,"None","parabolic","box sum"
"190",190,191,43.62371,68.12096,164.09638,NA,NA,NA,2.73e+09,6.58e+10,153.93877,232.61537,177.08246,1,"None","parabolic","box sum"
"191",191,192,38.46545,67.76486,164.0839,NA,NA,NA,2.26e+09,4.92e+10,136.64609,129.19647,133.45349,1,"None","parabolic","box sum"
"192",192,193,99.29109,66.01223,163.99542,NA,NA,NA,2.34e+09,5.33e+10,118.64622,137.5334,166.15218,1,"None","parabolic","box sum"
"197",197,198,112.77272,60.7306,164.20357,NA,NA,NA,2.51e+09,5.69e+10,89.84301,207.65725,166.13123,1,"None","parabolic","box sum"
"201",201,202,150.06798,55.90937,164.05748,NA,NA,NA,2.45e+09,5.14e+10,81.37744,135.70154,126.99097,1,"None","parabolic","box sum"
"202",202,203,87.26306,55.12078,164.00162,NA,NA,NA,2.66e+09,5.96e+10,131.96566,150.52038,125.82614,1,"None","parabolic","box sum"
"203",203,204,42.50452,52.94467,163.94922,NA,NA,NA,2.77e+09,5.89e+10,79.44762,143.10241,277.39732,1,"None","parabolic","box sum"
"204",204,205,88.33437,52.36253,164.0263,NA,NA,NA,2.36e+09,5.03e+10,110.94403,143.93187,105.17741,1,"None","parabolic","box sum"
"205",205,206,84.7201,51.63433,164.02612,NA,NA,NA,2.48e+09,5.42e+10,149.10688,152.52811,113.65899,1,"None","parabolic","box sum"
"206",206,207,35.00895,51.72302,164.10975,NA,NA,NA,2.25e+09,5.13e+10,144.76112,155.31063,117.80563,1,"None","parabolic","box sum"
"207",207,208,16.09089,51.042,164.06115,NA,NA,NA,2.54e+09,5.65e+10,131.79711,130.4732,239.49211,1,"None","parabolic","box sum"
"208",208,209,156.49518,50.66637,164.17308,NA,NA,NA,2.48e+09,5.26e+10,96.27127,131.21545,192.85575,1,"None","parabolic","box sum"
"209",209,210,143.14582,49.65646,164.21615,NA,NA,NA,2.6e+09,5.94e+10,120.05145,159.68198,127.25813,1,"None","parabolic","box sum"
"210",210,211,31.86907,48.26903,164.17626,NA,NA,NA,2.75e+09,5.97e+10,96.01722,205.00386,109.58751,1,"None","parabolic","box sum"
"211",211,212,105.81255,47.25868,164.04518,NA,NA,NA,2.7e+09,5.82e+10,147.05125,154.25879,103.94267,1,"None","parabolic","box sum"
"212",212,213,100.65368,45.21819,163.90172,NA,NA,NA,2.64e+09,5.66e+10,147.35661,141.51567,112.32811,1,"None","parabolic","box sum"
"217",217,218,171.14892,73.24115,163.81062,NA,NA,NA,2.57e+09,4.95e+10,72.48255,164.56237,83.1946,1,"None","parabolic","box sum"
"221",221,222,174.34825,66.61738,163.71074,NA,NA,NA,2.43e+09,5.25e+10,147.87082,116.49173,201.01695,1,"None","parabolic","box sum"
"222",222,223,171.1098,66.6962,163.72151,NA,NA,NA,2.89e+09,6.53e+10,125.37709,150.20099,143.34026,1,"None","parabolic","box sum"
"223",223,224,104.04292,66.27368,163.72394,NA,NA,NA,2.53e+09,5.55e+10,100.63169,151.99749,116.00287,1,"None","parabolic","box sum"
"224",224,225,135.42416,65.34131,163.65447,NA,NA,NA,2.68e+09,6.27e+10,137.96765,172.7571,250.82209,1,"None","parabolic","box sum"
"225",225,226,173.60129,64.8202,163.89325,NA,NA,NA,2.39e+09,5.25e+10,96.35769,168.07179,163.7151,1,"None","parabolic","box sum"
"226",226,227,122.96222,63.33505,163.61505,NA,NA,NA,2.86e+09,5.6e+10,108.93726,133.03751,86.83765,1,"None","parabolic","box sum"
"227",227,228,166.97426,62.51511,163.6869,NA,NA,NA,2.3e+09,4.81e+10,99.14372,130.63675,102.44876,1,"None","parabolic","box sum"
"228",228,229,162.99102,62.05472,163.56228,NA,NA,NA,2.51e+09,5.83e+10,136.82747,199.9301,133.94349,1,"None","parabolic","box sum"
"229",229,230,164.50944,61.31329,163.78609,NA,NA,NA,2.56e+09,5.21e+10,98.0533,137.96628,91.55233,1,"None","parabolic","box sum"
"230",230,231,135.98941,61.28053,163.73277,NA,NA,NA,2.89e+09,6.22e+10,98.18033,188.15038,121.15034,1,"None","parabolic","box sum"
"231",231,232,86.58519,60.082,163.61313,NA,NA,NA,2.52e+09,5.44e+10,102.69099,148.27338,123.97833,1,"None","parabolic","box sum"
"232",232,233,63.54889,58.89123,163.5651,NA,NA,NA,2.26e+09,4.96e+10,99.4567,136.7369,147.30683,1,"None","parabolic","box sum"
"237",237,238,27.36343,53.43048,163.77947,NA,NA,NA,2.57e+09,5.77e+10,112.41827,125.72467,169.53591,1,"None","parabolic","box sum"
"241",241,242,45.30042,51.38925,163.72443,NA,NA,NA,2.34e+09,5.2e+10,91.73741,155.82216,135.33763,1,"None","parabolic","box sum"
"242",242,243,19.01957,50.56937,163.55787,NA,NA,NA,2.75e+09,6.11e+10,119.25326,160.64203,107.88219,1,"None","parabolic","box sum"
"243",243,244,92.93247,46.71491,163.62078,NA,NA,NA,2.3e+09,5.3e+10,120.7104,187.80553,154.01279,1,"None","parabolic","box sum"
"244",244,245,117.98656,46.24242,163.86338,NA,NA,NA,2.38e+09,5.23e+10,108.7113,159.97112,118.21158,1,"None","parabolic","box sum"
"245",245,246,78.06136,45.48293,163.61323,NA,NA,NA,2.61e+09,5.51e+10,105.90573,135.89972,112.55783,1,"None","parabolic","box sum"
"246",246,247,109.24951,44.88953,163.5699,NA,NA,NA,2.47e+09,5.57e+10,134.05793,148.90528,116.35132,1,"None","parabolic","box sum"
"247",247,248,126.70078,44.45289,163.76503,NA,NA,NA,2.32e+09,5.05e+10,95.57385,186.54257,116.1046,1,"None","parabolic","box sum"
"248",248,249,82.72152,44.05289,163.84383,NA,NA,NA,2.36e+09,5.15e+10,80.72521,131.08319,242.89167,1,"None","parabolic","box sum"
"249",249,250,98.6517,43.93152,163.73006,NA,NA,NA,3.31e+09,7.63e+10,138.85073,146.05725,148.44371,1,"None","parabolic","box sum"
"250",250,251,38.42838,43.80288,163.77854,NA,NA,NA,2.29e+09,4.87e+10,94.19,292.3494,102.42116,1,"None","parabolic","box sum"
"251",251,252,125.64564,43.38542,163.82917,NA,NA,NA,2.54e+09,5.35e+10,88.04266,145.74307,111.82469,1,"None","parabolic","box sum"
"252",252,253,25.36052,42.6667,163.60333,NA,NA,NA,2.95e+09,6.77e+10,171.59786,205.66183,114.73425,1,"None","parabolic","box sum"
"257",257,258,72.40867,67.0616,163.2806,NA,NA,NA,2.48e+09,5.5e+10,111.07228,129.0158,148.55643,1,"None","parabolic","box sum"
"261",261,262,17.18989,62.61934,163.31482,NA,NA,NA,2.64e+09,5.78e+10,138.22659,137.47185,123.82893,1,"None","parabolic","box sum"
"262",262,263,162.84306,62.10819,163.53474,NA,NA,NA,2.55e+09,6e+10,135.99081,173.64821,133.21671,1,"None","parabolic","box sum"
"263",263,264,67.79929,61.68179,163.31636,NA,NA,NA,2.36e+09,5.48e+10,126.4107,185.22954,135.81959,1,"None","parabolic","box sum"
"264",264,265,161.58476,59.65538,163.46916,NA,NA,NA,2.29e+09,5.22e+10,151.41351,154.8183,135.8753,1,"None","parabolic","box sum"
"265",265,266,55.01929,58.8525,163.44919,NA,NA,NA,2.38e+09,4.89e+10,111.86131,124.06889,90.21579,1,"None","parabolic","box sum"
"266",266,267,36.03399,57.0925,163.46487,NA,NA,NA,2.47e+09,5.64e+10,98.08873,160.69001,249.64779,1,"None","parabolic","box sum"
"267",267,268,86.99131,55.18615,163.52749,NA,NA,NA,2.75e+09,5.96e+10,116.80556,146.6856,109.98244,1,"None","parabolic","box sum"
"268",268,269,35.08411,55.02408,163.34572,NA,NA,NA,2.33e+09,5.03e+10,94.22175,142.16238,119.50949,1,"None","parabolic","box sum"
"269",269,270,19.51505,53.53607,163.40768,NA,NA,NA,2.51e+09,5.43e+10,100.49734,124.94737,141.03123,1,"None","parabolic","box sum"
"270",270,271,136.66098,53.49028,163.33145,NA,NA,NA,2.34e+09,5.32e+10,103.13924,130.33342,201.45509,1,"None","parabolic","box sum"
"271",271,272,181.08842,52.83154,163.37527,NA,NA,NA,2.34e+09,5.16e+10,116.77014,133.60286,125.99939,1,"None","parabolic","box sum"
"272",272,273,178.35067,52.62816,163.42321,NA,NA,NA,2.81e+09,6.15e+10,141.48637,130.22494,118.16554,1,"None","parabolic","box sum"
"277",277,278,161.76548,44.13894,163.39676,NA,NA,NA,2.29e+09,5.43e+10,136.26379,226.06075,130.1946,1,"None","parabolic","box sum"
"281",281,282,96.93513,72.23941,163.05568,NA,NA,NA,2.27e+09,5.16e+10,117.31367,168.13427,133.22473,1,"None","parabolic","box sum"
"282",282,283,71.49273,70.44633,162.94782,NA,NA,NA,2.27e+09,4.97e+10,173.41776,127.10754,147.08953,1,"None","parabolic","box sum"
"283",283,284,44.75571,70.49146,162.90827,NA,NA,NA,2.38e+09,5.05e+10,84.94395,161.40629,135.42409,1,"None","parabolic","box sum"
"284",284,285,163.45342,70.35377,162.94611,NA,NA,NA,2.27e+09,5.31e+10,143.21421,176.95045,132.34764,1,"None","parabolic","box sum"
"285",285,286,117.26374,69.88566,163.06513,NA,NA,NA,2.79e+09,6.08e+10,150.3344,155.71326,100.96646,1,"None","parabolic","box sum"
"286",286,287,102.99746,69.01572,162.96021,NA,NA,NA,2.43e+09,5.54e+10,116.13257,199.3186,140.61977,1,"None","parabolic","box sum"
"287",287,288,49.34758,66.61248,163.06289,NA,NA,NA,2.29e+09,4.77e+10,100.23107,124.62391,112.50525,1,"None","parabolic","box sum"
"288",288,289,21.46027,65.3577,162.89232,NA,NA,NA,2.92e+09,6.33e+10,135.38804,160.09013,98.15278,1,"None","parabolic","box sum"
"289",289,290,101.921,65.15516,163.21516,NA,NA,NA,2.59e+09,5.84e+10,126.21772,155.53583,126.9843,1,"None","parabolic","box sum"
"290",290,291,142.33831,65.02291,162.97979,NA,NA,NA,2.79e+09,6.17e+10,118.34392,137.94938,116.07796,1,"None","parabolic","box sum"
"291",291,292,67.1694,64.15389,162.94507,NA,NA,NA,2.8e+09,6.28e+10,108.06518,167.40412,133.60694,1,"None","parabolic","box sum"
"292",292,293,40.22572,63.95864,162.89049,NA,NA,NA,2.42e+09,5.47e+10,114.18931,152.20955,146.8893,1,"None","parabolic","box sum"
"297",297,298,109.32604,60.97392,163.05399,NA,NA,NA,2.38e+09,5.12e+10,106.2123,140.98933,104.8499,1,"None","parabolic","box sum"
"301",301,302,115.22268,58.2061,162.99867,NA,NA,NA,3.11e+09,7.13e+10,152.44865,181.30922,142.72982,1,"None","parabolic","box sum"
"302",302,303,34.03256,56.60338,163.15715,NA,NA,NA,2.26e+09,5.16e+10,118.68897,179.12981,132.97827,1,"None","parabolic","box sum"
"303",303,304,16.78087,55.58437,163.14663,NA,NA,NA,2.72e+09,6.13e+10,109.90217,153.75769,156.85927,1,"None","parabolic","box sum"
"304",304,305,28.71188,54.94314,163.01301,NA,NA,NA,2.79e+09,5.98e+10,112.1178,160.68,111.73731,1,"None","parabolic","box sum"
"305",305,306,116.55587,54.25242,162.99231,NA,NA,NA,2.37e+09,5.02e+10,93.92006,115.30304,121.58075,1,"None","parabolic","box sum"
"306",306,307,151.6629,53.23962,162.98824,NA,NA,NA,2.48e+09,5.78e+10,134.25702,194.63354,140.67533,1,"None","parabolic","box sum"
"307",307,308,36.04038,52.60699,162.93871,NA,NA,NA,2.51e+09,5.66e+10,221.80012,141.69133,124.82328,1,"None","parabolic","box sum"
"308",308,309,63.67937,52.10822,162.90558,NA,NA,NA,2.64e+09,5.43e+10,93.26661,132.69246,98.78389,1,"None","parabolic","box sum"
"309",309,310,66.74229,50.72983,163.01906,NA,NA,NA,2.37e+09,4.94e+10,94.34145,154.54042,107.86481,1,"None","parabolic","box sum"
"310",310,311,158.8253,50.43365,163.17427,NA,NA,NA,2.46e+09,5.7e+10,137.42962,188.69257,143.02908,1,"None","parabolic","box sum"
"311",311,312,75.11631,46.0618,163.0499,NA,NA,NA,2.36e+09,5.08e+10,88.41274,133.18813,132.40962,1,"None","parabolic","box sum"
"312",312,313,177.45105,39.62417,163.1324,NA,NA,NA,2.26e+09,4.94e+10,103.80231,148.24229,115.37706,1,"None","parabolic","box sum"
"317",317,318,128.70862,71.13783,162.70519,NA,NA,NA,2.43e+09,5.58e+10,101.24973,160.51553,156.67261,1,"None","parabolic","box sum"
"321",321,322,134.91228,65.56358,162.64351,NA,NA,NA,2.73e+09,6.47e+10,176.1586,179.59085,134.81447,1,"None","parabolic","box sum"
"322",322,323,139.72357,64.73351,162.71803,NA,NA,NA,2.55e+09,5.75e+10,118.86546,180.44253,132.05204,1,"None","parabolic","box sum"
"323",323,324,145.56894,62.53516,162.85568,NA,NA,NA,2.69e+09,5.97e+10,121.38156,171.73541,116.61074,1,"None","parabolic","box sum"
"324",324,325,79.4538,62.12903,162.63349,NA,NA,NA,2.41e+09,5.33e+10,116.56372,149.4264,138.735,1,"None","parabolic","box sum"
"325",325,326,56.46984,60.80013,162.60276,NA,NA,NA,2.34e+09,5.4e+10,137.60367,172.67022,133.72388,1,"None","parabolic","box sum"
"326",326,327,163.13805,59.74924,162.62351,NA,NA,NA,2.49e+09,5.23e+10,99.58922,137.4149,111.76081,1,"None","parabolic","box sum"
"327",327,328,133.71831,59.75898,162.64357,NA,NA,NA,2.37e+09,5.28e+10,116.28524,180.3886,138.86379,1,"None","parabolic","box sum"
"328",328,329,125.41323,57.81925,162.71802,NA,NA,NA,2.45e+09,5.56e+10,137.83574,139.85571,155.18859,1,"None","parabolic","box sum"
"329",329,330,126.69967,56.71025,162.64795,NA,NA,NA,2.33e+09,5.28e+10,114.1661,142.80075,157.15173,1,"None","parabolic","box sum"
"330",330,331,130.49502,53.50245,162.68783,NA,NA,NA,2.62e+09,5.7e+10,89.98958,149.4118,140.78205,1,"None","parabolic","box sum"
"331",331,332,95.4597,52.95679,162.70935,NA,NA,NA,2.95e+09,6.89e+10,101.7615,186.66732,162.55049,1,"None","parabolic","box sum"
"332",332,333,129.11706,51.57318,162.85733,NA,NA,NA,2.5e+09,5.57e+10,101.10316,166.20666,122.95662,1,"None","parabolic","box sum"
"337",337,338,117.07873,45.37846,162.61219,NA,NA,NA,2.28e+09,4.89e+10,92.13315,153.84072,239.3931,1,"None","parabolic","box sum"
"341",341,342,95.30759,68.76888,162.45087,NA,NA,NA,2.28e+09,4.92e+10,171.76275,159.58048,97.74175,1,"None","parabolic","box sum"
"342",342,343,58.02429,66.91657,162.3924,NA,NA,NA,2.43e+09,5.03e+10,91.16091,125.74115,114.78838,1,"None","parabolic","box sum"
"343",343,344,72.6487,64.79821,162.39342,NA,NA,NA,2.56e+09,5.42e+10,95.40407,150.42286,108.64938,1,"None","parabolic","box sum"
"344",344,345,40.37764,63.96762,162.51082,NA,NA,NA,2.63e+09,6.18e+10,137.29344,214.99324,137.2012,1,"None","parabolic","box sum"
"345",345,346,123.76945,59.60407,162.45199,NA,NA,NA,2.3e+09,5.21e+10,103.63269,132.84725,253.82974,1,"None","parabolic","box sum"
"346",346,347,69.98554,59.56702,162.49835,NA,NA,NA,2.76e+09,6.59e+10,164.38179,214.76376,135.0579,1,"None","parabolic","box sum"
"347",347,348,143.90917,55.10065,162.3336,NA,NA,NA,2.5e+09,5.29e+10,83.86911,142.04472,118.79272,1,"None","parabolic","box sum"
"348",348,349,26.15423,53.94726,162.39506,NA,NA,NA,2.44e+09,5.29e+10,144.08201,120.99743,126.29065,1,"None","parabolic","box sum"
"349",349,350,100.28427,52.66792,162.52476,NA,NA,NA,2.63e+09,5.97e+10,136.44456,137.1969,122.82032,1,"None","parabolic","box sum"
"350",350,351,158.8934,50.1751,162.52392,NA,NA,NA,2.3e+09,4.96e+10,118.30301,149.2424,163.5125,1,"None","parabolic","box sum"
"351",351,352,142.72508,50.22075,162.36574,NA,NA,NA,2.37e+09,5.41e+10,124.49432,144.04494,135.55172,1,"None","parabolic","box sum"
"352",352,353,96.07101,48.73965,162.24153,NA,NA,NA,2.25e+09,4.9e+10,104.03942,151.76415,122.80003,1,"None","parabolic","box sum"
"357",357,358,153.29014,45.4521,162.32062,NA,NA,NA,2.29e+09,5.33e+10,138.75912,185.00465,136.05324,1,"None","parabolic","box sum"
"361",361,362,66.02717,39.13038,162.42635,NA,NA,NA,2.43e+09,5.35e+10,222.67709,173.774,102.72173,1,"None","parabolic","box sum"
"362",362,363,101.62674,72.69991,162.15881,NA,NA,NA,2.27e+09,5.02e+10,103.40551,146.52636,133.27155,1,"None","parabolic","box sum"
"363",363,364,18.58426,72.29222,162.18802,NA,NA,NA,2.44e+09,5.45e+10,104.31301,230.32137,115.30335,1,"None","parabolic","box sum"
"364",364,365,74.91733,72.00772,162.17113,NA,NA,NA,2.42e+09,5.6e+10,107.31523,237.91573,178.48314,1,"None","parabolic","box sum"
"365",365,366,29.84052,71.82242,162.05838,NA,NA,NA,2.28e+09,5.15e+10,125.46045,163.79784,123.05183,1,"None","parabolic","box sum"
"366",366,367,122.04648,70.69637,161.97815,NA,NA,NA,2.26e+09,5.08e+10,142.98886,237.62534,99.03264,1,"None","parabolic","box sum"
"367",367,368,190.2722,70.09009,162.13021,NA,NA,NA,2.46e+09,3.33e+10,17.36936,148.04374,116.01048,1,"None","parabolic","box sum"
"368",368,369,79.9923,68.77446,161.90911,NA,NA,NA,2.33e+09,5.13e+10,95.01567,168.71725,116.00908,1,"None","parabolic","box sum"
"369",369,370,121.06787,68.55808,162.00518,NA,NA,NA,2.3e+09,5.2e+10,107.98823,132.93497,146.55216,1,"None","parabolic","box sum"
"370",370,371,181.74702,65.41511,161.8901,NA,NA,NA,2.7e+09,6.07e+10,122.94435,160.53668,127.86216,1,"None","parabolic","box sum"
"371",371,372,17.43325,64.39987,162.01449,NA,NA,NA,2.44e+09,5.83e+10,185.20678,194.2693,179.89162,1,"None","parabolic","box sum"
"372",372,373,81.59023,63.50889,162.077,NA,NA,NA,2.31e+09,4.64e+10,91.63481,175.64613,85.69831,1,"None","parabolic","box sum"
"377",377,378,26.44435,58.45009,162.12147,NA,NA,NA,2.31e+09,5.28e+10,118.90638,170.48183,328.54359,1,"None","parabolic","box sum"
"381",381,382,80.49477,56.56601,162.02024,NA,NA,NA,2.35e+09,5e+10,94.50023,157.98759,101.89561,1,"None","parabolic","box sum"
"382",382,383,76.42709,55.06022,162.1237,NA,NA,NA,2.42e+09,5.35e+10,128.9268,194.52965,98.07611,1,"None","parabolic","box sum"
"383",383,384,130.51234,53.69597,162.19393,NA,NA,NA,2.43e+09,5.44e+10,87.52844,139.50837,150.61113,1,"None","parabolic","box sum"
"384",384,385,26.32042,53.74179,162.06164,NA,NA,NA,2.4e+09,5.3e+10,102.15357,130.18531,164.60107,1,"None","parabolic","box sum"
"385",385,386,42.46026,52.79106,162.10153,NA,NA,NA,2.86e+09,6.45e+10,92.20399,163.8155,284.60929,1,"None","parabolic","box sum"
"386",386,387,78.84385,52.39936,162.08638,NA,NA,NA,2.32e+09,5.1e+10,97.48779,136.1388,140.96057,1,"None","parabolic","box sum"
"387",387,388,77.3452,49.94112,162.14624,NA,NA,NA,2.53e+09,5.2e+10,129.77446,130.04261,91.60178,1,"None","parabolic","box sum"
"388",388,389,77.22463,49.79409,162.11773,NA,NA,NA,2.47e+09,5.26e+10,128.54816,141.08175,94.89927,1,"None","parabolic","box sum"
"389",389,390,136.86013,46.30535,161.9568,NA,NA,NA,2.3e+09,5.01e+10,127.15576,138.00132,111.44825,1,"None","parabolic","box sum"
"390",390,391,125.15976,44.22242,162.0376,NA,NA,NA,2.65e+09,5.43e+10,117.50665,159.20341,86.38267,1,"None","parabolic","box sum"
"391",391,392,108.31819,42.27073,162.03046,NA,NA,NA,2.67e+09,6.09e+10,99.7193,531.8296,121.24451,1,"None","parabolic","box sum"
"392",392,393,87.6649,42.15059,161.88606,NA,NA,NA,2.58e+09,5.7e+10,97.75162,136.35534,145.94141,1,"None","parabolic","box sum"
"397",397,398,105.45836,69.98951,161.6968,NA,NA,NA,2.39e+09,5.58e+10,106.78392,199.63632,153.41274,1,"None","parabolic","box sum"
"401",401,402,21.58473,66.07524,161.70388,NA,NA,NA,2.55e+09,5.83e+10,90.56975,157.9344,170.16643,1,"None","parabolic","box sum"
"402",402,403,88.91403,65.09812,161.81372,NA,NA,NA,2.96e+09,6.54e+10,142.66763,149.42525,120.5191,1,"None","parabolic","box sum"
"403",403,404,175.05096,64.12476,161.69218,NA,NA,NA,2.95e+09,6.82e+10,126.79392,170.3577,163.13176,1,"None","parabolic","box sum"
"404",404,405,39.29536,63.30996,161.65722,NA,NA,NA,2.34e+09,4.9e+10,112.33766,117.27196,100.23724,1,"None","parabolic","box sum"
"405",405,406,151.53557,62.15668,161.54962,NA,NA,NA,2.77e+09,6.19e+10,118.67004,121.23233,158.83189,1,"None","parabolic","box sum"
"406",406,407,55.62052,62.16763,161.76115,NA,NA,NA,2.5e+09,5.71e+10,110.35165,188.95522,129.6198,1,"None","parabolic","box sum"
"407",407,408,175.90901,60.98655,161.66094,NA,NA,NA,2.28e+09,5.09e+10,105.21685,125.14389,168.40639,1,"None","parabolic","box sum"
"408",408,409,27.72239,60.96789,161.66779,NA,NA,NA,2.36e+09,5.35e+10,116.28036,156.29551,135.29862,1,"None","parabolic","box sum"
"409",409,410,69.69283,59.46145,161.69882,NA,NA,NA,2.65e+09,5.91e+10,106.28436,123.42823,178.43152,1,"None","parabolic","box sum"
"410",410,411,127.11356,58.65866,161.81568,NA,NA,NA,2.87e+09,6.1e+10,102.23907,132.70289,120.84728,1,"None","parabolic","box sum"
"411",411,412,88.84083,58.61604,161.69477,NA,NA,NA,2.36e+09,4.96e+10,85.10762,173.08202,113.73336,1,"None","parabolic","box sum"
"412",412,413,92.32272,57.50093,161.63964,NA,NA,NA,2.89e+09,7.01e+10,142.09112,155.96548,180.44576,1,"None","parabolic","box sum"
"417",417,418,175.575,55.05289,161.70395,NA,NA,NA,2.25e+09,5.39e+10,138.986,205.24794,235.18395,1,"None","parabolic","box sum"
"421",421,422,39.9233,51.28692,161.75931,NA,NA,NA,2.25e+09,4.67e+10,287.61195,106.18693,93.70132,1,"None","parabolic","box sum"
"422",422,423,40.74784,51.17664,161.8458,NA,NA,NA,2.32e+09,5.23e+10,272.17337,149.55699,155.6489,1,"None","parabolic","box sum"
"423",423,424,167.75236,50.12741,161.63332,NA,NA,NA,2.32e+09,4.89e+10,133.00386,122.08807,108.21384,1,"None","parabolic","box sum"
"424",424,425,22.71089,49.52943,161.78594,NA,NA,NA,2.39e+09,5.27e+10,113.70319,155.57432,263.8896,1,"None","parabolic","box sum"
"425",425,426,146.55041,48.96989,161.68191,NA,NA,NA,2.39e+09,4.87e+10,95.44255,131.75786,95.41862,1,"None","parabolic","box sum"
"426",426,427,122.18221,47.49332,161.84469,NA,NA,NA,2.28e+09,5.12e+10,93.7112,150.23917,240.69142,1,"None","parabolic","box sum"
"427",427,428,169.20539,42.89,161.80493,NA,NA,NA,2.38e+09,5.46e+10,109.98828,152.61948,177.49157,1,"None","parabolic","box sum"
"428",428,429,154.86853,42.46643,161.72318,NA,NA,NA,2.27e+09,4.73e+10,92.05864,225.85881,86.64702,1,"None","parabolic","box sum"
"429",429,430,166.87848,39.49198,161.79359,NA,NA,NA,2.38e+09,5.16e+10,107.59738,153.61875,123.32019,1,"None","parabolic","box sum"
"430",430,431,122.30767,39.40837,161.56946,NA,NA,NA,2.29e+09,5.13e+10,111.28602,154.61051,129.28098,1,"None","parabolic","box sum"
"431",431,432,79.26239,39.13475,161.83965,NA,NA,NA,2.82e+09,6.41e+10,114.83665,156.75592,132.82128,1,"None","parabolic","box sum"
"432",432,433,151.17891,38.92423,161.53432,NA,NA,NA,2.41e+09,3.5e+10,86.12993,140.65868,154.45384,1,"None","parabolic","box sum"
"437",437,438,76.68116,71.05826,161.21039,NA,NA,NA,2.38e+09,5.08e+10,101.37431,148.16156,105.40649,1,"None","parabolic","box sum"
"441",441,442,36.5739,69.7777,161.41954,NA,NA,NA,2.43e+09,5.63e+10,146.01184,155.32132,230.21466,1,"None","parabolic","box sum"
"442",442,443,51.05106,68.6949,161.22917,NA,NA,NA,2.54e+09,5.53e+10,106.38941,141.63928,119.46462,1,"None","parabolic","box sum"
"443",443,444,181.31803,67.02543,161.26609,NA,NA,NA,2.46e+09,5.1e+10,73.73601,139.85404,144.15652,1,"None","parabolic","box sum"
"444",444,445,103.42821,64.82983,161.41792,NA,NA,NA,2.32e+09,4.68e+10,98.74951,113.17672,106.73966,1,"None","parabolic","box sum"
"445",445,446,84.70034,64.43766,161.24125,NA,NA,NA,2.42e+09,5.77e+10,150.80219,171.28062,166.57575,1,"None","parabolic","box sum"
"446",446,447,17.31404,64.47624,161.47103,NA,NA,NA,2.27e+09,5.52e+10,121.7718,186.00403,216.12965,1,"None","parabolic","box sum"
"447",447,448,158.93324,64.23998,161.3194,NA,NA,NA,2.39e+09,5.25e+10,105.11426,149.23781,129.48376,1,"None","parabolic","box sum"
"448",448,449,134.24959,63.83462,161.4855,NA,NA,NA,2.9e+09,6.73e+10,100.57185,190.56219,155.36881,1,"None","parabolic","box sum"
"449",449,450,90.34274,63.55089,161.42436,NA,NA,NA,2.36e+09,5.66e+10,128.57381,185.49803,156.98013,1,"None","parabolic","box sum"
"450",450,451,59.17091,63.43238,161.29328,NA,NA,NA,2.33e+09,5.37e+10,148.93588,317.19309,131.15125,1,"None","parabolic","box sum"
"451",451,452,154.16702,62.55276,161.23511,NA,NA,NA,2.53e+09,5.55e+10,108.81512,162.52145,125.23432,1,"None","parabolic","box sum"
"452",452,453,67.54896,62.62847,161.30492,NA,NA,NA,2.52e+09,5.9e+10,131.72871,238.36869,140.93775,1,"None","parabolic","box sum"
"457",457,458,155.19034,56.36444,161.5028,NA,NA,NA,2.63e+09,5.91e+10,129.22177,164.36583,128.20045,1,"None","parabolic","box sum"
"461",461,462,138.94419,52.62485,161.40837,NA,NA,NA,3.12e+09,6.87e+10,110.57272,190.62269,110.0729,1,"None","parabolic","box sum"
"462",462,463,173.55968,51.99225,161.51691,NA,NA,NA,2.5e+09,5.81e+10,105.43152,222.4279,145.43111,1,"None","parabolic","box sum"
"463",463,464,40.2962,50.95247,161.34615,NA,NA,NA,2.32e+09,5.33e+10,184.28339,187.90776,115.83837,1,"None","parabolic","box sum"
"464",464,465,21.52404,51.01013,161.38277,NA,NA,NA,2.33e+09,5.48e+10,114.62657,257.6052,165.55716,1,"None","parabolic","box sum"
"465",465,466,156.17046,47.7139,161.43648,NA,NA,NA,2.27e+09,5.32e+10,135.47354,171.42415,160.02327,1,"None","parabolic","box sum"
"466",466,467,50.38127,46.62668,161.32926,NA,NA,NA,2.56e+09,5.57e+10,96.80625,188.96127,105.04209,1,"None","parabolic","box sum"
"467",467,468,118.45866,46.14264,161.33207,NA,NA,NA,2.44e+09,5.39e+10,91.72886,193.13902,120.74031,1,"None","parabolic","box sum"
"468",468,469,32.71978,46.04594,161.21372,NA,NA,NA,2.34e+09,5.6e+10,116.62968,264.36311,230.96644,1,"None","parabolic","box sum"
"469",469,470,47.00646,45.35887,161.41047,NA,NA,NA,2.42e+09,5.19e+10,89.06742,151.42787,115.31736,1,"None","parabolic","box sum"
"470",470,471,50.0619,45.02274,161.44241,NA,NA,NA,2.63e+09,5.67e+10,139.23792,169.52366,110.07543,1,"None","parabolic","box sum"
"471",471,472,147.35747,44.48624,161.42929,NA,NA,NA,2.44e+09,5.63e+10,108.47862,206.94983,159.45894,1,"None","parabolic","box sum"
"472",472,473,159.27212,44.23635,161.33165,NA,NA,NA,2.41e+09,5.34e+10,174.44741,133.80522,108.58854,1,"None","parabolic","box sum"
"477",477,478,57.18855,72.40508,160.99426,NA,NA,NA,2.46e+09,5.86e+10,127.82021,212.18301,239.96531,1,"None","parabolic","box sum"
"481",481,482,59.55345,68.64808,161.08555,NA,NA,NA,2.25e+09,4.92e+10,117.76803,126.95363,137.38661,1,"None","parabolic","box sum"
"482",482,483,35.69665,68.23894,160.97312,NA,NA,NA,2.27e+09,5.02e+10,89.82957,168.08379,192.05859,1,"None","parabolic","box sum"
"483",483,484,105.12787,67.73336,160.88541,NA,NA,NA,2.45e+09,5.79e+10,127.96311,161.22219,198.59404,1,"None","parabolic","box sum"
"484",484,485,31.93346,67.3826,161.104,NA,NA,NA,2.32e+09,5.25e+10,123.64544,195.33168,125.03256,1,"None","parabolic","box sum"
"485",485,486,145.57613,64.67328,161.06147,NA,NA,NA,2.65e+09,5.77e+10,93.11455,158.29791,131.54035,1,"None","parabolic","box sum"
"486",486,487,40.54651,64.51584,161.10106,NA,NA,NA,2.57e+09,5.8e+10,146.68361,162.20133,135.21697,1,"None","parabolic","box sum"
"487",487,488,67.46263,62.81291,161.00844,NA,NA,NA,2.63e+09,6.14e+10,142.05937,167.97009,180.24964,1,"None","parabolic","box sum"
"488",488,489,57.14556,62.3334,160.96408,NA,NA,NA,2.44e+09,5.47e+10,117.12557,155.13539,134.93852,1,"None","parabolic","box sum"
"489",489,490,176.46014,61.47295,160.92945,NA,NA,NA,2.54e+09,6.04e+10,151.90512,156.20539,170.90944,1,"None","parabolic","box sum"
"490",490,491,69.56257,59.47196,161.10549,NA,NA,NA,2.55e+09,5.61e+10,101.15201,115.78536,139.17062,1,"None","parabolic","box sum"
"491",491,492,30.36252,52.01817,160.90936,NA,NA,NA,2.63e+09,5.67e+10,94.63703,137.27576,123.6547,1,"None","parabolic","box sum"
"492",492,493,62.22578,49.79235,160.97955,NA,NA,NA,2.31e+09,4.98e+10,167.22279,139.83256,101.80419,1,"None","parabolic","box sum"
"497",497,498,81.5793,45.44851,160.94497,NA,NA,NA,2.62e+09,5.7e+10,145.70404,173.74313,97.83951,1,"None","parabolic","box sum"
"501",501,502,138.57867,43.60391,160.95877,NA,NA,NA,2.43e+09,5.6e+10,114.10625,203.89652,243.80763,1,"None","parabolic","box sum"
"502",502,503,182.30369,43.34147,161.13254,NA,NA,NA,2.52e+09,5.55e+10,89.39903,195.81097,121.7171,1,"None","parabolic","box sum"
"503",503,504,153.02366,42.30664,161.04426,NA,NA,NA,2.61e+09,5.81e+10,129.714,132.2577,144.86798,1,"None","parabolic","box sum"
"504",504,505,111.10809,42.33746,161.17754,NA,NA,NA,2.73e+09,6.11e+10,116.27303,137.7126,126.27367,1,"None","parabolic","box sum"
"505",505,506,18.71226,41.48591,160.94512,NA,NA,NA,2.75e+09,5.94e+10,115.85775,133.49396,108.60682,1,"None","parabolic","box sum"
"506",506,507,148.75746,41.30532,161.00117,NA,NA,NA,2.62e+09,6.07e+10,112.1062,169.16233,153.08065,1,"None","parabolic","box sum"
"507",507,508,25.54778,40.79682,160.87099,NA,NA,NA,2.4e+09,4.9e+10,89.24818,185.95511,95.36798,1,"None","parabolic","box sum"
"508",508,509,150.64617,71.3783,160.81373,NA,NA,NA,3.09e+09,7e+10,159.42777,175.54153,106.47263,1,"None","parabolic","box sum"
"509",509,510,60.03048,70.75401,160.55576,NA,NA,NA,2.55e+09,5.76e+10,162.36892,133.57819,161.38415,1,"None","parabolic","box sum"
"510",510,511,151.78232,67.9678,160.66176,NA,NA,NA,2.27e+09,4.79e+10,78.27262,132.15892,143.377,1,"None","parabolic","box sum"
"511",511,512,185.9166,66.19723,160.83029,NA,NA,NA,2.34e+09,5.42e+10,116.5593,170.59751,159.89602,1,"None","parabolic","box sum"
"512",512,513,73.14019,66.04402,160.71885,NA,NA,NA,2.29e+09,4.93e+10,106.25016,152.1527,102.31962,1,"None","parabolic","box sum"
"517",517,518,82.11,62.55422,160.7033,NA,NA,NA,2.52e+09,5.39e+10,131.93879,125.8513,99.27437,1,"None","parabolic","box sum"
"521",521,522,76.79411,54.46981,160.54051,NA,NA,NA,2.27e+09,4.94e+10,131.54794,154.81955,109.73716,1,"None","parabolic","box sum"
"522",522,523,157.76662,54.09805,160.77766,NA,NA,NA,2.59e+09,5.89e+10,115.14506,160.29948,144.67733,1,"None","parabolic","box sum"
"523",523,524,174.33965,52.51647,160.65268,NA,NA,NA,2.81e+09,6.18e+10,99.37426,173.55329,139.28014,1,"None","parabolic","box sum"
"524",524,525,79.46929,50.69864,160.6665,NA,NA,NA,2.34e+09,5.29e+10,126.0223,156.82936,138.38293,1,"None","parabolic","box sum"
"525",525,526,82.27771,47.55954,160.65334,NA,NA,NA,2.44e+09,5.27e+10,83.4636,155.44999,133.30542,1,"None","parabolic","box sum"
"526",526,527,159.79715,47.42411,160.63495,NA,NA,NA,2.5e+09,5.34e+10,114.66566,156.09586,102.82643,1,"None","parabolic","box sum"
"527",527,528,190.2722,46.15422,160.67363,NA,NA,NA,2.6e+09,4.13e+10,39.25898,162.13113,185.33218,1,"None","parabolic","box sum"
"528",528,529,158.41417,45.81599,160.66236,NA,NA,NA,2.27e+09,4.89e+10,107.93937,129.2724,127.77125,1,"None","parabolic","box sum"
"529",529,530,65.54759,45.37381,160.80415,NA,NA,NA,2.31e+09,4.67e+10,96.9406,155.70742,90.64405,1,"None","parabolic","box sum"
"530",530,531,81.39919,45.1284,160.77158,NA,NA,NA,2.29e+09,5.19e+10,133.59013,257.17086,107.23215,1,"None","parabolic","box sum"
"531",531,532,95.80059,43.77423,160.72362,NA,NA,NA,2.45e+09,5.84e+10,128.36495,174.91388,189.46406,1,"None","parabolic","box sum"
"532",532,533,154.84459,41.75402,160.74833,NA,NA,NA,2.58e+09,5.51e+10,94.04648,122.20657,125.91822,1,"None","parabolic","box sum"
"537",537,538,186.98606,72.66119,160.20414,NA,NA,NA,2.6e+09,5.77e+10,95.27663,148.64033,148.88267,1,"None","parabolic","box sum"
"541",541,542,153.4845,67.77442,160.27175,NA,NA,NA,2.41e+09,5.4e+10,156.80968,164.68136,99.81412,1,"None","parabolic","box sum"
"542",542,543,112.94191,67.08457,160.45507,NA,NA,NA,2.29e+09,4.92e+10,115.6953,148.98831,105.88263,1,"None","parabolic","box sum"
"543",543,544,147.07232,66.85091,160.26885,NA,NA,NA,2.4e+09,5.43e+10,115.83576,162.94672,131.30915,1,"None","parabolic","box sum"
"544",544,545,180.06847,65.97887,160.38512,NA,NA,NA,2.99e+09,6.48e+10,149.06642,144.01573,106.48869,1,"None","parabolic","box sum"
"545",545,546,55.40194,65.82096,160.28574,NA,NA,NA,2.38e+09,5.21e+10,212.57361,135.09238,108.68464,1,"None","parabolic","box sum"
"546",546,547,148.06026,65.03344,160.20159,NA,NA,NA,2.28e+09,4.98e+10,134.96849,137.32342,136.9638,1,"None","parabolic","box sum"
"547",547,548,42.23629,64.41243,160.44569,NA,NA,NA,2.25e+09,5.13e+10,105.49045,147.05235,154.03273,1,"None","parabolic","box sum"
"548",548,549,108.41646,63.06262,160.38956,NA,NA,NA,2.85e+09,6.56e+10,112.483,225.95644,127.68468,1,"None","parabolic","box sum"
"549",549,550,54.17383,62.71034,160.48317,NA,NA,NA,2.32e+09,5.31e+10,107.96258,265.20029,117.62653,1,"None","parabolic","box sum"
"550",550,551,48.22721,60.01314,160.47724,NA,NA,NA,2.26e+09,4.96e+10,103.17955,188.0711,115.02206,1,"None","parabolic","box sum"
"551",551,552,50.52482,59.00423,160.27979,NA,NA,NA,2.51e+09,5.55e+10,195.75729,143.95398,115.81976,1,"None","parabolic","box sum"
"552",552,553,96.86391,58.89784,160.39313,NA,NA,NA,2.85e+09,6.48e+10,132.0365,157.35945,131.81932,1,"None","parabolic","box sum"
"557",557,558,109.91695,53.45666,160.47914,NA,NA,NA,2.26e+09,4.7e+10,132.15986,98.7218,120.43062,1,"None","parabolic","box sum"
"561",561,562,172.14285,52.15943,160.40654,NA,NA,NA,2.28e+09,4.83e+10,112.23017,124.94278,130.45825,1,"None","parabolic","box sum"
"562",562,563,24.72288,48.79935,160.25377,NA,NA,NA,2.37e+09,5.45e+10,174.46817,180.14014,117.07302,1,"None","parabolic","box sum"
"563",563,564,121.44753,48.29229,160.30435,NA,NA,NA,2.59e+09,5.81e+10,119.70762,152.94659,127.3293,1,"None","parabolic","box sum"
"564",564,565,119.92226,46.81218,160.33518,NA,NA,NA,2.38e+09,5.09e+10,141.99585,152.8452,96.98716,1,"None","parabolic","box sum"
"565",565,566,182.13159,45.39667,160.28535,NA,NA,NA,2.27e+09,5.09e+10,122.70877,202.28392,120.71942,1,"None","parabolic","box sum"
"566",566,567,169.46132,44.59553,160.19017,NA,NA,NA,2.49e+09,5.36e+10,103.98934,154.44905,106.87958,1,"None","parabolic","box sum"
"567",567,568,180.43247,43.30163,160.26108,NA,NA,NA,2.44e+09,5.32e+10,81.01514,175.97908,148.92914,1,"None","parabolic","box sum"
"568",568,569,133.62363,42.98733,160.40515,NA,NA,NA,2.31e+09,5e+10,113.48334,175.84264,123.01352,1,"None","parabolic","box sum"
"569",569,570,146.39707,41.58262,160.45174,NA,NA,NA,2.28e+09,5.02e+10,99.79503,245.54592,114.56782,1,"None","parabolic","box sum"
"570",570,571,18.83979,40.53436,160.21537,NA,NA,NA,2.31e+09,5.15e+10,97.50001,307.44654,118.26763,1,"None","parabolic","box sum"
"571",571,572,97.06348,39.67735,160.45167,NA,NA,NA,2.59e+09,5.64e+10,111.37519,146.10606,115.47961,1,"None","parabolic","box sum"
"572",572,573,87.71106,73.00049,160.14871,NA,NA,NA,2.27e+09,5.47e+10,148.6574,169.40018,187.41503,1,"None","parabolic","box sum"
"577",577,578,40.46773,69.28524,159.90521,NA,NA,NA,2.45e+09,5.61e+10,101.44515,162.97874,221.8213,1,"None","parabolic","box sum"
"581",581,582,74.87456,63.76742,160.10052,NA,NA,NA,2.84e+09,6.31e+10,105.36587,153.24262,136.15473,1,"None","parabolic","box sum"
"582",582,583,121.39978,62.03435,160.1251,NA,NA,NA,2.61e+09,5.41e+10,110.96724,145.19712,93.03325,1,"None","parabolic","box sum"
"583",583,584,30.69642,62.0576,159.89913,NA,NA,NA,2.34e+09,5.25e+10,132.18307,180.7445,102.32873,1,"None","parabolic","box sum"
"584",584,585,127.98642,60.42191,160.07514,NA,NA,NA,2.51e+09,5.47e+10,102.17067,169.45648,112.5509,1,"None","parabolic","box sum"
"585",585,586,52.0149,59.99212,160.01747,NA,NA,NA,2.82e+09,6.53e+10,116.9448,148.46843,177.66055,1,"None","parabolic","box sum"
"586",586,587,50.34268,59.15812,159.9702,NA,NA,NA,2.56e+09,5.69e+10,171.60764,126.29962,106.73475,1,"None","parabolic","box sum"
"587",587,588,131.03576,57.21642,160.11566,NA,NA,NA,2.26e+09,5.29e+10,226.01519,368.26047,141.06068,1,"None","parabolic","box sum"
"588",588,589,131.07488,56.25248,159.9452,NA,NA,NA,2.44e+09,5.41e+10,124.37462,373.78129,108.88992,1,"None","parabolic","box sum"
"589",589,590,45.29195,55.8316,160.01582,NA,NA,NA,2.31e+09,4.61e+10,102.08761,123.76326,88.58211,1,"None","parabolic","box sum"
"590",590,591,181.33467,55.62149,159.889,NA,NA,NA,2.29e+09,4.95e+10,99.05394,184.67128,98.21606,1,"None","parabolic","box sum"
"591",591,592,55.17899,55.64611,159.92588,NA,NA,NA,2.56e+09,5.37e+10,96.39341,119.63058,192.76325,1,"None","parabolic","box sum"
"592",592,593,84.42074,53.54933,160.11131,NA,NA,NA,2.43e+09,5.07e+10,101.77249,160.81643,90.84487,1,"None","parabolic","box sum"
"597",597,598,170.37653,47.65078,160.07498,NA,NA,NA,2.85e+09,6.15e+10,114.89681,188.59661,95.43015,1,"None","parabolic","box sum"
"601",601,602,88.75765,45.23164,159.91008,NA,NA,NA,2.46e+09,5.75e+10,130.58547,188.98797,132.11816,1,"None","parabolic","box sum"
"602",602,603,26.4065,44.75361,160.06563,NA,NA,NA,2.69e+09,5.94e+10,100.90285,134.50366,132.30438,1,"None","parabolic","box sum"
"603",603,604,152.61285,43.60084,159.98624,NA,NA,NA,2.45e+09,5.63e+10,100.56146,172.72174,177.03168,1,"None","parabolic","box sum"
"604",604,605,91.86614,42.34487,160.17741,NA,NA,NA,2.28e+09,4.85e+10,92.12704,125.48226,147.2491,1,"None","parabolic","box sum"
"605",605,606,88.76546,41.75381,159.89306,NA,NA,NA,2.35e+09,5.12e+10,106.91095,171.18132,112.37694,1,"None","parabolic","box sum"
"606",606,607,168.65116,41.07583,160.00136,NA,NA,NA,2.59e+09,5.78e+10,109.99133,157.42433,124.71487,1,"None","parabolic","box sum"
"607",607,608,42.4573,40.98107,159.93895,NA,NA,NA,2.47e+09,5.29e+10,98.5553,165.45773,106.11714,1,"None","parabolic","box sum"
"608",608,609,107.3912,40.01712,159.96342,NA,NA,NA,2.39e+09,4.88e+10,102.43815,127.27344,96.15332,1,"None","parabolic","box sum"
"609",609,610,188.63895,72.73673,159.57648,NA,NA,NA,2.27e+09,5.35e+10,142.1033,164.61035,152.03082,1,"None","parabolic","box sum"
"610",610,611,113.36663,72.6464,159.72784,NA,NA,NA,2.26e+09,5.14e+10,176.6154,149.76247,131.79264,1,"None","parabolic","box sum"
"611",611,612,135.65784,72.32937,159.69783,NA,NA,NA,2.43e+09,5.04e+10,112.97767,160.21935,90.89692,1,"None","parabolic","box sum"
"612",612,613,19.08001,72.22039,159.66864,NA,NA,NA,2.59e+09,5.86e+10,178.11773,161.724,125.8269,1,"None","parabolic","box sum"
"617",617,618,88.29264,67.29219,159.77173,NA,NA,NA,2.31e+09,5.17e+10,93.36555,155.78909,159.60179,1,"None","parabolic","box sum"
"621",621,622,75.9249,60.24066,159.78654,NA,NA,NA,2.42e+09,5.6e+10,154.54458,173.97031,144.00791,1,"None","parabolic","box sum"
"622",622,623,165.4948,59.31386,159.69018,NA,NA,NA,2.46e+09,5.46e+10,100.26802,139.65878,138.15408,1,"None","parabolic","box sum"
"623",623,624,56.64153,58.56863,159.54058,NA,NA,NA,2.43e+09,5.32e+10,103.48734,139.99423,126.08193,1,"None","parabolic","box sum"
"624",624,625,136.53611,58.51009,159.74418,NA,NA,NA,2.29e+09,5.24e+10,122.44235,190.9546,125.76353,1,"None","parabolic","box sum"
"625",625,626,70.64454,58.32267,159.64494,NA,NA,NA,2.39e+09,5.11e+10,119.81755,120.21199,123.39845,1,"None","parabolic","box sum"
"626",626,627,165.69506,57.02133,159.82126,NA,NA,NA,2.45e+09,5.58e+10,141.43309,145.93083,136.46158,1,"None","parabolic","box sum"
"627",627,628,57.9851,54.40455,159.64079,NA,NA,NA,2.41e+09,5.6e+10,129.41781,145.71095,154.641,1,"None","parabolic","box sum"
"628",628,629,87.09267,51.86877,159.66508,NA,NA,NA,2.28e+09,5e+10,107.76227,164.99126,121.6455,1,"None","parabolic","box sum"
"629",629,630,113.25219,51.50736,159.77874,NA,NA,NA,2.4e+09,5.51e+10,105.82878,168.79767,163.44385,1,"None","parabolic","box sum"
"630",630,631,117.08164,51.43453,159.68475,NA,NA,NA,2.32e+09,4.99e+10,136.47143,130.23037,118.65524,1,"None","parabolic","box sum"
"631",631,632,128.81819,51.25908,159.6691,NA,NA,NA,2.35e+09,5.09e+10,87.024,196.28495,124.01063,1,"None","parabolic","box sum"
"632",632,633,18.6039,51.03156,159.63746,NA,NA,NA,2.43e+09,5.4e+10,179.43197,150.24626,113.98245,1,"None","parabolic","box sum"
"637",637,638,111.9883,44.39918,159.62818,NA,NA,NA,2.29e+09,5.16e+10,143.20993,165.62504,110.45156,1,"None","parabolic","box sum"
"641",641,642,163.6499,73.00048,159.39453,NA,NA,NA,2.43e+09,5.64e+10,102.14685,192.43987,184.51143,1,"None","parabolic","box sum"
"642",642,643,50.88852,72.16542,159.42936,NA,NA,NA,2.72e+09,5.94e+10,114.66566,163.37197,120.10022,1,"None","parabolic","box sum"
"643",643,644,115.51431,70.91722,159.28628,NA,NA,NA,2.45e+09,5.21e+10,168.97795,117.41846,113.57945,1,"None","parabolic","box sum"
"644",644,645,110.79656,70.76985,159.48016,NA,NA,NA,2.26e+09,4.94e+10,112.51354,150.82919,128.17164,1,"None","parabolic","box sum"
"645",645,646,71.80321,70.35238,159.29973,NA,NA,NA,2.58e+09,5.98e+10,125.61435,159.12534,190.51395,1,"None","parabolic","box sum"
"646",646,647,112.65725,70.11388,159.32357,NA,NA,NA,2.26e+09,4.86e+10,94.82879,230.10159,263.65543,1,"None","parabolic","box sum"
"647",647,648,150.36679,69.46541,159.27051,NA,NA,NA,2.27e+09,5.18e+10,137.62688,179.28486,133.78258,1,"None","parabolic","box sum"
"648",648,649,75.14583,69.09169,159.37874,NA,NA,NA,2.91e+09,6.69e+10,110.39073,186.54121,142.35462,1,"None","parabolic","box sum"
"649",649,650,184.59241,67.91622,159.26295,NA,NA,NA,2.42e+09,5.47e+10,101.95539,172.92567,326.51889,1,"None","parabolic","box sum"
"650",650,651,42.94982,67.0147,159.37142,NA,NA,NA,2.35e+09,5.4e+10,109.15711,239.85091,147.77494,1,"None","parabolic","box sum"
"651",651,652,139.00824,66.90117,159.39131,NA,NA,NA,2.83e+09,5.71e+10,112.46102,167.43895,81.14082,1,"None","parabolic","box sum"
"652",652,653,159.69885,66.00474,159.40742,NA,NA,NA,2.92e+09,6.22e+10,106.74789,142.39249,103.97518,1,"None","parabolic","box sum"
"657",657,658,119.73807,52.89901,159.27174,NA,NA,NA,2.35e+09,5.03e+10,143.58612,141.31874,89.19529,1,"None","parabolic","box sum"
"661",661,662,80.21923,49.41619,159.18867,NA,NA,NA,2.29e+09,4.66e+10,107.74761,144.87898,90.42805,1,"None","parabolic","box sum"
"662",662,663,122.20059,49.19695,159.29474,NA,NA,NA,2.47e+09,5.52e+10,121.40294,157.98342,173.04833,1,"None","parabolic","box sum"
"663",663,664,126.50085,48.44431,159.38175,NA,NA,NA,2.76e+09,6.15e+10,105.1167,165.02255,138.02031,1,"None","parabolic","box sum"
"664",664,665,66.138,48.47679,159.26546,NA,NA,NA,2.68e+09,5.94e+10,132.97699,134.79072,132.03563,1,"None","parabolic","box sum"
"665",665,666,178.45989,46.57628,159.23298,NA,NA,NA,2.42e+09,5.47e+10,144.30431,203.05204,124.65797,1,"None","parabolic","box sum"
"666",666,667,36.16544,45.43055,159.33052,NA,NA,NA,2.48e+09,5.77e+10,147.1966,136.03657,239.13376,1,"None","parabolic","box sum"
"667",667,668,42.89793,45.25671,159.18525,NA,NA,NA,2.41e+09,5.78e+10,114.53863,184.52775,210.97706,1,"None","parabolic","box sum"
"668",668,669,157.44349,44.79814,159.3467,NA,NA,NA,2.42e+09,5.68e+10,108.66855,176.83232,191.31326,1,"None","parabolic","box sum"
"669",669,670,22.56682,43.69151,159.17888,NA,NA,NA,2.81e+09,6.11e+10,107.17599,130.05137,157.94702,1,"None","parabolic","box sum"
"670",670,671,102.44034,43.15148,159.43869,NA,NA,NA,2.45e+09,5.53e+10,162.10509,145.9567,215.41569,1,"None","parabolic","box sum"
"671",671,672,122.73671,41.22879,159.30109,NA,NA,NA,2.26e+09,4.85e+10,110.7767,163.24055,101.15218,1,"None","parabolic","box sum"
"672",672,673,93.7983,40.39908,159.22162,NA,NA,NA,2.62e+09,5.77e+10,115.56339,143.63855,117.78109,1,"None","parabolic","box sum"
"677",677,678,119.46293,70.09104,159.0977,NA,NA,NA,2.31e+09,4.83e+10,91.09984,132.93476,112.88851,1,"None","parabolic","box sum"
"681",681,682,155.75725,61.73907,158.97627,NA,NA,NA,2.3e+09,5.12e+10,113.82289,176.56696,113.08185,1,"None","parabolic","box sum"
"682",682,683,54.06031,59.59852,158.94439,NA,NA,NA,2.68e+09,5.67e+10,135.09246,132.16174,105.01153,1,"None","parabolic","box sum"
"683",683,684,178.03559,59.01219,159.00133,NA,NA,NA,2.41e+09,5.21e+10,116.75961,128.9382,113.80976,1,"None","parabolic","box sum"
"684",684,685,64.66993,59.06699,158.99813,NA,NA,NA,2.59e+09,5.46e+10,102.91084,134.65491,106.91416,1,"None","parabolic","box sum"
"685",685,686,138.93934,57.59753,159.066,NA,NA,NA,2.38e+09,5.35e+10,104.08339,202.65985,200.2993,1,"None","parabolic","box sum"
"686",686,687,151.65088,55.39426,158.87077,NA,NA,NA,2.25e+09,5.05e+10,112.30773,155.7312,130.32993,1,"None","parabolic","box sum"
"687",687,688,139.52009,55.12689,159.02198,NA,NA,NA,2.34e+09,5.32e+10,114.29068,187.5239,129.90096,1,"None","parabolic","box sum"
"688",688,689,83.87633,52.65722,159.06831,NA,NA,NA,2.38e+09,5.26e+10,178.02979,139.10365,108.03574,1,"None","parabolic","box sum"
"689",689,690,54.88732,51.56864,158.99463,NA,NA,NA,2.31e+09,5.38e+10,241.64065,182.43784,149.25815,1,"None","parabolic","box sum"
"690",690,691,18.97136,50.33488,158.97064,NA,NA,NA,2.33e+09,5.27e+10,113.99633,173.87456,124.27479,1,"None","parabolic","box sum"
"691",691,692,188.15243,50.19977,159.13527,NA,NA,NA,2.51e+09,5.83e+10,95.97588,163.63108,180.07515,1,"None","parabolic","box sum"
"692",692,693,127.3794,50.10932,158.97894,NA,NA,NA,2.38e+09,5.64e+10,171.85924,167.64861,149.17022,1,"None","parabolic","box sum"
"697",697,698,25.9452,45.55441,158.8979,NA,NA,NA,2.31e+09,5.03e+10,94.85444,174.30681,107.89894,1,"None","parabolic","box sum"
"701",701,702,186.56482,69.60828,158.57097,NA,NA,NA,2.44e+09,5.02e+10,106.9485,138.92075,94.65389,1,"None","parabolic","box sum"
"702",702,703,18.40825,68.30489,158.69448,NA,NA,NA,2.44e+09,5.34e+10,127.47333,164.47692,116.5187,1,"None","parabolic","box sum"
"703",703,704,115.84823,67.35517,158.55281,NA,NA,NA,2.28e+09,5.22e+10,144.83196,355.96056,244.99528,1,"None","parabolic","box sum"
"704",704,705,115.62661,66.96794,158.65314,NA,NA,NA,2.43e+09,5.64e+10,106.90362,232.66543,171.73207,1,"None","parabolic","box sum"
"705",705,706,83.79904,66.9585,158.79691,NA,NA,NA,2.3e+09,5.42e+10,137.34474,173.83648,172.51083,1,"None","parabolic","box sum"
"706",706,707,96.77135,66.60091,158.52314,NA,NA,NA,2.63e+09,5.93e+10,121.20018,159.77377,133.35283,1,"None","parabolic","box sum"
"707",707,708,54.50342,66.1239,158.75221,NA,NA,NA,2.31e+09,5.03e+10,101.32545,155.46855,119.66135,1,"None","parabolic","box sum"
"708",708,709,190.02046,65.99731,158.60385,NA,NA,NA,2.66e+09,5.4e+10,90.04217,144.67204,89.75271,1,"None","parabolic","box sum"
"709",709,710,189.08398,65.11463,158.61431,NA,NA,NA,2.7e+09,6.14e+10,106.2136,136.9404,174.04103,1,"None","parabolic","box sum"
"710",710,711,183.78709,64.41123,158.71303,NA,NA,NA,2.62e+09,5.28e+10,123.55727,101.34035,119.14419,1,"None","parabolic","box sum"
"711",711,712,58.67155,64.35387,158.77808,NA,NA,NA,2.59e+09,5.52e+10,121.0414,135.64396,109.54153,1,"None","parabolic","box sum"
"712",712,713,106.02571,63.27535,158.72127,NA,NA,NA,2.35e+09,5.09e+10,90.09095,136.41167,164.32729,1,"None","parabolic","box sum"
"717",717,718,41.41987,55.91279,158.68141,NA,NA,NA,2.79e+09,6.37e+10,111.84665,142.59171,181.07902,1,"None","parabolic","box sum"
"721",721,722,64.37589,47.18403,158.59962,NA,NA,NA,2.8e+09,5.97e+10,199.74396,125.44096,105.76615,1,"None","parabolic","box sum"
"722",722,723,67.32095,46.41729,158.81574,NA,NA,NA,2.85e+09,6.37e+10,118.73294,132.40415,139.65732,1,"None","parabolic","box sum"
"723",723,724,180.22045,41.00594,158.7033,NA,NA,NA,2.28e+09,5.26e+10,95.86332,209.01513,194.54999,1,"None","parabolic","box sum"
"724",724,725,158.00805,39.55731,158.50782,NA,NA,NA,2.36e+09,5.54e+10,167.18981,203.29154,151.62162,1,"None","parabolic","box sum"
"725",725,726,131.43426,73.02975,158.34002,NA,NA,NA,2.49e+09,5.94e+10,116.31578,327.22443,178.18034,1,"None","parabolic","box sum"
"726",726,727,171.83769,72.87668,158.48172,NA,NA,NA,2.62e+09,5.87e+10,101.65035,139.49672,153.24011,1,"None","parabolic","box sum"
"727",727,728,77.2887,72.52432,158.258,NA,NA,NA,2.32e+09,4.96e+10,105.16311,112.94452,134.38209,1,"None","parabolic","box sum"
"728",728,729,151.55266,66.71483,158.24167,NA,NA,NA,2.28e+09,5.35e+10,129.42941,203.02805,140.33736,1,"None","parabolic","box sum"
"729",729,730,53.19171,65.18348,158.41212,NA,NA,NA,2.35e+09,5.01e+10,114.30412,134.43753,116.96467,1,"None","parabolic","box sum"
"730",730,731,75.58229,64.43073,158.29917,NA,NA,NA,2.45e+09,5.63e+10,115.12002,163.97905,135.78185,1,"None","parabolic","box sum"
"731",731,732,189.9092,63.66472,158.26685,NA,NA,NA,2.95e+09,6.4e+10,115.83328,129.15662,118.22497,1,"None","parabolic","box sum"
"732",732,733,92.81777,62.0257,158.29072,NA,NA,NA,2.5e+09,5.55e+10,115.21651,141.21318,131.43007,1,"None","parabolic","box sum"
"737",737,738,72.61221,59.27006,158.3206,NA,NA,NA,2.34e+09,5.06e+10,130.72227,134.56708,105.9586,1,"None","parabolic","box sum"
"741",741,742,48.51348,56.04052,158.40605,NA,NA,NA,2.64e+09,5.49e+10,128.08647,151.56409,90.43755,1,"None","parabolic","box sum"
"742",742,743,17.15938,55.85352,158.33261,NA,NA,NA,2.28e+09,5.09e+10,110.75716,137.75641,132.81064,1,"None","parabolic","box sum"
"743",743,744,174.07646,55.77927,158.2208,NA,NA,NA,2.35e+09,5.03e+10,79.32456,156.99479,124.20516,1,"None","parabolic","box sum"
"744",744,745,59.35423,55.24084,158.20883,NA,NA,NA,2.29e+09,5e+10,116.75426,254.79096,107.25974,1,"None","parabolic","box sum"
"745",745,746,88.81888,55.01229,158.25958,NA,NA,NA,2.45e+09,5.11e+10,101.16301,130.86331,118.42702,1,"None","parabolic","box sum"
"746",746,747,48.59238,52.383,158.22103,NA,NA,NA,2.64e+09,5.75e+10,95.64836,125.00036,138.08435,1,"None","parabolic","box sum"
"747",747,748,152.66676,49.52673,158.23964,NA,NA,NA,2.56e+09,5.55e+10,118.41721,149.23489,96.2546,1,"None","parabolic","box sum"
"748",748,749,83.38049,49.03382,158.43352,NA,NA,NA,2.92e+09,6.79e+10,124.98166,202.92521,131.62523,1,"None","parabolic","box sum"
"749",749,750,94.3608,45.55974,158.43782,NA,NA,NA,2.26e+09,4.9e+10,102.40396,150.99061,119.81124,1,"None","parabolic","box sum"
"750",750,751,124.30449,44.43032,158.26594,NA,NA,NA,2.49e+09,5.49e+10,95.0633,176.69463,124.32194,1,"None","parabolic","box sum"
"751",751,752,95.20632,43.79409,158.32893,NA,NA,NA,2.45e+09,5.18e+10,117.85841,147.34817,102.76353,1,"None","parabolic","box sum"
"752",752,753,16.75434,43.79404,158.40977,NA,NA,NA,2.25e+09,4.83e+10,108.42915,134.17196,108.24732,1,"None","parabolic","box sum"
"757",757,758,114.19084,70.7566,158.07931,NA,NA,NA,2.48e+09,5.49e+10,96.7464,217.08044,133.30104,1,"None","parabolic","box sum"
"761",761,762,20.17527,65.41066,157.8457,NA,NA,NA,2.78e+09,6.59e+10,152.47064,266.29969,187.81675,1,"None","parabolic","box sum"
"762",762,763,89.20347,60.07826,157.86246,NA,NA,NA,2.27e+09,5.2e+10,168.04235,136.52495,134.96439,1,"None","parabolic","box sum"
"763",763,764,72.76463,59.32324,157.85381,NA,NA,NA,2.32e+09,5.12e+10,123.5746,125.71236,129.15688,1,"None","parabolic","box sum"
"764",764,765,142.18956,58.94448,157.85936,NA,NA,NA,3.35e+09,7.04e+10,102.9316,117.29261,114.02193,1,"None","parabolic","box sum"
"765",765,766,80.94411,56.9972,157.85364,NA,NA,NA,2.35e+09,4.99e+10,111.08449,145.74286,104.38109,1,"None","parabolic","box sum"
"766",766,767,126.61517,54.363,157.89126,NA,NA,NA,2.49e+09,4.89e+10,94.73352,154.54417,80.63733,1,"None","parabolic","box sum"
"767",767,768,83.67942,51.69638,158.09434,NA,NA,NA,2.4e+09,5.04e+10,127.61012,134.76986,101.91749,1,"None","parabolic","box sum"
"768",768,769,109.2435,51.01872,157.93154,NA,NA,NA,2.27e+09,5.37e+10,125.96123,205.6514,150.35886,1,"None","parabolic","box sum"
"769",769,770,168.81466,48.53552,158.07715,NA,NA,NA,2.38e+09,5.24e+10,102.51938,134.19074,162.00069,1,"None","parabolic","box sum"
"770",770,771,182.48121,48.4347,157.99358,NA,NA,NA,2.83e+09,6.2e+10,211.38671,163.44875,102.15375,1,"None","parabolic","box sum"
"771",771,772,38.40151,47.81334,158.13591,NA,NA,NA,2.96e+09,6.71e+10,106.43093,157.73934,148.87242,1,"None","parabolic","box sum"
"772",772,773,154.06123,47.46725,158.03914,NA,NA,NA,2.41e+09,5.07e+10,316.23928,131.11198,100.67278,1,"None","parabolic","box sum"
"777",777,778,48.8827,41.19909,158.03359,NA,NA,NA,2.31e+09,5.34e+10,108.03342,349.46728,147.04995,1,"None","parabolic","box sum"
"781",781,782,172.20148,71.29314,157.63157,NA,NA,NA,2.3e+09,5.16e+10,122.46525,154.48675,116.60913,1,"None","parabolic","box sum"
"782",782,783,76.6661,71.26905,157.6776,NA,NA,NA,2.31e+09,5.06e+10,108.71741,135.91281,118.89593,1,"None","parabolic","box sum"
"783",783,784,25.23438,71.27111,157.74904,NA,NA,NA,2.35e+09,5.18e+10,122.89549,138.3772,163.43091,1,"None","parabolic","box sum"
"784",784,785,181.69219,70.9803,157.68705,NA,NA,NA,2.59e+09,5.73e+10,102.48151,128.96647,150.50218,1,"None","parabolic","box sum"
"785",785,786,137.40973,70.40479,157.61548,NA,NA,NA,2.33e+09,4.73e+10,98.67622,126.51668,103.46694,1,"None","parabolic","box sum"
"786",786,787,106.95115,69.10434,157.70676,NA,NA,NA,2.43e+09,5.2e+10,94.13015,117.44595,152.28799,1,"None","parabolic","box sum"
"787",787,788,62.47073,67.44395,157.75806,NA,NA,NA,2.43e+09,5.05e+10,91.84734,148.6734,95.87252,1,"None","parabolic","box sum"
"788",788,789,142.15561,66.49174,157.79204,NA,NA,NA,2.43e+09,5.34e+10,89.43078,172.94955,138.16326,1,"None","parabolic","box sum"
"789",789,790,85.16305,65.84228,157.77619,NA,NA,NA,2.35e+09,5.25e+10,101.34011,157.5712,147.71935,1,"None","parabolic","box sum"
"790",790,791,19.85937,65.64023,157.50079,NA,NA,NA,2.55e+09,5.95e+10,182.3267,178.82179,129.3463,1,"None","parabolic","box sum"
"791",791,792,118.96539,63.68097,157.68218,NA,NA,NA,2.93e+09,6.6e+10,200.70887,164.47598,126.11838,1,"None","parabolic","box sum"
"792",792,793,190.15046,63.51135,157.65515,NA,NA,NA,2.28e+09,5.45e+10,96.27403,159.83593,171.24135,1,"None","parabolic","box sum"
"797",797,798,95.52785,57.00309,157.5667,NA,NA,NA,2.34e+09,4.92e+10,96.74029,153.2566,131.22583,1,"None","parabolic","box sum"
"801",801,802,43.52091,53.92643,157.58825,NA,NA,NA,2.42e+09,5.38e+10,114.32611,200.4481,125.98737,1,"None","parabolic","box sum"
"802",802,803,56.26468,53.09394,157.67612,NA,NA,NA,2.27e+09,4.66e+10,122.09181,124.488,95.26216,1,"None","parabolic","box sum"
"803",803,804,56.11749,50.09924,157.65761,NA,NA,NA,2.37e+09,5.21e+10,98.17667,137.1268,141.19696,1,"None","parabolic","box sum"
"804",804,805,181.84131,49.42787,157.72463,NA,NA,NA,2.47e+09,5.32e+10,98.41713,296.47249,101.87295,1,"None","parabolic","box sum"
"805",805,806,29.41938,48.39625,157.53923,NA,NA,NA,2.34e+09,5.12e+10,104.11515,180.08965,129.72458,1,"None","parabolic","box sum"
"806",806,807,178.65615,47.55929,157.59988,NA,NA,NA,2.35e+09,5.2e+10,110.6086,130.23078,177.2399,1,"None","parabolic","box sum"
"807",807,808,140.35743,46.98406,157.55835,NA,NA,NA,3.04e+09,6.37e+10,139.70205,123.30097,96.1856,1,"None","parabolic","box sum"
"808",808,809,39.39347,46.89608,157.66368,NA,NA,NA,2.58e+09,5.57e+10,95.59217,214.64819,107.59498,1,"None","parabolic","box sum"
"809",809,810,71.8965,46.49955,157.72385,NA,NA,NA,2.41e+09,5.37e+10,95.62393,203.79388,126.62636,1,"None","parabolic","box sum"
"810",810,811,47.93785,46.57314,157.62745,NA,NA,NA,2.35e+09,5.06e+10,97.16779,129.50355,132.76844,1,"None","parabolic","box sum"
"811",811,812,50.52147,46.13862,157.58382,NA,NA,NA,2.26e+09,5.09e+10,156.87503,151.34442,136.26704,1,"None","parabolic","box sum"
"812",812,813,122.16534,45.97568,157.69507,NA,NA,NA,2.32e+09,5.15e+10,193.76517,121.42509,149.22128,1,"None","parabolic","box sum"
"817",817,818,116.23141,39.06533,157.59149,NA,NA,NA,2.42e+09,5e+10,92.36888,129.07463,98.27124,1,"None","parabolic","box sum"
"821",821,822,96.54968,71.57794,157.23033,NA,NA,NA,2.56e+09,5.9e+10,102.66045,221.46029,143.88696,1,"None","parabolic","box sum"
"822",822,823,42.73774,71.13677,157.34536,NA,NA,NA,2.92e+09,6.75e+10,111.06495,164.25117,161.52661,1,"None","parabolic","box sum"
"823",823,824,112.85053,70.1657,157.35933,NA,NA,NA,2.99e+09,6.69e+10,126.01375,158.0022,140.65143,1,"None","parabolic","box sum"
"824",824,825,133.70352,70.02601,157.26155,NA,NA,NA,2.42e+09,5.73e+10,129.13566,198.17757,206.06514,1,"None","parabolic","box sum"
"825",825,826,50.51311,70.08466,157.36296,NA,NA,NA,2.34e+09,5.07e+10,100.56574,136.3217,129.76536,1,"None","parabolic","box sum"
"826",826,827,101.86847,68.77266,157.20474,NA,NA,NA,3e+09,6.86e+10,121.77058,274.72039,119.74046,1,"None","parabolic","box sum"
"827",827,828,20.93376,65.81018,157.36628,NA,NA,NA,2.74e+09,5.96e+10,105.75916,135.73252,120.99508,1,"None","parabolic","box sum"
"828",828,829,127.26693,65.5102,157.35314,NA,NA,NA,2.54e+09,5.73e+10,136.91236,174.88864,124.32632,1,"None","parabolic","box sum"
"829",829,830,182.19459,65.11998,157.33412,NA,NA,NA,2.36e+09,4.68e+10,86.93438,110.62784,97.37706,1,"None","parabolic","box sum"
"830",830,831,180.22735,65.08977,157.35115,NA,NA,NA,2.51e+09,5.71e+10,96.90076,164.61325,145.99581,1,"None","parabolic","box sum"
"831",831,832,166.23281,65.02011,157.32142,NA,NA,NA,2.31e+09,5e+10,106.9998,190.44077,100.55413,1,"None","parabolic","box sum"
"832",832,833,147.22813,64.7395,157.35162,NA,NA,NA,2.29e+09,5.25e+10,150.93899,167.01974,114.35717,1,"None","parabolic","box sum"
"837",837,838,16.19089,60.42796,157.37428,NA,NA,NA,2.67e+09,5.95e+10,104.72096,157.41014,130.22437,1,"None","parabolic","box sum"
"841",841,842,63.88421,54.5076,157.33727,NA,NA,NA,2.76e+09,6.33e+10,233.96533,165.05468,115.35718,1,"None","parabolic","box sum"
"842",842,843,155.30024,54.43745,157.40407,NA,NA,NA,2.26e+09,5.01e+10,93.20982,192.7222,119.55208,1,"None","parabolic","box sum"
"843",843,844,163.43425,53.78249,157.31356,NA,NA,NA,2.34e+09,5.24e+10,116.42204,177.82241,136.23059,1,"None","parabolic","box sum"
"844",844,845,177.27353,52.58165,157.45902,NA,NA,NA,2.42e+09,5.53e+10,143.61452,136.02322,137.47326,1,"None","parabolic","box sum"
"845",845,846,112.5466,51.87395,157.32823,NA,NA,NA,2.27e+09,5.18e+10,105.99367,204.25951,127.10389,1,"None","parabolic","box sum"
"846",846,847,28.24111,48.34997,157.30977,NA,NA,NA,2.38e+09,5.07e+10,91.23663,169.17944,112.7212,1,"None","parabolic","box sum"
"847",847,848,109.23779,45.86811,157.17728,NA,NA,NA,2.28e+09,4.93e+10,128.3845,184.79562,98.12302,1,"None","parabolic","box sum"
"848",848,849,16.27605,45.21201,157.1919,NA,NA,NA,2.5e+09,5.73e+10,120.57727,178.873,134.8957,1,"None","parabolic","box sum"
"849",849,850,54.13525,43.942,157.17883,NA,NA,NA,2.44e+09,5.39e+10,139.36983,134.749,111.86984,1,"None","parabolic","box sum"
"850",850,851,77.65849,42.80113,157.41278,NA,NA,NA,2.33e+09,5.37e+10,123.32543,164.44594,138.06991,1,"None","parabolic","box sum"
"851",851,852,103.9951,42.301,157.45369,NA,NA,NA,2.36e+09,4.96e+10,106.62147,116.52052,123.70615,1,"None","parabolic","box sum"
"852",852,853,42.18079,39.59378,157.28289,NA,NA,NA,2.48e+09,5.17e+10,87.24508,177.30963,101.3742,1,"None","parabolic","box sum"
"857",857,858,45.70948,69.85374,156.99832,NA,NA,NA,2.55e+09,5.94e+10,182.30716,227.71122,151.36413,1,"None","parabolic","box sum"
"861",861,862,48.49078,65.96441,156.82559,NA,NA,NA,2.27e+09,4.67e+10,106.75338,283.68671,103.36946,1,"None","parabolic","box sum"
"862",862,863,70.48937,62.83386,156.90235,NA,NA,NA,2.43e+09,5.55e+10,111.93948,191.24019,134.66211,1,"None","parabolic","box sum"
"863",863,864,172.31569,62.73531,156.88359,NA,NA,NA,2.29e+09,5.15e+10,109.70125,124.94174,171.57529,1,"None","parabolic","box sum"
"864",864,865,151.07499,62.01329,156.86939,NA,NA,NA,2.4e+09,5.46e+10,122.75259,137.6498,173.80185,1,"None","parabolic","box sum"
"865",865,866,54.27106,61.72827,156.88359,NA,NA,NA,2.33e+09,5.18e+10,105.72252,115.7015,173.69061,1,"None","parabolic","box sum"
"866",866,867,90.91955,60.9006,156.84719,NA,NA,NA,2.32e+09,5.19e+10,95.354,163.91397,155.701,1,"None","parabolic","box sum"
"867",867,868,17.28914,55.35141,156.84895,NA,NA,NA,2.52e+09,5.71e+10,105.84222,152.88693,150.60357,1,"None","parabolic","box sum"
"868",868,869,88.23678,54.30655,156.967,NA,NA,NA,2.26e+09,4.95e+10,107.19676,140.60652,134.20581,1,"None","parabolic","box sum"
"869",869,870,60.28626,52.70096,157.0362,NA,NA,NA,2.3e+09,5.28e+10,115.15911,239.15851,116.16598,1,"None","parabolic","box sum"
"870",870,871,59.06192,52.10343,156.85593,NA,NA,NA,2.45e+09,5.34e+10,115.3472,142.38852,110.92152,1,"None","parabolic","box sum"
"871",871,872,65.49565,51.95446,157.06584,NA,NA,NA,2.25e+09,4.84e+10,92.99057,159.67113,128.96704,1,"None","parabolic","box sum"
"872",872,873,78.91718,51.02142,156.82021,NA,NA,NA,2.39e+09,5.27e+10,101.59416,147.4846,126.64201,1,"None","parabolic","box sum"
"877",877,878,167.7036,47.72267,157.10961,NA,NA,NA,2.57e+09,5.52e+10,101.61584,135.52338,118.7958,1,"None","parabolic","box sum"
"881",881,882,102.70893,42.81978,156.88977,NA,NA,NA,2.27e+09,5.07e+10,101.93738,146.53915,216.15148,1,"None","parabolic","box sum"
"882",882,883,77.57666,42.65389,157.14338,NA,NA,NA,2.38e+09,5.16e+10,82.528,161.17901,147.34937,1,"None","parabolic","box sum"
"883",883,884,121.04324,39.45225,157.04668,NA,NA,NA,2.46e+09,5.33e+10,104.40584,181.63633,117.8577,1,"None","parabolic","box sum"
"884",884,885,156.9451,73.5815,156.52457,NA,NA,NA,2.59e+09,3.98e+10,97.00106,131.34297,179.76859,1,"None","parabolic","box sum"
"885",885,886,36.38486,73.5815,156.6757,NA,NA,NA,2.41e+09,3.44e+10,103.94903,144.62665,138.03872,1,"None","parabolic","box sum"
"886",886,887,56.85262,73.22277,156.80171,NA,NA,NA,3.08e+09,6.87e+10,101.77249,152.07122,149.26822,1,"None","parabolic","box sum"
"887",887,888,148.1091,72.90551,156.57469,NA,NA,NA,2.3e+09,5.15e+10,103.39146,202.37364,119.26664,1,"None","parabolic","box sum"
"888",888,889,19.708,71.16397,156.55631,NA,NA,NA,2.28e+09,4.87e+10,86.54399,151.63682,121.35818,1,"None","parabolic","box sum"
"889",889,890,144.16269,70.71639,156.59976,NA,NA,NA,2.45e+09,5.5e+10,119.1586,161.14302,119.39468,1,"None","parabolic","box sum"
"890",890,891,177.5426,70.1436,156.72912,NA,NA,NA,2.31e+09,4.98e+10,80.72078,147.6578,232.22718,1,"None","parabolic","box sum"
"891",891,892,133.5985,70.10524,156.56573,NA,NA,NA,2.27e+09,5.34e+10,115.49499,138.30929,228.19505,1,"None","parabolic","box sum"
"892",892,893,122.41358,69.95908,156.60163,NA,NA,NA,3.07e+09,6.9e+10,94.13625,177.37785,145.90313,1,"None","parabolic","box sum"
"897",897,898,183.55748,65.8293,156.63148,NA,NA,NA,2.56e+09,5.7e+10,89.29445,141.80189,141.05192,1,"None","parabolic","box sum"
"901",901,902,101.10322,62.89351,156.57496,NA,NA,NA,2.68e+09,5.7e+10,121.62767,125.0135,110.77852,1,"None","parabolic","box sum"
"902",902,903,134.21046,62.11799,156.70546,NA,NA,NA,2.41e+09,5.24e+10,103.26383,121.82501,138.8881,1,"None","parabolic","box sum"
"903",903,904,169.75118,61.88655,156.75531,NA,NA,NA,2.28e+09,4.67e+10,81.09285,180.26468,97.14998,1,"None","parabolic","box sum"
"904",904,905,58.47578,61.58218,156.74466,NA,NA,NA,2.45e+09,5.25e+10,88.53733,169.9653,123.79221,1,"None","parabolic","box sum"
"905",905,906,115.29301,55.72766,156.72075,NA,NA,NA,2.29e+09,4.99e+10,117.89994,123.74699,133.92063,1,"None","parabolic","box sum"
"906",906,907,130.78287,51.69434,156.78518,NA,NA,NA,2.48e+09,5.1e+10,94.11671,125.98962,104.12569,1,"None","parabolic","box sum"
"907",907,908,98.24204,51.24046,156.70423,NA,NA,NA,2.28e+09,5.2e+10,130.87494,185.54789,128.76807,1,"None","parabolic","box sum"
"908",908,909,132.73556,48.61361,156.57999,NA,NA,NA,2.62e+09,5.71e+10,94.30359,168.08337,241.99413,1,"None","parabolic","box sum"
"909",909,910,64.91845,47.53826,156.58044,NA,NA,NA,2.42e+09,5.6e+10,145.96542,213.17786,133.9247,1,"None","parabolic","box sum"
"910",910,911,32.84787,46.19928,156.77038,NA,NA,NA,2.49e+09,5.48e+10,191.18678,157.39805,105.85653,1,"None","parabolic","box sum"
"911",911,912,66.04274,45.3407,156.55856,NA,NA,NA,2.26e+09,5.01e+10,167.74799,155.9515,146.9204,1,"None","parabolic","box sum"
"912",912,913,106.23938,38.92423,156.50553,NA,NA,NA,2.31e+09,3.53e+10,117.62635,146.99978,160.62487,1,"None","parabolic","box sum"
"917",917,918,37.82255,67.61514,156.267,NA,NA,NA,2.31e+09,5.04e+10,99.29548,141.07205,242.82776,1,"None","parabolic","box sum"
"921",921,922,53.75346,66.08709,156.31949,NA,NA,NA,2.56e+09,5.68e+10,118.63279,156.21436,127.42286,1,"None","parabolic","box sum"
"922",922,923,55.41514,64.47579,156.33251,NA,NA,NA,2.6e+09,5.84e+10,117.9146,160.42945,132.37108,1,"None","parabolic","box sum"
"923",923,924,94.68957,63.53617,156.30532,NA,NA,NA,2.31e+09,5.12e+10,111.24938,141.95523,144.29381,1,"None","parabolic","box sum"
"924",924,925,174.44342,62.21334,156.24093,NA,NA,NA,2.29e+09,5.2e+10,119.10211,143.18252,144.10403,1,"None","parabolic","box sum"
"925",925,926,148.11376,61.12775,156.21348,NA,NA,NA,2.43e+09,5.32e+10,116.78846,231.72531,96.33732,1,"None","parabolic","box sum"
"926",926,927,93.51885,60.3791,156.26994,NA,NA,NA,2.3e+09,4.93e+10,101.78226,110.08972,141.34836,1,"None","parabolic","box sum"
"927",927,928,138.33835,60.31827,156.2246,NA,NA,NA,2.51e+09,5.79e+10,184.71211,119.96666,199.15645,1,"None","parabolic","box sum"
"928",928,929,107.52264,59.32859,156.32573,NA,NA,NA,2.42e+09,5.46e+10,127.88372,182.76224,120.41993,1,"None","parabolic","box sum"
"929",929,930,73.7881,59.01113,156.27613,NA,NA,NA,2.37e+09,5.2e+10,111.70008,135.41511,123.71382,1,"None","parabolic","box sum"
"930",930,931,89.33594,58.20619,156.25207,NA,NA,NA,2.28e+09,4.9e+10,87.33058,147.09011,127.2433,1,"None","parabolic","box sum"
"931",931,932,80.60702,58.19636,156.39698,NA,NA,NA,2.39e+09,5.46e+10,113.70319,125.23526,222.36808,1,"None","parabolic","box sum"
"932",932,933,22.89812,57.48536,156.37534,NA,NA,NA,2.75e+09,6.54e+10,155.78065,158.13133,157.76062,1,"None","parabolic","box sum"
"937",937,938,41.35735,53.50798,156.35806,NA,NA,NA,2.47e+09,5.55e+10,126.24703,159.06322,217.30132,1,"None","parabolic","box sum"
"941",941,942,27.12125,50.92439,156.19579,NA,NA,NA,2.39e+09,5.11e+10,97.17756,129.78476,123.06518,1,"None","parabolic","box sum"
"942",942,943,85.50183,49.67197,156.18349,NA,NA,NA,3.15e+09,6.71e+10,86.97393,146.43317,129.24346,1,"None","parabolic","box sum"
"943",943,944,154.74342,49.42809,156.37379,NA,NA,NA,2.26e+09,4.96e+10,92.18811,182.71279,128.19386,1,"None","parabolic","box sum"
"944",944,945,98.64424,48.94358,156.42006,NA,NA,NA,2.31e+09,4.95e+10,101.02132,152.82351,106.31809,1,"None","parabolic","box sum"
"945",945,946,98.12397,48.29502,156.28696,NA,NA,NA,2.26e+09,4.92e+10,123.15932,152.5135,103.48999,1,"None","parabolic","box sum"
"946",946,947,189.86938,47.06061,156.14232,NA,NA,NA,2.39e+09,5.25e+10,97.90969,147.18711,156.94827,1,"None","parabolic","box sum"
"947",947,948,141.44519,44.92188,156.31782,NA,NA,NA,2.45e+09,5.47e+10,152.18177,143.52632,166.6581,1,"None","parabolic","box sum"
"948",948,949,161.82355,44.11964,156.32631,NA,NA,NA,2.26e+09,4.75e+10,81.56859,151.00521,110.79609,1,"None","parabolic","box sum"
"949",949,950,44.03378,42.99648,156.18225,NA,NA,NA,2.32e+09,5.02e+10,85.35678,143.08947,136.92387,1,"None","parabolic","box sum"
"950",950,951,75.50904,40.62747,156.20618,NA,NA,NA,2.35e+09,5.27e+10,113.17066,155.13247,141.77227,1,"None","parabolic","box sum"
"951",951,952,44.24914,39.33908,156.43374,NA,NA,NA,2.34e+09,4.96e+10,103.75605,154.89006,101.36883,1,"None","parabolic","box sum"
"952",952,953,97.41817,39.05672,156.31437,NA,NA,NA,2.27e+09,5.23e+10,121.33454,242.45423,118.61597,1,"None","parabolic","box sum"
"957",957,958,160.45452,65.71779,156.08019,NA,NA,NA,2.53e+09,5.58e+10,150.69532,170.43301,116.85937,1,"None","parabolic","box sum"
"961",961,962,131.79113,61.06374,155.98122,NA,NA,NA,2.44e+09,5.72e+10,147.87326,131.74325,181.1331,1,"None","parabolic","box sum"
"962",962,963,152.60698,60.64442,156.02417,NA,NA,NA,2.64e+09,6.03e+10,147.40913,128.42458,146.26174,1,"None","parabolic","box sum"
"963",963,964,141.1631,60.63742,155.99423,NA,NA,NA,2.37e+09,4.99e+10,92.30598,135.57449,108.38454,1,"None","parabolic","box sum"
"964",964,965,152.87122,60.32379,155.93318,NA,NA,NA,2.4e+09,5.26e+10,91.89864,207.34975,135.01978,1,"None","parabolic","box sum"
"965",965,966,111.83608,58.96977,155.92543,NA,NA,NA,2.77e+09,6.41e+10,131.53328,208.87619,132.95307,1,"None","parabolic","box sum"
"966",966,967,55.98728,58.50307,156.00613,NA,NA,NA,2.45e+09,5.07e+10,128.52374,134.96074,96.91602,1,"None","parabolic","box sum"
"967",967,968,99.61521,56.74858,155.97107,NA,NA,NA,2.48e+09,5.35e+10,172.42353,155.81632,100.5654,1,"None","parabolic","box sum"
"968",968,969,178.14661,56.49364,156.07422,NA,NA,NA,2.33e+09,5.43e+10,137.17435,232.31319,154.73485,1,"None","parabolic","box sum"
"969",969,970,19.96712,53.68928,156.01289,NA,NA,NA,2.62e+09,5.61e+10,121.9257,134.35304,97.98194,1,"None","parabolic","box sum"
"970",970,971,187.46979,53.49866,156.05949,NA,NA,NA,2.52e+09,5.74e+10,102.29941,190.94813,140.11429,1,"None","parabolic","box sum"
"971",971,972,52.94856,53.42447,156.06628,NA,NA,NA,2.28e+09,5.24e+10,149.64919,156.91406,143.2692,1,"None","parabolic","box sum"
"972",972,973,46.2848,53.28177,155.93637,NA,NA,NA,2.39e+09,5.4e+10,104.59394,136.53433,146.52225,1,"None","parabolic","box sum"
"977",977,978,43.85129,49.22698,155.8614,NA,NA,NA,2.47e+09,5.23e+10,82.43029,145.86532,128.84933,1,"None","parabolic","box sum"
"981",981,982,80.76779,45.27456,155.95816,NA,NA,NA,2.61e+09,5.62e+10,77.58131,147.55428,142.0745,1,"None","parabolic","box sum"
"982",982,983,186.92043,45.09818,156.05249,NA,NA,NA,2.59e+09,5.62e+10,89.98015,168.12718,135.30767,1,"None","parabolic","box sum"
"983",983,984,116.68161,44.84423,155.99564,NA,NA,NA,2.6e+09,5.81e+10,135.76424,159.89476,110.50314,1,"None","parabolic","box sum"
"984",984,985,82.31632,42.58826,155.90831,NA,NA,NA,2.59e+09,5.59e+10,125.23082,117.70838,123.98549,1,"None","parabolic","box sum"
"985",985,986,138.55374,42.38879,155.99012,NA,NA,NA,2.67e+09,6.16e+10,147.72059,183.03323,129.82195,1,"None","parabolic","box sum"
"986",986,987,114.13315,41.53368,155.91378,NA,NA,NA,2.27e+09,4.93e+10,92.74751,130.46777,159.19892,1,"None","parabolic","box sum"
"987",987,988,129.30167,40.80897,155.97282,NA,NA,NA,2.72e+09,6e+10,83.63582,175.21095,148.46833,1,"None","parabolic","box sum"
"988",988,989,125.70541,40.32681,155.8132,NA,NA,NA,2.27e+09,5.19e+10,98.82401,203.07082,145.61451,1,"None","parabolic","box sum"
"989",989,990,117.94307,39.55672,155.85976,NA,NA,NA,2.69e+09,5.95e+10,85.75252,148.72336,168.20531,1,"None","parabolic","box sum"
"990",990,991,41.04631,39.49842,156.05229,NA,NA,NA,2.25e+09,5.17e+10,167.55256,141.84946,133.62852,1,"None","parabolic","box sum"
"991",991,992,126.81702,73.00589,155.58093,NA,NA,NA,2.82e+09,6.3e+10,123.38772,197.00451,111.88757,1,"None","parabolic","box sum"
"992",992,993,180.54596,71.39147,155.68894,NA,NA,NA,2.38e+09,4.89e+10,80.11328,137.22185,121.9676,1,"None","parabolic","box sum"
"997",997,998,146.31505,66.41789,155.60064,NA,NA,NA,2.31e+09,5.16e+10,100.3697,144.07821,137.40046,1,"None","parabolic","box sum"
"1001",1001,1002,141.89406,59.95485,155.49625,NA,NA,NA,2.39e+09,4.89e+10,88.86344,128.80322,101.58793,1,"None","parabolic","box sum"
"1002",1002,1003,87.12054,59.68537,155.68738,NA,NA,NA,2.59e+09,5.64e+10,102.68366,143.02292,127.92975,1,"None","parabolic","box sum"
"1003",1003,1004,143.49311,58.458,155.64434,NA,NA,NA,2.88e+09,6.65e+10,117.29351,177.48341,166.69388,1,"None","parabolic","box sum"
"1004",1004,1005,45.84304,58.3976,155.69817,NA,NA,NA,2.31e+09,5.16e+10,103.52399,157.42099,118.90078,1,"None","parabolic","box sum"
"1005",1005,1006,186.43358,57.79132,155.51205,NA,NA,NA,2.34e+09,5.47e+10,171.3429,150.14279,145.38441,1,"None","parabolic","box sum"
"1006",1006,1007,117.96467,56.91043,155.73434,NA,NA,NA,2.42e+09,5.56e+10,102.51999,156.38125,176.7811,1,"None","parabolic","box sum"
"1007",1007,1008,23.35141,55.81772,155.48371,NA,NA,NA,2.33e+09,4.88e+10,87.6799,131.90681,113.97118,1,"None","parabolic","box sum"
"1008",1008,1009,42.4831,55.51915,155.69858,NA,NA,NA,2.35e+09,4.81e+10,115.06872,158.52123,88.91689,1,"None","parabolic","box sum"
"1009",1009,1010,32.7343,54.97143,155.52811,NA,NA,NA,2.47e+09,5.67e+10,99.43716,165.57288,174.94862,1,"None","parabolic","box sum"
"1010",1010,1011,52.6271,53.9748,155.58209,NA,NA,NA,2.35e+09,5.25e+10,127.76402,140.43796,113.60047,1,"None","parabolic","box sum"
"1011",1011,1012,181.69983,51.49524,155.54337,NA,NA,NA,2.65e+09,5.7e+10,110.7883,144.48011,97.78746,1,"None","parabolic","box sum"
"1012",1012,1013,98.82886,51.27119,155.75573,NA,NA,NA,2.73e+09,6.19e+10,133.57059,135.41281,166.95277,1,"None","parabolic","box sum"
"1017",1017,1018,20.60044,45.49219,155.63403,NA,NA,NA,2.27e+09,5.1e+10,113.16088,156.47221,132.57485,1,"None","parabolic","box sum"
"1021",1021,1022,63.2756,40.69476,155.72932,NA,NA,NA,2.99e+09,6.82e+10,161.68248,132.55143,121.99931,1,"None","parabolic","box sum"
"1022",1022,1023,115.35835,39.74636,155.64926,NA,NA,NA,2.3e+09,5.03e+10,120.80323,147.19588,115.32786,1,"None","parabolic","box sum"
"1023",1023,1024,131.10748,72.59933,155.26999,NA,NA,NA,2.27e+09,5.07e+10,118.45812,306.15309,119.71689,1,"None","parabolic","box sum"
"1024",1024,1025,37.524,72.63891,155.37134,NA,NA,NA,2.43e+09,5.19e+10,98.86065,150.72248,114.17057,1,"None","parabolic","box sum"
"1025",1025,1026,155.8585,71.92811,155.22757,NA,NA,NA,2.28e+09,5.07e+10,99.82984,187.17968,166.57726,1,"None","parabolic","box sum"
"1026",1026,1027,111.12187,71.02936,155.20463,NA,NA,NA,2.94e+09,6.32e+10,108.37175,156.86811,101.11166,1,"None","parabolic","box sum"
"1027",1027,1028,125.19397,70.58271,155.20348,NA,NA,NA,2.32e+09,5.02e+10,117.641,140.69513,115.80466,1,"None","parabolic","box sum"
"1028",1028,1029,104.01296,69.22631,155.266,NA,NA,NA,2.27e+09,5.26e+10,105.49045,153.9601,162.43529,1,"None","parabolic","box sum"
"1029",1029,1030,47.94204,67.43558,155.42654,NA,NA,NA,2.35e+09,5.52e+10,111.63168,239.74983,225.04687,1,"None","parabolic","box sum"
"1030",1030,1031,121.58578,63.68338,155.25743,NA,NA,NA,3.2e+09,7.14e+10,102.66534,169.29772,132.524,1,"None","parabolic","box sum"
"1031",1031,1032,174.90919,62.59955,155.30284,NA,NA,NA,2.46e+09,5.55e+10,115.23758,187.36139,129.30395,1,"None","parabolic","box sum"
"1032",1032,1033,111.41543,60.40421,155.21014,NA,NA,NA,2.35e+09,5.07e+10,97.39375,137.99486,129.99891,1,"None","parabolic","box sum"
"1037",1037,1038,125.031,55.86701,155.40834,NA,NA,NA,2.32e+09,4.93e+10,91.5884,175.59272,100.01856,1,"None","parabolic","box sum"
"1041",1041,1042,189.05847,51.11726,155.15468,NA,NA,NA,2.27e+09,5.15e+10,148.17354,142.18158,148.84201,1,"None","parabolic","box sum"
"1042",1042,1043,52.60234,50.96626,155.24295,NA,NA,NA,2.41e+09,5.09e+10,89.05032,173.01506,108.41344,1,"None","parabolic","box sum"
"1043",1043,1044,161.17088,49.77088,155.40718,NA,NA,NA,2.31e+09,4.76e+10,104.38202,140.69247,88.42977,1,"None","parabolic","box sum"
"1044",1044,1045,160.21354,48.32223,155.22245,NA,NA,NA,2.36e+09,5.42e+10,108.69847,194.81379,158.31747,1,"None","parabolic","box sum"
"1045",1045,1046,136.32124,48.30724,155.30329,NA,NA,NA,2.6e+09,5.85e+10,145.47808,181.85914,106.12538,1,"None","parabolic","box sum"
"1046",1046,1047,97.46963,41.73623,155.32072,NA,NA,NA,2.57e+09,5.53e+10,96.83312,159.6607,125.76264,1,"None","parabolic","box sum"
"1047",1047,1048,106.3389,41.0694,155.37027,NA,NA,NA,2.26e+09,5.13e+10,106.6288,150.56753,159.92992,1,"None","parabolic","box sum"
"1048",1048,1049,95.31099,39.70744,155.18917,NA,NA,NA,3.2e+09,7.41e+10,117.69719,196.0997,144.17975,1,"None","parabolic","box sum"
"1049",1049,1050,180.25411,39.5447,155.3964,NA,NA,NA,3.23e+09,6.89e+10,98.26064,157.56911,108.95933,1,"None","parabolic","box sum"
"1050",1050,1051,51.34049,73.5815,155.04513,NA,NA,NA,2.72e+09,3.87e+10,81.82692,137.16898,117.36923,1,"None","parabolic","box sum"
"1051",1051,1052,123.74259,70.94748,154.83796,NA,NA,NA,2.31e+09,5.32e+10,221.05628,174.06335,121.24511,1,"None","parabolic","box sum"
"1052",1052,1053,114.25907,68.29017,155.08932,NA,NA,NA,2.25e+09,5.01e+10,86.94461,143.20974,155.85955,1,"None","parabolic","box sum"
"1057",1057,1058,188.1383,55.90866,154.94874,NA,NA,NA,2.72e+09,5.62e+10,80.18111,145.73744,115.83981,1,"None","parabolic","box sum"
"1061",1061,1062,108.43839,53.57051,155.1043,NA,NA,NA,2.44e+09,5.59e+10,103.48246,163.49965,143.57054,1,"None","parabolic","box sum"
"1062",1062,1063,92.54368,51.68244,155.01349,NA,NA,NA,2.31e+09,5.13e+10,90.41829,174.87299,171.33106,1,"None","parabolic","box sum"
"1063",1063,1064,54.64478,50.34997,155.01373,NA,NA,NA,2.45e+09,5.49e+10,109.02032,154.69271,150.32147,1,"None","parabolic","box sum"
"1064",1064,1065,122.41444,47.28433,155.10202,NA,NA,NA,2.53e+09,5.81e+10,108.28136,150.28507,184.4017,1,"None","parabolic","box sum"
"1065",1065,1066,155.58722,43.30991,155.01533,NA,NA,NA,2.43e+09,5.41e+10,132.19834,149.131,123.99363,1,"None","parabolic","box sum"
"1066",1066,1067,134.04666,41.34586,155.01333,NA,NA,NA,2.29e+09,5.11e+10,102.1609,172.59157,136.53991,1,"None","parabolic","box sum"
"1067",1067,1068,23.35012,39.91568,155.01274,NA,NA,NA,2.47e+09,5.48e+10,107.48623,196.34086,122.89813,1,"None","parabolic","box sum"
"1068",1068,1069,33.53336,71.80021,154.62781,NA,NA,NA,2.31e+09,5.07e+10,120.0716,157.78664,105.47815,1,"None","parabolic","box sum"
"1069",1069,1070,123.2832,71.01441,154.48708,NA,NA,NA,2.62e+09,6e+10,205.70687,136.46747,157.51002,1,"None","parabolic","box sum"
"1070",1070,1071,68.38781,70.4535,154.55495,NA,NA,NA,2.37e+09,5.44e+10,107.87464,155.85001,150.4724,1,"None","parabolic","box sum"
"1071",1071,1072,156.53461,70.15086,154.56593,NA,NA,NA,2.27e+09,5.31e+10,155.30125,150.25216,154.65172,1,"None","parabolic","box sum"
"1072",1072,1073,45.97601,69.36507,154.631,NA,NA,NA,2.91e+09,6.77e+10,129.00253,304.77536,142.49638,1,"None","parabolic","box sum"
"1077",1077,1078,166.23133,66.25865,154.5372,NA,NA,NA,2.34e+09,5.2e+10,103.1826,192.69967,141.19075,1,"None","parabolic","box sum"
"1081",1081,1082,30.95671,64.37412,154.61589,NA,NA,NA,2.31e+09,5.01e+10,119.49754,190.37151,111.32254,1,"None","parabolic","box sum"
"1082",1082,1083,38.40375,63.57134,154.71412,NA,NA,NA,2.43e+09,5.44e+10,104.51088,156.93992,135.84882,1,"None","parabolic","box sum"
"1083",1083,1084,127.77973,63.263,154.62667,NA,NA,NA,2.35e+09,5.13e+10,170.0308,141.49898,95.18878,1,"None","parabolic","box sum"
"1084",1084,1085,113.33999,60.77854,154.54499,NA,NA,NA,2.46e+09,5.79e+10,211.65634,175.52325,139.70624,1,"None","parabolic","box sum"
"1085",1085,1086,113.06359,60.81808,154.64612,NA,NA,NA,2.73e+09,6.46e+10,200.75528,156.73465,168.58494,1,"None","parabolic","box sum"
"1086",1086,1087,52.13669,58.95192,154.55373,NA,NA,NA,2.47e+09,4.87e+10,112.41583,115.90198,87.32134,1,"None","parabolic","box sum"
"1087",1087,1088,50.91071,57.39928,154.53902,NA,NA,NA,2.32e+09,5.09e+10,121.9428,169.37199,103.28737,1,"None","parabolic","box sum"
"1088",1088,1089,144.29591,56.55087,154.53502,NA,NA,NA,2.52e+09,5.91e+10,113.9322,172.94705,171.94131,1,"None","parabolic","box sum"
"1089",1089,1090,35.44262,56.13879,154.47824,NA,NA,NA,3.06e+09,6.7e+10,125.84153,154.1889,108.57579,1,"None","parabolic","box sum"
"1090",1090,1091,147.11778,55.25293,154.72242,NA,NA,NA,2.84e+09,6.42e+10,125.20212,143.06319,148.13752,1,"None","parabolic","box sum"
"1091",1091,1092,115.03586,54.64974,154.60535,NA,NA,NA,2.36e+09,5.19e+10,133.65975,134.74941,126.42182,1,"None","parabolic","box sum"
"1092",1092,1093,145.14388,54.53682,154.7041,NA,NA,NA,2.26e+09,5.05e+10,107.55463,173.49446,120.38081,1,"None","parabolic","box sum"
"1097",1097,1098,143.54579,45.17193,154.73229,NA,NA,NA,2.29e+09,4.96e+10,130.68502,178.46912,108.52567,1,"None","parabolic","box sum"
"1101",1101,1102,89.12803,42.03419,154.76052,NA,NA,NA,2.3e+09,4.79e+10,85.79038,119.29721,122.22957,1,"None","parabolic","box sum"
"1102",1102,1103,52.02873,73.1423,154.21043,NA,NA,NA,2.45e+09,5.24e+10,110.24416,161.25499,104.93387,1,"None","parabolic","box sum"
"1103",1103,1104,61.58959,72.22658,154.16612,NA,NA,NA,2.32e+09,5.3e+10,97.84689,160.59922,164.27206,1,"None","parabolic","box sum"
"1104",1104,1105,129.76431,72.11066,154.14538,NA,NA,NA,2.29e+09,4.95e+10,99.26005,172.29301,94.12546,1,"None","parabolic","box sum"
"1105",1105,1106,181.49836,71.14958,154.34341,NA,NA,NA,2.26e+09,4.95e+10,126.10917,142.49646,123.35448,1,"None","parabolic","box sum"
"1106",1106,1107,97.47931,71.12039,154.20767,NA,NA,NA,2.36e+09,4.68e+10,93.30448,136.77661,93.07435,1,"None","parabolic","box sum"
"1107",1107,1108,92.48532,71.17027,154.1362,NA,NA,NA,2.42e+09,5.24e+10,92.93683,152.20298,120.8393,1,"None","parabolic","box sum"
"1108",1108,1109,120.19222,70.51357,154.34013,NA,NA,NA,2.27e+09,5.29e+10,122.85275,178.18692,136.54549,1,"None","parabolic","box sum"
"1109",1109,1110,21.39796,70.47218,154.26586,NA,NA,NA,2.31e+09,4.86e+10,119.38029,125.03984,108.72005,1,"None","parabolic","box sum"
"1110",1110,1111,182.63584,69.78105,154.13864,NA,NA,NA,2.38e+09,5.53e+10,125.57541,177.92349,130.40623,1,"None","parabolic","box sum"
"1111",1111,1112,178.84707,69.81943,154.24587,NA,NA,NA,2.69e+09,6.22e+10,106.77293,234.869,145.55709,1,"None","parabolic","box sum"
"1112",1112,1113,173.98787,69.20687,154.26054,NA,NA,NA,2.28e+09,5.16e+10,100.13916,138.45501,142.0635,1,"None","parabolic","box sum"
"1117",1117,1118,43.59813,65.24069,154.37322,NA,NA,NA,2.36e+09,5.51e+10,178.06399,200.09741,125.19594,1,"None","parabolic","box sum"
"1121",1121,1122,114.65184,63.24638,154.36583,NA,NA,NA,2.71e+09,6.1e+10,198.26361,150.70626,113.40953,1,"None","parabolic","box sum"
"1122",1122,1123,133.05177,62.92282,154.13964,NA,NA,NA,2.56e+09,5.68e+10,79.69434,155.22656,174.0863,1,"None","parabolic","box sum"
"1123",1123,1124,162.42016,62.83054,154.24523,NA,NA,NA,2.5e+09,5.31e+10,104.62508,130.40498,116.62254,1,"None","parabolic","box sum"
"1124",1124,1125,104.64034,59.57684,154.27915,NA,NA,NA,2.35e+09,5.27e+10,117.84986,150.01345,141.18606,1,"None","parabolic","box sum"
"1125",1125,1126,186.67332,58.54899,154.19949,NA,NA,NA,2.44e+09,5.49e+10,124.22057,140.77383,132.85121,1,"None","parabolic","box sum"
"1126",1126,1127,27.45131,57.51481,154.18335,NA,NA,NA,2.57e+09,5.55e+10,86.22154,143.40511,130.32956,1,"None","parabolic","box sum"
"1127",1127,1128,144.16931,56.76183,154.18041,NA,NA,NA,2.65e+09,5.89e+10,131.43557,175.82762,108.78931,1,"None","parabolic","box sum"
"1128",1128,1129,82.91908,53.90591,154.33621,NA,NA,NA,2.52e+09,4.98e+10,97.56596,162.21499,76.21492,1,"None","parabolic","box sum"
"1129",1129,1130,170.08829,53.76694,154.25563,NA,NA,NA,2.7e+09,5.78e+10,88.92573,129.10718,155.38031,1,"None","parabolic","box sum"
"1130",1130,1131,47.54733,53.78018,154.26704,NA,NA,NA,2.33e+09,4.95e+10,112.66255,124.56185,121.60909,1,"None","parabolic","box sum"
"1131",1131,1132,180.42695,53.55682,154.38316,NA,NA,NA,2.59e+09,5.72e+10,192.13398,152.19057,94.97088,1,"None","parabolic","box sum"
"1132",1132,1133,119.26585,51.76825,154.2005,NA,NA,NA,2.5e+09,5.38e+10,89.06864,184.65835,109.29447,1,"None","parabolic","box sum"
"1137",1137,1138,92.2124,40.45642,154.28096,NA,NA,NA,2.76e+09,5.7e+10,106.08894,124.86893,97.46051,1,"None","parabolic","box sum"
"1141",1141,1142,38.808,69.80615,153.80977,NA,NA,NA,2.31e+09,5.36e+10,142.17418,162.43827,127.19907,1,"None","parabolic","box sum"
"1142",1142,1143,120.85645,68.73861,153.84085,NA,NA,NA,2.28e+09,4.91e+10,110.28936,166.23628,116.73237,1,"None","parabolic","box sum"
"1143",1143,1144,156.92667,66.99301,154.11049,NA,NA,NA,2.59e+09,5.98e+10,122.49182,217.77472,125.70736,1,"None","parabolic","box sum"
"1144",1144,1145,20.1621,65.28789,153.97004,NA,NA,NA,2.38e+09,5.39e+10,102.5493,152.36852,141.44735,1,"None","parabolic","box sum"
"1145",1145,1146,153.6109,64.86868,153.83132,NA,NA,NA,2.36e+09,5.51e+10,220.64894,186.9622,154.1284,1,"None","parabolic","box sum"
"1146",1146,1147,85.80963,63.25938,154.07027,NA,NA,NA,2.62e+09,5.91e+10,109.2133,163.66592,128.81804,1,"None","parabolic","box sum"
"1147",1147,1148,93.89928,62.1177,153.95591,NA,NA,NA,2.39e+09,5.37e+10,96.02699,182.03813,159.80944,1,"None","parabolic","box sum"
"1148",1148,1149,100.78619,59.44623,153.90728,NA,NA,NA,2.55e+09,5.59e+10,164.06423,126.95113,109.6534,1,"None","parabolic","box sum"
"1149",1149,1150,42.40244,58.30349,153.98201,NA,NA,NA,2.55e+09,5.3e+10,96.78182,123.78913,110.58497,1,"None","parabolic","box sum"
"1150",1150,1151,118.75943,56.01969,153.94587,NA,NA,NA,2.65e+09,5.73e+10,128.39305,174.63079,99.0245,1,"None","parabolic","box sum"
"1151",1151,1152,177.73637,54.48223,154.01707,NA,NA,NA,2.68e+09,6.05e+10,133.83976,148.85521,154.91165,1,"None","parabolic","box sum"
"1152",1152,1153,164.90164,54.20181,153.90348,NA,NA,NA,2.35e+09,5.2e+10,87.61272,195.11628,224.97834,1,"None","parabolic","box sum"
"1157",1157,1158,107.31427,47.22545,153.82779,NA,NA,NA,2.95e+09,5.88e+10,112.18742,150.52831,80.67493,1,"None","parabolic","box sum"
"1161",1161,1162,35.10671,43.43344,153.82327,NA,NA,NA,2.43e+09,5.32e+10,106.15978,154.1549,118.3674,1,"None","parabolic","box sum"
"1162",1162,1163,149.90094,42.30332,153.99207,NA,NA,NA,2.58e+09,5.72e+10,108.99283,157.96715,124.88833,1,"None","parabolic","box sum"
"1163",1163,1164,52.5493,41.6606,153.8032,NA,NA,NA,2.27e+09,5.19e+10,122.17975,140.18136,177.03269,1,"None","parabolic","box sum"
"1164",1164,1165,74.99397,40.88648,153.99078,NA,NA,NA,2.78e+09,6.4e+10,126.40826,150.32595,147.85865,1,"None","parabolic","box sum"
"1165",1165,1166,145.94324,39.58736,154.05714,NA,NA,NA,2.27e+09,5.23e+10,156.66556,193.62092,144.67537,1,"None","parabolic","box sum"
"1166",1166,1167,155.45432,39.40334,153.84999,NA,NA,NA,2.53e+09,5.67e+10,151.47641,183.42501,117.15482,1,"None","parabolic","box sum"
"1167",1167,1168,148.90264,72.67183,153.49801,NA,NA,NA,2.35e+09,5.61e+10,129.2236,153.12946,173.05751,1,"None","parabolic","box sum"
"1168",1168,1169,47.04292,71.30577,153.69167,NA,NA,NA,2.32e+09,5.32e+10,92.87576,165.38893,215.479,1,"None","parabolic","box sum"
"1169",1169,1170,164.03919,71.11718,153.50206,NA,NA,NA,2.6e+09,6e+10,116.10692,163.44633,154.82946,1,"None","parabolic","box sum"
"1170",1170,1171,45.64187,69.64878,153.70805,NA,NA,NA,2.49e+09,5.81e+10,109.91438,167.9848,151.84698,1,"None","parabolic","box sum"
"1171",1171,1172,116.96809,68.37468,153.50226,NA,NA,NA,2.98e+09,6.81e+10,108.80779,201.76019,150.87149,1,"None","parabolic","box sum"
"1172",1172,1173,26.59158,67.81622,153.6843,NA,NA,NA,2.26e+09,4.83e+10,109.11314,177.00464,100.46969,1,"None","parabolic","box sum"
"1177",1177,1178,65.71011,64.07008,153.55147,NA,NA,NA,2.36e+09,5.31e+10,94.73474,189.87167,121.45388,1,"None","parabolic","box sum"
"1181",1181,1182,74.07179,59.37503,153.72356,NA,NA,NA,2.76e+09,5.96e+10,140.943,145.01333,112.17327,1,"None","parabolic","box sum"
"1182",1182,1183,159.15593,57.70115,153.51628,NA,NA,NA,3.38e+09,7.43e+10,131.23831,133.87698,113.41746,1,"None","parabolic","box sum"
"1183",1183,1184,76.54919,56.46287,153.54652,NA,NA,NA,2.55e+09,5.5e+10,124.97189,145.03795,108.16711,1,"None","parabolic","box sum"
"1184",1184,1185,109.04527,55.772,153.47975,NA,NA,NA,2.42e+09,5.68e+10,96.18089,170.29199,228.48226,1,"None","parabolic","box sum"
"1185",1185,1186,164.92092,54.36233,153.53376,NA,NA,NA,2.31e+09,5.4e+10,109.23437,210.15084,153.85251,1,"None","parabolic","box sum"
"1186",1186,1187,35.14962,53.19925,153.7021,NA,NA,NA,2.42e+09,5.38e+10,128.72649,137.07215,125.78121,1,"None","parabolic","box sum"
"1187",1187,1188,145.94965,50.01675,153.62409,NA,NA,NA,2.86e+09,6.45e+10,90.44883,206.40951,140.69299,1,"None","parabolic","box sum"
"1188",1188,1189,121.26418,50.03885,153.48448,NA,NA,NA,2.48e+09,5.71e+10,117.57383,281.51637,118.7644,1,"None","parabolic","box sum"
"1189",1189,1190,164.29213,47.82917,153.61137,NA,NA,NA,2.31e+09,5.1e+10,126.79972,228.0038,101.9904,1,"None","parabolic","box sum"
"1190",1190,1191,95.34981,46.07735,153.57919,NA,NA,NA,2.71e+09,5.74e+10,109.84721,130.67806,105.73673,1,"None","parabolic","box sum"
"1191",1191,1192,162.93618,43.9529,153.474,NA,NA,NA,2.38e+09,5.53e+10,117.51703,145.67882,149.03848,1,"None","parabolic","box sum"
"1192",1192,1193,128.38961,43.87037,153.65545,NA,NA,NA,2.51e+09,5.27e+10,212.58583,128.4976,102.96693,1,"None","parabolic","box sum"
"1197",1197,1198,17.0088,70.36045,153.37801,NA,NA,NA,2.25e+09,4.76e+10,95.22086,147.67663,106.57485,1,"None","parabolic","box sum"
"1201",1201,1202,44.08816,62.09717,153.18057,NA,NA,NA,2.6e+09,6.03e+10,118.41293,165.35175,135.2212,1,"None","parabolic","box sum"
"1202",1202,1203,123.97215,61.39253,153.16211,NA,NA,NA,2.34e+09,5.25e+10,146.2036,150.0558,117.8854,1,"None","parabolic","box sum"
"1203",1203,1204,18.47865,61.15728,153.25883,NA,NA,NA,2.63e+09,5.93e+10,112.18132,155.68677,133.87854,1,"None","parabolic","box sum"
"1204",1204,1205,171.60919,60.96049,153.10745,NA,NA,NA,2.7e+09,6.05e+10,113.29005,249.16166,121.6408,1,"None","parabolic","box sum"
"1205",1205,1206,153.26537,59.8042,153.27529,NA,NA,NA,2.43e+09,5.21e+10,98.36049,131.96668,121.39505,1,"None","parabolic","box sum"
"1206",1206,1207,18.51072,59.87571,153.12348,NA,NA,NA,2.35e+09,4.93e+10,107.82089,113.21291,125.47621,1,"None","parabolic","box sum"
"1207",1207,1208,43.21828,59.5847,153.12166,NA,NA,NA,2.4e+09,5.36e+10,98.66523,150.666,135.13587,1,"None","parabolic","box sum"
"1208",1208,1209,95.76565,59.30513,153.29228,NA,NA,NA,2.46e+09,5.4e+10,111.64512,144.31342,111.95913,1,"None","parabolic","box sum"
"1209",1209,1210,50.38131,59.02612,153.41435,NA,NA,NA,2.6e+09,5.92e+10,142.56747,182.86133,118.9193,1,"None","parabolic","box sum"
"1210",1210,1211,86.43607,58.40075,153.16271,NA,NA,NA,2.32e+09,5.06e+10,98.38919,187.33072,115.01546,1,"None","parabolic","box sum"
"1211",1211,1212,115.16493,58.10438,153.19461,NA,NA,NA,2.28e+09,4.97e+10,104.31301,135.30767,126.77579,1,"None","parabolic","box sum"
"1212",1212,1213,143.11583,57.43145,153.26655,NA,NA,NA,2.37e+09,5.11e+10,103.71025,238.23351,96.4337,1,"None","parabolic","box sum"
"1217",1217,1218,50.52557,50.43973,153.30426,NA,NA,NA,2.45e+09,5.46e+10,106.30879,186.10865,115.17474,1,"None","parabolic","box sum"
"1221",1221,1222,183.08356,48.66711,153.11264,NA,NA,NA,2.31e+09,4.58e+10,108.82168,129.54694,84.40895,1,"None","parabolic","box sum"
"1222",1222,1223,175.48558,48.71401,153.22152,NA,NA,NA,2.27e+09,5.26e+10,162.52526,122.89166,178.87978,1,"None","parabolic","box sum"
"1223",1223,1224,187.05561,48.62315,153.13335,NA,NA,NA,2.28e+09,4.94e+10,237.18828,187.05285,92.91966,1,"None","parabolic","box sum"
"1224",1224,1225,77.03069,47.43823,153.18152,NA,NA,NA,2.32e+09,5.13e+10,109.78003,159.35111,121.93641,1,"None","parabolic","box sum"
"1225",1225,1226,92.35466,45.84195,153.23979,NA,NA,NA,2.29e+09,5.04e+10,119.91526,165.89749,109.47879,1,"None","parabolic","box sum"
"1226",1226,1227,114.80159,45.6713,153.40106,NA,NA,NA,2.89e+09,6.63e+10,117.29046,180.85945,132.80542,1,"None","parabolic","box sum"
"1227",1227,1228,175.33083,45.33522,153.26434,NA,NA,NA,2.62e+09,5.2e+10,166.18856,128.19803,79.97304,1,"None","parabolic","box sum"
"1228",1228,1229,139.16923,44.65318,153.1802,NA,NA,NA,2.53e+09,5.43e+10,90.06836,151.01188,114.63776,1,"None","parabolic","box sum"
"1229",1229,1230,52.3905,41.72519,153.32969,NA,NA,NA,2.31e+09,5.37e+10,118.87707,186.9815,159.56724,1,"None","parabolic","box sum"
"1230",1230,1231,187.27249,41.53247,153.27324,NA,NA,NA,2.34e+09,5.33e+10,122.84324,190.95647,115.33871,1,"None","parabolic","box sum"
"1231",1231,1232,32.1032,40.66555,153.19687,NA,NA,NA,2.51e+09,5.21e+10,88.36144,162.6994,100.84812,1,"None","parabolic","box sum"
"1232",1232,1233,128.58397,40.41682,153.40321,NA,NA,NA,2.63e+09,5.98e+10,181.47538,141.41345,182.80073,1,"None","parabolic","box sum"
"1237",1237,1238,132.67124,70.4388,152.91768,NA,NA,NA,2.47e+09,5.23e+10,99.78282,126.42844,128.77934,1,"None","parabolic","box sum"
"1241",1241,1242,128.97915,66.29653,152.78571,NA,NA,NA,2.3e+09,5.37e+10,111.46435,199.17971,135.30016,1,"None","parabolic","box sum"
"1242",1242,1243,18.20442,65.07073,153.10102,NA,NA,NA,2.44e+09,5.31e+10,124.21706,131.69204,107.49954,1,"None","parabolic","box sum"
"1243",1243,1244,62.49994,64.67159,152.83743,NA,NA,NA,2.54e+09,5.84e+10,201.03376,164.21302,147.67486,1,"None","parabolic","box sum"
"1244",1244,1245,184.31367,62.96712,153.0848,NA,NA,NA,2.31e+09,4.98e+10,114.48848,118.04989,108.35779,1,"None","parabolic","box sum"
"1245",1245,1246,157.08095,61.75633,152.9523,NA,NA,NA,2.39e+09,5.24e+10,107.80746,129.18708,135.46027,1,"None","parabolic","box sum"
"1246",1246,1247,163.36347,59.51679,152.86287,NA,NA,NA,2.26e+09,4.89e+10,138.03544,155.28727,118.47985,1,"None","parabolic","box sum"
"1247",1247,1248,23.68797,59.20496,153.09159,NA,NA,NA,2.28e+09,4.81e+10,91.56397,169.58457,97.21006,1,"None","parabolic","box sum"
"1248",1248,1249,27.35857,58.84567,152.92938,NA,NA,NA,2.39e+09,5.41e+10,132.16841,122.80551,325.66807,1,"None","parabolic","box sum"
"1249",1249,1250,179.05993,57.13414,153.02169,NA,NA,NA,2.66e+09,5.92e+10,109.79423,156.77845,122.38264,1,"None","parabolic","box sum"
"1250",1250,1251,111.25284,56.95635,152.78356,NA,NA,NA,2.44e+09,5.64e+10,145.12143,148.7509,151.93897,1,"None","parabolic","box sum"
"1251",1251,1252,147.28822,55.18498,152.95751,NA,NA,NA,2.27e+09,5.07e+10,94.83917,213.5542,288.06301,1,"None","parabolic","box sum"
"1252",1252,1253,92.82381,54.70836,153.02561,NA,NA,NA,3.23e+09,7.24e+10,129.89782,149.61791,122.15264,1,"None","parabolic","box sum"
"1257",1257,1258,166.05578,51.16168,152.82776,NA,NA,NA,2.26e+09,4.77e+10,102.56671,124.88687,108.98134,1,"None","parabolic","box sum"
"1261",1261,1262,91.17623,47.22658,152.8707,NA,NA,NA,2.27e+09,4.85e+10,94.81536,133.1389,117.52553,1,"None","parabolic","box sum"
"1262",1262,1263,16.18008,46.50926,152.89672,NA,NA,NA,2.39e+09,5.5e+10,200.91407,165.41725,148.50223,1,"None","parabolic","box sum"
"1263",1263,1264,63.04089,46.32381,152.82861,NA,NA,NA,2.26e+09,5.21e+10,105.95703,210.44332,140.52923,1,"None","parabolic","box sum"
"1264",1264,1265,80.50562,45.97425,152.78669,NA,NA,NA,2.37e+09,5.45e+10,106.12558,158.92094,158.93054,1,"None","parabolic","box sum"
"1265",1265,1266,103.46834,44.1536,152.88119,NA,NA,NA,2.43e+09,5.58e+10,162.65595,138.14151,172.67616,1,"None","parabolic","box sum"
"1266",1266,1267,17.91884,42.74614,152.89745,NA,NA,NA,2.29e+09,5.05e+10,100.59017,217.07898,113.70556,1,"None","parabolic","box sum"
"1267",1267,1268,135.4495,73.18008,152.69564,NA,NA,NA,2.35e+09,5.31e+10,108.97757,146.69331,135.55206,1,"None","parabolic","box sum"
"1268",1268,1269,129.81749,72.98194,152.47301,NA,NA,NA,3.16e+09,7.02e+10,160.52948,144.16082,109.50997,1,"None","parabolic","box sum"
"1269",1269,1270,53.26912,72.6202,152.50024,NA,NA,NA,2.64e+09,6.01e+10,132.34185,188.23706,120.43229,1,"None","parabolic","box sum"
"1270",1270,1271,79.31178,72.29987,152.59425,NA,NA,NA,2.29e+09,5.11e+10,96.01722,159.27928,136.60537,1,"None","parabolic","box sum"
"1271",1271,1272,18.43747,72.35761,152.56141,NA,NA,NA,2.56e+09,5.77e+10,137.27389,161.7806,131.41082,1,"None","parabolic","box sum"
"1272",1272,1273,22.34371,71.81702,152.57523,NA,NA,NA,2.31e+09,5.29e+10,148.6403,159.78701,139.24791,1,"None","parabolic","box sum"
"1277",1277,1278,149.95856,59.85332,152.52521,NA,NA,NA,2.36e+09,5.33e+10,91.22808,195.49951,145.60309,1,"None","parabolic","box sum"
"1281",1281,1282,67.30058,53.99283,152.64885,NA,NA,NA,2.34e+09,4.88e+10,82.72587,156.86107,108.88913,1,"None","parabolic","box sum"
"1282",1282,1283,81.22219,53.80664,152.69621,NA,NA,NA,2.75e+09,6.24e+10,141.90547,154.64097,159.81747,1,"None","parabolic","box sum"
"1283",1283,1284,150.26666,52.46506,152.62668,NA,NA,NA,2.56e+09,5.2e+10,86.08963,147.00896,101.05768,1,"None","parabolic","box sum"
"1284",1284,1285,19.18225,51.09314,152.53984,NA,NA,NA,3.1e+09,6.43e+10,90.79449,148.67705,102.42651,1,"None","parabolic","box sum"
"1285",1285,1286,156.99222,50.64344,152.76192,NA,NA,NA,2.39e+09,5.59e+10,121.59042,159.59561,145.06194,1,"None","parabolic","box sum"
"1286",1286,1287,130.20497,50.42616,152.71764,NA,NA,NA,2.31e+09,4.98e+10,117.33932,145.32208,113.73508,1,"None","parabolic","box sum"
"1287",1287,1288,146.80392,49.83549,152.68571,NA,NA,NA,2.38e+09,5.25e+10,110.23928,195.22309,116.98741,1,"None","parabolic","box sum"
"1288",1288,1289,38.25998,49.39532,152.48264,NA,NA,NA,2.62e+09,6.09e+10,104.10537,221.43197,149.35359,1,"None","parabolic","box sum"
"1289",1289,1290,155.88276,44.92787,152.4997,NA,NA,NA,2.59e+09,5.63e+10,124.93036,141.28536,112.28332,1,"None","parabolic","box sum"
"1290",1290,1291,160.16839,42.74726,152.54697,NA,NA,NA,2.39e+09,5.11e+10,118.99188,131.30099,102.41932,1,"None","parabolic","box sum"
"1291",1291,1292,182.9207,42.43311,152.46123,NA,NA,NA,2.97e+09,6.15e+10,100.1555,119.98272,112.97092,1,"None","parabolic","box sum"
"1292",1292,1293,121.31111,42.16117,152.58103,NA,NA,NA,2.57e+09,5.74e+10,91.24641,167.76502,134.73126,1,"None","parabolic","box sum"
"1297",1297,1298,108.20384,70.30629,152.14461,NA,NA,NA,2.31e+09,4.93e+10,119.48777,140.8203,111.87026,1,"None","parabolic","box sum"
"1301",1301,1302,157.1673,66.41802,152.1616,NA,NA,NA,2.39e+09,5.02e+10,93.84251,142.83308,123.05376,1,"None","parabolic","box sum"
"1302",1302,1303,29.85529,63.6537,152.2405,NA,NA,NA,2.56e+09,5.58e+10,93.2886,182.08945,109.31878,1,"None","parabolic","box sum"
"1303",1303,1304,67.31883,62.66383,152.13433,NA,NA,NA,2.5e+09,5.73e+10,186.26451,163.30397,126.01861,1,"None","parabolic","box sum"
"1304",1304,1305,143.85943,62.51214,152.42004,NA,NA,NA,2.32e+09,5.31e+10,172.35391,188.79834,149.90903,1,"None","parabolic","box sum"
"1305",1305,1306,93.68792,61.73445,152.16135,NA,NA,NA,2.6e+09,5.82e+10,113.37463,145.32855,154.01304,1,"None","parabolic","box sum"
"1306",1306,1307,162.71904,58.59507,152.26321,NA,NA,NA,2.79e+09,6.4e+10,120.77819,178.45306,132.48749,1,"None","parabolic","box sum"
"1307",1307,1308,78.68806,58.06353,152.12625,NA,NA,NA,2.42e+09,5.27e+10,97.34367,146.17991,123.62902,1,"None","parabolic","box sum"
"1308",1308,1309,147.06479,54.55247,152.38938,NA,NA,NA,2.29e+09,5.28e+10,161.07911,224.71267,145.91622,1,"None","parabolic","box sum"
"1309",1309,1310,155.20521,53.73104,152.37028,NA,NA,NA,2.43e+09,5.43e+10,119.85053,145.10846,136.01895,1,"None","parabolic","box sum"
"1310",1310,1311,75.59924,53.32168,152.40648,NA,NA,NA,2.46e+09,5.8e+10,161.82905,158.34975,165.39097,1,"None","parabolic","box sum"
"1311",1311,1312,80.86293,51.80627,152.37637,NA,NA,NA,2.57e+09,5.94e+10,205.4748,152.55773,167.89947,1,"None","parabolic","box sum"
"1312",1312,1313,183.56592,48.03767,152.27218,NA,NA,NA,2.69e+09,6.06e+10,115.59301,174.142,125.17507,1,"None","parabolic","box sum"
"1317",1317,1318,80.93552,41.47304,152.3492,NA,NA,NA,2.48e+09,5.52e+10,129.45933,136.26146,133.74586,1,"None","parabolic","box sum"
"1321",1321,1322,101.8513,39.56327,152.40235,NA,NA,NA,2.45e+09,5.09e+10,85.25418,138.89921,111.36426,1,"None","parabolic","box sum"
"1322",1322,1323,35.20275,39.13095,152.18593,NA,NA,NA,2.32e+09,5.27e+10,171.47572,148.28777,126.55517,1,"None","parabolic","box sum"
"1323",1323,1324,179.50524,73.50715,151.92411,NA,NA,NA,2.28e+09,5.19e+10,137.33787,146.95469,123.89104,1,"None","parabolic","box sum"
"1324",1324,1325,35.71605,70.46579,151.93419,NA,NA,NA,2.32e+09,5e+10,89.15536,148.94476,135.43409,1,"None","parabolic","box sum"
"1325",1325,1326,114.27347,70.37103,151.80068,NA,NA,NA,2.42e+09,5.5e+10,116.60281,151.6648,133.78853,1,"None","parabolic","box sum"
"1326",1326,1327,185.77776,69.92454,151.96709,NA,NA,NA,2.39e+09,5.6e+10,114.03778,236.14578,127.64676,1,"None","parabolic","box sum"
"1327",1327,1328,106.72477,69.2549,151.95313,NA,NA,NA,2.3e+09,5.26e+10,114.00488,134.90734,151.91092,1,"None","parabolic","box sum"
"1328",1328,1329,166.81241,68.8993,151.96604,NA,NA,NA,2.7e+09,6.17e+10,119.38761,177.94325,144.99278,1,"None","parabolic","box sum"
"1329",1329,1330,166.46008,67.4767,151.88114,NA,NA,NA,2.28e+09,5.08e+10,108.58885,123.36335,286.58637,1,"None","parabolic","box sum"
"1330",1330,1331,30.97004,65.70778,151.94757,NA,NA,NA,2.27e+09,5.32e+10,103.46291,154.13018,194.32636,1,"None","parabolic","box sum"
"1331",1331,1332,172.38907,64.21722,151.98969,NA,NA,NA,2.25e+09,5.23e+10,178.10491,181.58731,128.30296,1,"None","parabolic","box sum"
"1332",1332,1333,169.89402,63.30684,151.77724,NA,NA,NA,2.47e+09,5.53e+10,105.31701,154.20496,149.84655,1,"None","parabolic","box sum"
"1337",1337,1338,96.55901,57.26921,151.86406,NA,NA,NA,2.43e+09,5.14e+10,84.86822,137.35566,123.98534,1,"None","parabolic","box sum"
"1341",1341,1342,141.98143,52.39598,152.0182,NA,NA,NA,2.76e+09,6.5e+10,107.34821,159.56181,181.04616,1,"None","parabolic","box sum"
"1342",1342,1343,173.85327,51.98811,152.05522,NA,NA,NA,2.42e+09,5.33e+10,102.18258,162.58883,150.00531,1,"None","parabolic","box sum"
"1343",1343,1344,22.97057,51.99024,151.95996,NA,NA,NA,2.93e+09,6.45e+10,113.90594,158.06144,112.91532,1,"None","parabolic","box sum"
"1344",1344,1345,18.80255,48.30325,152.07308,NA,NA,NA,3.11e+09,6.95e+10,105.50266,169.11477,236.51378,1,"None","parabolic","box sum"
"1345",1345,1346,154.43198,44.67409,151.87573,NA,NA,NA,2.41e+09,5.58e+10,158.71996,167.93191,150.71096,1,"None","parabolic","box sum"
"1346",1346,1347,93.67715,42.92148,151.91013,NA,NA,NA,2.47e+09,5.37e+10,98.31591,173.12521,110.06959,1,"None","parabolic","box sum"
"1347",1347,1348,107.08741,42.73248,151.94928,NA,NA,NA,2.27e+09,4.75e+10,84.07919,149.13809,111.45376,1,"None","parabolic","box sum"
"1348",1348,1349,38.80686,41.31777,152.0575,NA,NA,NA,2.32e+09,5.3e+10,118.89661,131.06358,188.46591,1,"None","parabolic","box sum"
"1349",1349,1350,179.72686,41.25758,152.08701,NA,NA,NA,2.33e+09,4.86e+10,86.38078,146.56293,126.6429,1,"None","parabolic","box sum"
"1350",1350,1351,62.31419,41.21395,151.97203,NA,NA,NA,2.41e+09,5.31e+10,110.34921,180.39173,127.48216,1,"None","parabolic","box sum"
"1351",1351,1352,51.86455,40.1014,151.78417,NA,NA,NA,2.3e+09,5.09e+10,100.82712,167.87934,149.51089,1,"None","parabolic","box sum"
"1352",1352,1353,49.55832,69.75457,151.50958,NA,NA,NA,2.38e+09,4.89e+10,98.77516,136.51863,103.00459,1,"None","parabolic","box sum"
"1357",1357,1358,72.38053,68.53587,151.61169,NA,NA,NA,2.27e+09,4.57e+10,213.9709,322.12958,83.38214,1,"None","parabolic","box sum"
"1361",1361,1362,115.10092,60.45144,151.64182,NA,NA,NA,2.46e+09,5.03e+10,124.5676,149.81067,91.95387,1,"None","parabolic","box sum"
"1362",1362,1363,56.82352,58.68837,151.60558,NA,NA,NA,2.32e+09,5.07e+10,93.848,142.49659,152.57911,1,"None","parabolic","box sum"
"1363",1363,1364,34.03285,57.69109,151.71625,NA,NA,NA,2.67e+09,5.49e+10,117.8291,106.61229,176.37336,1,"None","parabolic","box sum"
"1364",1364,1365,164.9462,56.08044,151.61548,NA,NA,NA,2.72e+09,5.82e+10,86.28597,157.50694,134.01894,1,"None","parabolic","box sum"
"1365",1365,1366,29.44644,53.6567,151.57655,NA,NA,NA,2.29e+09,5e+10,145.51839,121.96499,133.25207,1,"None","parabolic","box sum"
"1366",1366,1367,76.64201,51.54859,151.63773,NA,NA,NA,2.28e+09,5.22e+10,159.49372,174.70819,116.21574,1,"None","parabolic","box sum"
"1367",1367,1368,25.38863,51.12119,151.66339,NA,NA,NA,2.48e+09,5.43e+10,90.19844,230.53557,141.97212,1,"None","parabolic","box sum"
"1368",1368,1369,86.48338,50.71115,151.73784,NA,NA,NA,2.45e+09,5.19e+10,106.03031,203.07291,96.34764,1,"None","parabolic","box sum"
"1369",1369,1370,149.63249,49.00558,151.74271,NA,NA,NA,2.26e+09,5.22e+10,125.3267,149.52654,149.61332,1,"None","parabolic","box sum"
"1370",1370,1371,101.87576,48.55332,151.57892,NA,NA,NA,2.62e+09,5.73e+10,91.64825,168.46555,125.76066,1,"None","parabolic","box sum"
"1371",1371,1372,22.45705,48.37791,151.50664,NA,NA,NA,2.43e+09,5.14e+10,93.99701,176.48143,104.50621,1,"None","parabolic","box sum"
"1372",1372,1373,157.53923,46.38376,151.52212,NA,NA,NA,2.4e+09,5.42e+10,93.2202,177.63007,146.64784,1,"None","parabolic","box sum"
"1377",1377,1378,30.19076,43.4547,151.55069,NA,NA,NA,2.36e+09,5.58e+10,143.38826,212.56995,135.38016,1,"None","parabolic","box sum"
"1381",1381,1382,96.88081,38.92423,151.60202,NA,NA,NA,2.36e+09,3.59e+10,119.57205,108.36446,110.14709,1,"None","parabolic","box sum"
"1382",1382,1383,63.61677,73.5815,151.10528,NA,NA,NA,2.65e+09,4.25e+10,145.38159,168.41723,162.95339,1,"None","parabolic","box sum"
"1383",1383,1384,145.92534,73.4724,151.13218,NA,NA,NA,2.27e+09,4.87e+10,77.64604,146.81022,138.98078,1,"None","parabolic","box sum"
"1384",1384,1385,34.26801,73.02339,151.08769,NA,NA,NA,2.65e+09,6.15e+10,187.97448,150.14585,244.15424,1,"None","parabolic","box sum"
"1385",1385,1386,108.33106,71.55897,151.29276,NA,NA,NA,2.79e+09,5.74e+10,84.87555,156.02199,99.23907,1,"None","parabolic","box sum"
"1386",1386,1387,151.92158,70.05596,151.16509,NA,NA,NA,2.29e+09,5.2e+10,131.13571,172.76607,125.9408,1,"None","parabolic","box sum"
"1387",1387,1388,130.59134,69.97275,151.29633,NA,NA,NA,2.76e+09,5.87e+10,99.6106,159.03688,103.49286,1,"None","parabolic","box sum"
"1388",1388,1389,185.88604,69.41724,151.23068,NA,NA,NA,2.6e+09,5.87e+10,109.93202,180.55982,129.0011,1,"None","parabolic","box sum"
"1389",1389,1390,137.40459,68.90233,151.14224,NA,NA,NA,2.27e+09,4.79e+10,125.40304,117.27957,139.17103,1,"None","parabolic","box sum"
"1390",1390,1391,88.26457,68.61942,151.25705,NA,NA,NA,2.43e+09,5.6e+10,156.88602,179.75722,133.33322,1,"None","parabolic","box sum"
"1391",1391,1392,84.48205,67.32015,151.3258,NA,NA,NA,2.65e+09,5.79e+10,122.12601,133.2819,112.29959,1,"None","parabolic","box sum"
"1392",1392,1393,31.10524,65.70252,151.33844,NA,NA,NA,2.32e+09,5.25e+10,123.643,145.26232,153.07187,1,"None","parabolic","box sum"
"1397",1397,1398,73.97178,57.80533,151.09857,NA,NA,NA,2.43e+09,5.65e+10,92.32369,243.78479,197.61071,1,"None","parabolic","box sum"
"1401",1401,1402,169.68141,48.59368,151.33708,NA,NA,NA,2.46e+09,5.35e+10,86.24963,137.02416,145.27796,1,"None","parabolic","box sum"
"1402",1402,1403,37.84481,47.58479,151.36324,NA,NA,NA,2.33e+09,5.16e+10,93.50357,143.2184,165.64193,1,"None","parabolic","box sum"
"1403",1403,1404,93.39094,46.74692,151.30461,NA,NA,NA,2.28e+09,5.26e+10,110.71685,161.66341,149.30405,1,"None","parabolic","box sum"
"1404",1404,1405,154.64653,44.9091,151.39486,NA,NA,NA,2.32e+09,5.38e+10,216.69403,188.21192,144.09052,1,"None","parabolic","box sum"
"1405",1405,1406,74.54051,44.3951,151.15129,NA,NA,NA,2.45e+09,5.45e+10,134.279,171.43959,107.10108,1,"None","parabolic","box sum"
"1406",1406,1407,104.59822,43.46308,151.15826,NA,NA,NA,2.44e+09,5.55e+10,88.79504,182.98191,144.24375,1,"None","parabolic","box sum"
"1407",1407,1408,182.1827,43.12643,151.32983,NA,NA,NA,2.3e+09,4.75e+10,86.47742,114.57914,114.646,1,"None","parabolic","box sum"
"1408",1408,1409,39.64704,42.98836,151.20201,NA,NA,NA,2.42e+09,5.45e+10,116.8593,152.8064,133.35992,1,"None","parabolic","box sum"
"1409",1409,1410,55.34366,40.27756,151.22923,NA,NA,NA,2.41e+09,5.45e+10,129.41048,127.41029,181.23423,1,"None","parabolic","box sum"
"1410",1410,1411,103.63117,39.01072,151.25814,NA,NA,NA,2.4e+09,5.17e+10,137.33985,142.80617,96.77427,1,"None","parabolic","box sum"
"1411",1411,1412,189.70146,73.42667,150.90786,NA,NA,NA,2.26e+09,4.88e+10,112.1186,152.42798,104.57756,1,"None","parabolic","box sum"
"1412",1412,1413,46.29905,72.93474,150.96799,NA,NA,NA,2.36e+09,5.42e+10,147.69738,178.25684,128.17602,1,"None","parabolic","box sum"
"1417",1417,1418,162.31356,65.17801,150.77538,NA,NA,NA,2.37e+09,5.26e+10,112.47873,141.99705,136.81982,1,"None","parabolic","box sum"
"1421",1421,1422,21.80809,61.15696,150.86966,NA,NA,NA,2.64e+09,6.23e+10,134.13244,194.15081,147.10408,1,"None","parabolic","box sum"
"1422",1422,1423,102.61308,60.36722,150.80401,NA,NA,NA,2.65e+09,5.91e+10,126.47422,173.32068,113.8906,1,"None","parabolic","box sum"
"1423",1423,1424,104.42187,57.43362,150.89717,NA,NA,NA,3.04e+09,6.75e+10,109.2878,142.13964,153.96172,1,"None","parabolic","box sum"
"1424",1424,1425,36.17285,55.73344,150.84138,NA,NA,NA,2.44e+09,5.73e+10,387.70134,178.75785,162.72151,1,"None","parabolic","box sum"
"1425",1425,1426,84.04067,54.05253,151.02025,NA,NA,NA,2.66e+09,6.15e+10,132.14643,169.07471,126.76243,1,"None","parabolic","box sum"
"1426",1426,1427,19.10014,53.52713,150.77598,NA,NA,NA,2.36e+09,5.28e+10,155.95653,151.6903,106.65131,1,"None","parabolic","box sum"
"1427",1427,1428,152.81527,53.03924,150.93846,NA,NA,NA,2.38e+09,5.12e+10,119.51037,140.60777,127.73344,1,"None","parabolic","box sum"
"1428",1428,1429,175.80326,52.87732,150.97978,NA,NA,NA,2.34e+09,5.14e+10,136.33585,166.4862,97.53446,1,"None","parabolic","box sum"
"1429",1429,1430,152.92267,52.89749,150.97605,NA,NA,NA,2.33e+09,5.11e+10,131.95772,165.53742,94.25397,1,"None","parabolic","box sum"
"1430",1430,1431,135.90871,49.97882,150.7937,NA,NA,NA,2.34e+09,4.65e+10,90.62105,135.61684,94.40678,1,"None","parabolic","box sum"
"1431",1431,1432,88.68031,48.38698,150.87863,NA,NA,NA,2.47e+09,5.65e+10,110.09637,164.60741,144.64815,1,"None","parabolic","box sum"
"1432",1432,1433,89.54297,48.25683,150.81903,NA,NA,NA,2.31e+09,5.32e+10,162.96618,173.75314,156.48066,1,"None","parabolic","box sum"
"1437",1437,1438,143.89968,42.32831,151.06099,NA,NA,NA,2.5e+09,5.19e+10,95.93966,146.43234,111.04153,1,"None","parabolic","box sum"
"1441",1441,1442,141.66477,69.03046,150.48655,NA,NA,NA,2.57e+09,5.68e+10,118.74332,158.96136,111.60302,1,"None","parabolic","box sum"
"1442",1442,1443,157.917,68.73438,150.609,NA,NA,NA,2.43e+09,5.38e+10,175.13445,305.32961,118.53492,1,"None","parabolic","box sum"
"1443",1443,1444,165.74608,68.51416,150.44611,NA,NA,NA,2.31e+09,5.12e+10,90.79784,152.07937,147.26107,1,"None","parabolic","box sum"
"1444",1444,1445,33.39296,67.97484,150.50077,NA,NA,NA,2.33e+09,5.12e+10,112.0494,140.25375,123.35229,1,"None","parabolic","box sum"
"1445",1445,1446,117.74181,66.14115,150.46679,NA,NA,NA,2.37e+09,5.31e+10,103.45314,149.33503,171.24578,1,"None","parabolic","box sum"
"1446",1446,1447,71.97832,63.74561,150.59466,NA,NA,NA,2.61e+09,5.68e+10,111.78558,177.25894,105.29613,1,"None","parabolic","box sum"
"1447",1447,1448,131.24741,63.00751,150.45688,NA,NA,NA,2.31e+09,5.16e+10,116.51365,145.33773,133.63498,1,"None","parabolic","box sum"
"1448",1448,1449,56.41473,62.58897,150.63995,NA,NA,NA,2.35e+09,4.93e+10,83.88132,160.54565,113.36458,1,"None","parabolic","box sum"
"1449",1449,1450,151.61712,62.14927,150.57563,NA,NA,NA,2.26e+09,4.74e+10,101.24423,146.54291,99.20006,1,"None","parabolic","box sum"
"1450",1450,1451,54.18347,61.6424,150.5076,NA,NA,NA,2.27e+09,4.98e+10,106.95125,137.36776,145.64899,1,"None","parabolic","box sum"
"1451",1451,1452,86.83455,61.06893,150.6686,NA,NA,NA,2.49e+09,5.36e+10,100.72208,167.86599,120.17016,1,"None","parabolic","box sum"
"1452",1452,1453,187.65322,59.83014,150.4109,NA,NA,NA,2.59e+09,5.49e+10,91.04426,126.94445,133.20336,1,"None","parabolic","box sum"
"1457",1457,1458,123.67166,53.96878,150.56887,NA,NA,NA,2.43e+09,5.36e+10,143.87438,135.6594,124.86695,1,"None","parabolic","box sum"
"1461",1461,1462,112.08424,53.06334,150.48776,NA,NA,NA,2.55e+09,5.39e+10,105.62725,139.73868,104.1936,1,"None","parabolic","box sum"
"1462",1462,1463,33.95364,52.31988,150.70531,NA,NA,NA,2.56e+09,5.39e+10,84.85356,141.5382,128.85298,1,"None","parabolic","box sum"
"1463",1463,1464,73.51591,51.31408,150.52659,NA,NA,NA,2.3e+09,5.16e+10,91.71543,155.86805,148.89787,1,"None","parabolic","box sum"
"1464",1464,1465,133.17948,49.40973,150.5503,NA,NA,NA,3.07e+09,6.68e+10,122.38006,158.33849,112.16274,1,"None","parabolic","box sum"
"1465",1465,1466,23.83126,48.61203,150.5426,NA,NA,NA,2.25e+09,4.97e+10,102.20975,130.73856,134.32185,1,"None","parabolic","box sum"
"1466",1466,1467,103.80616,46.77761,150.70392,NA,NA,NA,2.26e+09,5.03e+10,102.68121,158.12486,149.25158,1,"None","parabolic","box sum"
"1467",1467,1468,99.49401,45.89911,150.58873,NA,NA,NA,2.48e+09,5.48e+10,135.96088,182.41113,116.92952,1,"None","parabolic","box sum"
"1468",1468,1469,125.33268,42.42926,150.59306,NA,NA,NA,2.28e+09,4.94e+10,124.77524,111.64808,130.76422,1,"None","parabolic","box sum"
"1469",1469,1470,126.09996,41.92159,150.70236,NA,NA,NA,2.28e+09,4.9e+10,131.48931,122.39516,108.67092,1,"None","parabolic","box sum"
"1470",1470,1471,165.85955,71.90878,150.1507,NA,NA,NA,2.62e+09,5.18e+10,106.98087,192.41786,75.95061,1,"None","parabolic","box sum"
"1471",1471,1472,57.42087,70.59078,150.25214,NA,NA,NA,2.34e+09,4.69e+10,82.37411,222.02851,85.36963,1,"None","parabolic","box sum"
"1472",1472,1473,88.51336,69.1247,150.39443,NA,NA,NA,2.38e+09,5.49e+10,175.05689,142.94803,191.87115,1,"None","parabolic","box sum"
"1477",1477,1478,28.86771,65.85088,150.09258,NA,NA,NA,2.72e+09,6.05e+10,90.04943,229.56978,147.71241,1,"None","parabolic","box sum"
"1481",1481,1482,58.50781,64.07494,150.37638,NA,NA,NA,2.74e+09,6.24e+10,147.47997,154.75237,149.07207,1,"None","parabolic","box sum"
"1482",1482,1483,27.58584,62.72688,150.18311,NA,NA,NA,2.27e+09,4.72e+10,84.71188,191.94239,97.20412,1,"None","parabolic","box sum"
"1483",1483,1484,137.60825,60.57271,150.16506,NA,NA,NA,2.28e+09,5.16e+10,175.86424,215.04351,216.84732,1,"None","parabolic","box sum"
"1484",1484,1485,148.8634,59.79553,150.24389,NA,NA,NA,2.33e+09,5.1e+10,103.79758,153.75039,123.08891,1,"None","parabolic","box sum"
"1485",1485,1486,81.99191,59.81139,150.22683,NA,NA,NA,2.36e+09,5.32e+10,95.2917,172.75304,167.82635,1,"None","parabolic","box sum"
"1486",1486,1487,104.35035,58.71597,150.18008,NA,NA,NA,2.48e+09,4.88e+10,118.89172,134.8919,75.38442,1,"None","parabolic","box sum"
"1487",1487,1488,28.61705,57.84114,150.26924,NA,NA,NA,2.26e+09,4.74e+10,125.10624,138.65888,91.36015,1,"None","parabolic","box sum"
"1488",1488,1489,51.79938,56.04157,150.15982,NA,NA,NA,2.43e+09,5.67e+10,120.23771,149.97777,178.63153,1,"None","parabolic","box sum"
"1489",1489,1490,123.41123,55.21194,150.19507,NA,NA,NA,2.48e+09,5.18e+10,77.63994,169.95174,119.38305,1,"None","parabolic","box sum"
"1490",1490,1491,119.62958,52.73513,150.10661,NA,NA,NA,2.75e+09,6.37e+10,145.88237,168.31076,165.09359,1,"None","parabolic","box sum"
"1491",1491,1492,87.81301,52.84067,150.31901,NA,NA,NA,2.55e+09,5.6e+10,98.33056,183.95698,124.69442,1,"None","parabolic","box sum"
"1492",1492,1493,78.04613,51.66983,150.18169,NA,NA,NA,2.37e+09,5.32e+10,152.26544,145.83611,131.38036,1,"None","parabolic","box sum"
"1497",1497,1498,94.48118,44.24793,150.23917,NA,NA,NA,2.62e+09,5.52e+10,119.4609,171.23973,90.9375,1,"None","parabolic","box sum"
"1501",1501,1502,45.66916,38.92423,150.31961,NA,NA,NA,2.69e+09,3.99e+10,126.74048,137.92163,115.41371,1,"None","parabolic","box sum"
"1502",1502,1503,95.29388,73.40031,149.76186,NA,NA,NA,2.38e+09,5.39e+10,105.66267,161.39972,136.97691,1,"None","parabolic","box sum"
"1503",1503,1504,34.36451,72.33086,149.92264,NA,NA,NA,2.3e+09,5.1e+10,127.79089,224.01532,94.23457,1,"None","parabolic","box sum"
"1504",1504,1505,85.82539,71.8911,149.91459,NA,NA,NA,2.56e+09,5.6e+10,95.29415,128.82834,140.29036,1,"None","parabolic","box sum"
"1505",1505,1506,166.0779,71.65461,149.98382,NA,NA,NA,2.37e+09,5.04e+10,151.65535,143.22713,95.73421,1,"None","parabolic","box sum"
"1506",1506,1507,97.86997,70.61275,149.73464,NA,NA,NA,2.36e+09,5.26e+10,133.56082,164.70712,107.14792,1,"None","parabolic","box sum"
"1507",1507,1508,54.46279,68.15887,149.81599,NA,NA,NA,2.3e+09,5.18e+10,122.75381,137.88961,162.26548,1,"None","parabolic","box sum"
"1508",1508,1509,84.28711,64.21432,149.86294,NA,NA,NA,3.09e+09,6.98e+10,140.59123,162.16993,136.8168,1,"None","parabolic","box sum"
"1509",1509,1510,180.63065,59.27444,149.99039,NA,NA,NA,2.36e+09,4.99e+10,95.70332,148.26024,105.27423,1,"None","parabolic","box sum"
"1510",1510,1511,106.81569,57.18387,149.82708,NA,NA,NA,2.27e+09,5.17e+10,108.20197,156.41358,145.74558,1,"None","parabolic","box sum"
"1511",1511,1512,77.26136,56.65332,149.79575,NA,NA,NA,2.5e+09,5.52e+10,114.24061,139.0807,138.42356,1,"None","parabolic","box sum"
"1512",1512,1513,92.28494,55.17926,149.84802,NA,NA,NA,2.4e+09,5.09e+10,101.00911,153.35214,108.20654,1,"None","parabolic","box sum"
"1517",1517,1518,115.23333,52.55816,149.78289,NA,NA,NA,2.29e+09,4.78e+10,91.22931,127.35814,107.49307,1,"None","parabolic","box sum"
"1521",1521,1522,47.50427,46.46117,150.00497,NA,NA,NA,3.17e+09,6.72e+10,129.53262,159.80631,96.4215,1,"None","parabolic","box sum"
"1522",1522,1523,81.5246,45.79507,149.96547,NA,NA,NA,2.38e+09,5.41e+10,110.35653,148.00656,127.00047,1,"None","parabolic","box sum"
"1523",1523,1524,147.69192,45.7413,149.83919,NA,NA,NA,2.64e+09,5.63e+10,131.67497,129.42803,102.19818,1,"None","parabolic","box sum"
"1524",1524,1525,89.63187,44.61843,149.82217,NA,NA,NA,2.36e+09,4.97e+10,82.72099,123.52294,134.75995,1,"None","parabolic","box sum"
"1525",1525,1526,171.57687,41.40137,149.98188,NA,NA,NA,2.26e+09,5.07e+10,141.35492,145.58494,210.07647,1,"None","parabolic","box sum"
"1526",1526,1527,72.03304,38.92423,149.98152,NA,NA,NA,2.28e+09,3.36e+10,95.93661,120.25809,107.11683,1,"None","parabolic","box sum"
"1527",1527,1528,100.52787,70.42945,149.4178,NA,NA,NA,2.34e+09,5.37e+10,137.23359,246.51474,124.17445,1,"None","parabolic","box sum"
"1528",1528,1529,38.44936,70.46369,149.39884,NA,NA,NA,2.37e+09,5.21e+10,152.43888,160.72594,114.46325,1,"None","parabolic","box sum"
"1529",1529,1530,23.10837,68.98678,149.57378,NA,NA,NA,2.48e+09,5.44e+10,115.70385,147.15869,132.11678,1,"None","parabolic","box sum"
"1530",1530,1531,19.69901,68.8206,149.42362,NA,NA,NA,2.56e+09,6.19e+10,105.20953,206.94013,257.91948,1,"None","parabolic","box sum"
"1531",1531,1532,50.87704,66.54287,149.66599,NA,NA,NA,2.4e+09,5.63e+10,162.22967,146.66735,156.16804,1,"None","parabolic","box sum"
"1532",1532,1533,132.11247,64.43876,149.57976,NA,NA,NA,2.28e+09,4.9e+10,101.3169,158.05247,106.63483,1,"None","parabolic","box sum"
"1537",1537,1538,47.05479,58.45925,149.51748,NA,NA,NA,2.49e+09,5.5e+10,95.76317,171.96864,127.92182,1,"None","parabolic","box sum"
"1541",1541,1542,155.83183,55.90692,149.658,NA,NA,NA,2.45e+09,5.54e+10,112.31445,135.68714,187.57063,1,"None","parabolic","box sum"
"1542",1542,1543,18.29453,55.63595,149.72615,NA,NA,NA,2.35e+09,4.86e+10,98.13514,157.99344,103.68937,1,"None","parabolic","box sum"
"1543",1543,1544,88.41998,54.43308,149.63233,NA,NA,NA,2.25e+09,4.97e+10,132.40903,116.47546,133.50397,1,"None","parabolic","box sum"
"1544",1544,1545,74.34866,53.8761,149.40942,NA,NA,NA,2.31e+09,4.94e+10,111.34099,116.84972,132.90243,1,"None","parabolic","box sum"
"1545",1545,1546,81.61297,53.13287,149.70021,NA,NA,NA,2.34e+09,5.06e+10,86.45116,136.60192,125.77891,1,"None","parabolic","box sum"
"1546",1546,1547,158.13194,52.88705,149.71208,NA,NA,NA,2.33e+09,5.26e+10,106.26604,259.27705,167.22533,1,"None","parabolic","box sum"
"1547",1547,1548,27.01448,47.99383,149.62736,NA,NA,NA,2.47e+09,5.56e+10,109.25483,155.26015,142.43077,1,"None","parabolic","box sum"
"1548",1548,1549,85.14926,47.81768,149.6575,NA,NA,NA,2.73e+09,6.11e+10,93.2031,134.41312,186.63321,1,"None","parabolic","box sum"
"1549",1549,1550,24.08184,46.2946,149.72229,NA,NA,NA,2.28e+09,5.16e+10,119.22883,128.49635,161.15533,1,"None","parabolic","box sum"
"1550",1550,1551,72.3512,42.04101,149.55465,NA,NA,NA,2.39e+09,5.42e+10,106.26971,149.00666,181.54517,1,"None","parabolic","box sum"
"1551",1551,1552,131.15736,41.79778,149.69913,NA,NA,NA,2.76e+09,5.8e+10,77.76696,146.01469,120.38691,1,"None","parabolic","box sum"
"1552",1552,1553,96.99383,41.84595,149.70153,NA,NA,NA,2.77e+09,6.12e+10,96.27738,149.23072,136.30715,1,"None","parabolic","box sum"
"1557",1557,1558,160.6491,70.48892,149.3679,NA,NA,NA,2.42e+09,5.27e+10,117.10664,170.44485,113.74655,1,"None","parabolic","box sum"
"1561",1561,1562,37.06805,67.71024,149.32064,NA,NA,NA,2.58e+09,5.58e+10,91.04854,125.83075,144.33564,1,"None","parabolic","box sum"
"1562",1562,1563,186.69773,66.88939,149.06644,NA,NA,NA,2.31e+09,5.11e+10,112.96164,188.22798,111.4984,1,"None","parabolic","box sum"
"1563",1563,1564,90.48477,62.9335,149.17335,NA,NA,NA,2.47e+09,5.51e+10,107.58394,163.37407,125.90544,1,"None","parabolic","box sum"
"1564",1564,1565,135.51506,62.35313,149.21705,NA,NA,NA,2.44e+09,5.21e+10,135.64698,127.78664,107.82008,1,"None","parabolic","box sum"
"1565",1565,1566,47.07793,61.22456,149.3103,NA,NA,NA,2.47e+09,5.46e+10,92.05742,172.26759,137.79552,1,"None","parabolic","box sum"
"1566",1566,1567,38.01776,61.22268,149.08752,NA,NA,NA,2.31e+09,5.22e+10,100.43871,160.76699,160.6729,1,"None","parabolic","box sum"
"1567",1567,1568,138.11299,60.95342,149.18921,NA,NA,NA,2.93e+09,6.83e+10,105.78114,195.39374,176.74658,1,"None","parabolic","box sum"
"1568",1568,1569,55.16488,60.38881,149.18175,NA,NA,NA,2.26e+09,4.58e+10,92.82202,134.09686,97.48867,1,"None","parabolic","box sum"
"1569",1569,1570,27.96955,59.78024,149.10901,NA,NA,NA,2.48e+09,5.25e+10,95.89996,188.63979,97.33763,1,"None","parabolic","box sum"
"1570",1570,1571,56.28523,56.15297,149.16326,NA,NA,NA,2.54e+09,5.47e+10,117.23794,136.74483,110.90781,1,"None","parabolic","box sum"
"1571",1571,1572,181.39029,51.82668,149.19024,NA,NA,NA,2.41e+09,5.19e+10,102.61556,122.52575,135.19523,1,"None","parabolic","box sum"
"1572",1572,1573,128.40531,50.86467,149.38165,NA,NA,NA,2.3e+09,4.67e+10,94.10205,251.82986,100.52383,1,"None","parabolic","box sum"
"1577",1577,1578,122.07035,43.57215,149.24327,NA,NA,NA,2.36e+09,5.15e+10,97.37542,128.7421,158.29562,1,"None","parabolic","box sum"
"1581",1581,1582,101.49691,73.42242,148.82159,NA,NA,NA,2.54e+09,5.57e+10,98.81668,156.04489,121.26821,1,"None","parabolic","box sum"
"1582",1582,1583,132.51745,67.31183,148.87234,NA,NA,NA,2.42e+09,5.21e+10,99.80724,130.73438,131.97346,1,"None","parabolic","box sum"
"1583",1583,1584,73.66435,67.26542,148.94987,NA,NA,NA,2.29e+09,5.01e+10,119.88351,125.89209,109.25035,1,"None","parabolic","box sum"
"1584",1584,1585,94.7025,66.88095,149.03996,NA,NA,NA,2.3e+09,5.1e+10,100.69154,135.40311,136.28034,1,"None","parabolic","box sum"
"1585",1585,1586,134.47779,66.64771,148.7764,NA,NA,NA,2.42e+09,5.11e+10,116.84709,164.7429,100.06112,1,"None","parabolic","box sum"
"1586",1586,1587,185.20047,65.61894,148.83707,NA,NA,NA,2.42e+09,5.53e+10,101.6421,300.13955,132.39768,1,"None","parabolic","box sum"
"1587",1587,1588,147.141,65.15843,148.79482,NA,NA,NA,2.48e+09,5.43e+10,105.19731,166.18298,112.17964,1,"None","parabolic","box sum"
"1588",1588,1589,148.47254,61.18492,148.989,NA,NA,NA,2.32e+09,5.37e+10,143.91407,321.05145,109.64704,1,"None","parabolic","box sum"
"1589",1589,1590,127.33882,57.29022,148.78104,NA,NA,NA,2.31e+09,5.23e+10,149.16673,158.32847,124.98148,1,"None","parabolic","box sum"
"1590",1590,1591,60.94619,55.15197,148.76036,NA,NA,NA,2.27e+09,5.12e+10,114.78047,179.70413,141.66671,1,"None","parabolic","box sum"
"1591",1591,1592,22.12553,52.80908,148.83173,NA,NA,NA,2.28e+09,5.26e+10,136.07203,232.59795,124.80666,1,"None","parabolic","box sum"
"1592",1592,1593,107.01322,51.29067,148.73134,NA,NA,NA,2.39e+09,5.39e+10,171.90566,146.98851,114.20843,1,"None","parabolic","box sum"
"1597",1597,1598,186.58135,47.29105,148.80834,NA,NA,NA,2.86e+09,6.08e+10,97.39298,221.1445,94.51182,1,"None","parabolic","box sum"
"1601",1601,1602,98.23855,44.20742,149.03302,NA,NA,NA,2.25e+09,5.18e+10,118.35553,136.73836,144.13996,1,"None","parabolic","box sum"
"1602",1602,1603,133.26811,43.94054,148.83605,NA,NA,NA,2.25e+09,5.2e+10,163.7491,160.25692,154.61187,1,"None","parabolic","box sum"
"1603",1603,1604,48.69324,43.70047,148.89784,NA,NA,NA,2.33e+09,4.61e+10,104.54264,124.90439,84.3641,1,"None","parabolic","box sum"
"1604",1604,1605,54.01087,43.02001,148.94618,NA,NA,NA,2.37e+09,5.43e+10,122.99809,157.06384,148.15541,1,"None","parabolic","box sum"
"1605",1605,1606,106.44889,41.20573,148.96304,NA,NA,NA,2.36e+09,5.26e+10,113.19264,186.81711,111.26903,1,"None","parabolic","box sum"
"1606",1606,1607,176.47757,39.09987,148.84051,NA,NA,NA,2.25e+09,4.94e+10,107.02179,156.89278,113.59917,1,"None","parabolic","box sum"
"1607",1607,1608,61.20869,39.01994,148.92954,NA,NA,NA,2.45e+09,5.34e+10,121.74737,179.26311,117.08796,1,"None","parabolic","box sum"
"1608",1608,1609,52.59685,73.21097,148.57307,NA,NA,NA,2.26e+09,4.86e+10,103.87086,165.87824,99.3875,1,"None","parabolic","box sum"
"1609",1609,1610,73.20986,73.0465,148.46845,NA,NA,NA,2.42e+09,5.06e+10,86.39498,161.60095,109.31283,1,"None","parabolic","box sum"
"1610",1610,1611,139.21902,72.07002,148.48782,NA,NA,NA,2.5e+09,5.37e+10,104.34599,127.83994,121.42666,1,"None","parabolic","box sum"
"1611",1611,1612,182.23294,70.62148,148.43514,NA,NA,NA,2.28e+09,5.19e+10,100.52421,143.82631,177.0837,1,"None","parabolic","box sum"
"1612",1612,1613,46.06504,66.91148,148.71748,NA,NA,NA,2.41e+09,5.31e+10,104.14935,201.33701,115.62066,1,"None","parabolic","box sum"
"1617",1617,1618,161.0261,64.96339,148.45172,NA,NA,NA,2.35e+09,5.53e+10,102.50167,204.17409,153.84145,1,"None","parabolic","box sum"
"1621",1621,1622,75.97507,61.76269,148.53744,NA,NA,NA,2.36e+09,5.45e+10,105.19487,197.05307,209.10463,1,"None","parabolic","box sum"
"1622",1622,1623,119.94877,61.557,148.55016,NA,NA,NA,2.35e+09,5.11e+10,130.22027,157.58121,100.32648,1,"None","parabolic","box sum"
"1623",1623,1624,41.56257,60.41135,148.43141,NA,NA,NA,2.26e+09,4.87e+10,261.72302,231.47184,97.22988,1,"None","parabolic","box sum"
"1624",1624,1625,173.04206,58.6829,148.64285,NA,NA,NA,2.6e+09,5.54e+10,86.76964,144.99977,139.44098,1,"None","parabolic","box sum"
"1625",1625,1626,115.62994,57.84021,148.4876,NA,NA,NA,2.34e+09,5.18e+10,128.4932,149.29852,111.38856,1,"None","parabolic","box sum"
"1626",1626,1627,76.78707,54.71313,148.55341,NA,NA,NA,2.38e+09,5.37e+10,113.31967,159.81132,144.96681,1,"None","parabolic","box sum"
"1627",1627,1628,64.37087,54.292,148.56723,NA,NA,NA,2.6e+09,5.82e+10,129.28345,160.93242,134.21191,1,"None","parabolic","box sum"
"1628",1628,1629,138.65041,53.52462,148.60099,NA,NA,NA,2.46e+09,5.13e+10,134.72848,139.54258,87.24707,1,"None","parabolic","box sum"
"1629",1629,1630,150.52993,52.91523,148.49992,NA,NA,NA,2.28e+09,4.96e+10,380.72467,230.5001,92.70573,1,"None","parabolic","box sum"
"1630",1630,1631,111.87461,52.37188,148.57819,NA,NA,NA,2.42e+09,5.42e+10,121.10369,157.45938,118.75668,1,"None","parabolic","box sum"
"1631",1631,1632,68.89279,51.67438,148.60696,NA,NA,NA,2.35e+09,5.09e+10,126.31055,173.65593,100.16605,1,"None","parabolic","box sum"
"1632",1632,1633,110.26927,51.23983,148.46202,NA,NA,NA,2.29e+09,4.9e+10,93.3399,128.20262,123.92212,1,"None","parabolic","box sum"
"1637",1637,1638,166.83034,42.10369,148.68802,NA,NA,NA,2.61e+09,6.13e+10,126.37345,168.51228,144.98559,1,"None","parabolic","box sum"
"1641",1641,1642,71.61312,72.48433,148.24391,NA,NA,NA,2.61e+09,5.93e+10,109.48201,170.58924,151.02127,1,"None","parabolic","box sum"
"1642",1642,1643,51.86536,72.49583,148.13975,NA,NA,NA,2.26e+09,5.13e+10,140.06603,168.98106,132.2335,1,"None","parabolic","box sum"
"1643",1643,1644,65.3458,71.02347,148.32254,NA,NA,NA,2.25e+09,4.95e+10,127.04095,139.44808,115.52918,1,"None","parabolic","box sum"
"1644",1644,1645,65.11425,67.21631,148.35137,NA,NA,NA,2.48e+09,5.64e+10,118.73538,140.56084,126.04073,1,"None","parabolic","box sum"
"1645",1645,1646,48.99206,66.64214,148.18638,NA,NA,NA,2.31e+09,5.04e+10,96.84778,153.82716,127.76202,1,"None","parabolic","box sum"
"1646",1646,1647,174.78692,64.29558,148.31996,NA,NA,NA,2.29e+09,4.94e+10,93.90785,156.11422,121.86579,1,"None","parabolic","box sum"
"1647",1647,1648,26.68196,62.41111,148.25081,NA,NA,NA,2.51e+09,5.68e+10,120.8362,168.39609,133.09884,1,"None","parabolic","box sum"
"1648",1648,1649,105.21291,62.33894,148.20279,NA,NA,NA,2.6e+09,6.16e+10,123.15688,165.06657,175.21763,1,"None","parabolic","box sum"
"1649",1649,1650,90.66642,61.57653,148.32739,NA,NA,NA,2.38e+09,4.84e+10,86.61605,129.15161,102.52008,1,"None","parabolic","box sum"
"1650",1650,1651,158.62579,61.0885,148.36018,NA,NA,NA,2.42e+09,5.34e+10,109.8527,196.62625,113.0601,1,"None","parabolic","box sum"
"1651",1651,1652,119.39092,59.95588,148.30102,NA,NA,NA,2.3e+09,5.13e+10,92.47758,152.88672,311.18901,1,"None","parabolic","box sum"
"1652",1652,1653,134.61667,57.27799,148.26122,NA,NA,NA,2.58e+09,6.2e+10,152.33262,204.7942,161.37041,1,"None","parabolic","box sum"
"1657",1657,1658,79.04949,50.87596,148.12801,NA,NA,NA,2.54e+09,5.56e+10,179.41242,127.07984,95.74777,1,"None","parabolic","box sum"
"1661",1661,1662,64.0925,46.90447,148.23313,NA,NA,NA,2.32e+09,4.95e+10,110.01698,183.14004,98.95942,1,"None","parabolic","box sum"
"1662",1662,1663,16.49871,45.7382,148.2244,NA,NA,NA,2.34e+09,5.2e+10,114.18687,162.37313,122.66229,1,"None","parabolic","box sum"
"1663",1663,1664,132.32531,44.0212,148.09568,NA,NA,NA,3.01e+09,6.96e+10,142.58213,149.48314,139.25625,1,"None","parabolic","box sum"
"1664",1664,1665,71.01946,43.72688,148.13212,NA,NA,NA,2.41e+09,4.81e+10,80.52001,142.50869,99.31219,1,"None","parabolic","box sum"
"1665",1665,1666,84.7091,41.99772,148.12206,NA,NA,NA,3.29e+09,7.44e+10,113.0534,165.55327,143.48668,1,"None","parabolic","box sum"
"1666",1666,1667,138.18387,41.47159,148.04898,NA,NA,NA,2.3e+09,5.03e+10,148.16151,183.28983,105.09785,1,"None","parabolic","box sum"
"1667",1667,1668,44.21384,41.24999,148.10333,NA,NA,NA,2.38e+09,5.69e+10,184.30049,154.44571,157.31241,1,"None","parabolic","box sum"
"1668",1668,1669,184.11879,39.7813,148.22052,NA,NA,NA,2.57e+09,5.65e+10,111.12068,257.07781,105.89653,1,"None","parabolic","box sum"
"1669",1669,1670,38.15789,39.44218,148.1119,NA,NA,NA,2.31e+09,5.23e+10,122.61946,170.42905,114.97739,1,"None","parabolic","box sum"
"1670",1670,1671,186.07014,72.31835,147.90175,NA,NA,NA,2.38e+09,4.89e+10,77.41985,109.40533,158.98645,1,"None","parabolic","box sum"
"1671",1671,1672,78.00152,71.22241,148.01759,NA,NA,NA,2.56e+09,5.69e+10,100.31657,167.1605,120.77911,1,"None","parabolic","box sum"
"1672",1672,1673,31.8738,71.2199,147.75534,NA,NA,NA,2.68e+09,5.88e+10,95.44072,201.76718,105.24638,1,"None","parabolic","box sum"
"1677",1677,1678,43.58642,68.25323,147.87608,NA,NA,NA,2.31e+09,4.79e+10,139.66052,149.63867,87.56281,1,"None","parabolic","box sum"
"1681",1681,1682,27.10208,63.26472,147.71386,NA,NA,NA,2.6e+09,5.8e+10,111.13335,140.89546,147.58797,1,"None","parabolic","box sum"
"1682",1682,1683,148.82741,62.43681,147.93505,NA,NA,NA,2.4e+09,5.61e+10,159.63357,150.44361,179.20429,1,"None","parabolic","box sum"
"1683",1683,1684,79.39402,61.36489,147.94483,NA,NA,NA,2.47e+09,5.52e+10,129.43491,152.30593,130.01768,1,"None","parabolic","box sum"
"1684",1684,1685,99.15794,60.95342,147.81463,NA,NA,NA,2.48e+09,5.54e+10,128.29289,135.66023,149.07165,1,"None","parabolic","box sum"
"1685",1685,1686,42.42086,60.58659,147.728,NA,NA,NA,2.34e+09,5.22e+10,106.80224,127.70757,188.28869,1,"None","parabolic","box sum"
"1686",1686,1687,156.1577,56.88182,147.90358,NA,NA,NA,2.36e+09,5.25e+10,110.80174,172.43302,130.10697,1,"None","parabolic","box sum"
"1687",1687,1688,62.85989,56.41316,147.8636,NA,NA,NA,2.93e+09,6.23e+10,110.96479,157.74998,102.27235,1,"None","parabolic","box sum"
"1688",1688,1689,135.43853,54.16103,147.84725,NA,NA,NA,2.48e+09,5.32e+10,165.13296,118.89207,99.50297,1,"None","parabolic","box sum"
"1689",1689,1690,28.68585,52.76126,147.84046,NA,NA,NA,2.52e+09,5.39e+10,109.92171,128.9115,102.34703,1,"None","parabolic","box sum"
"1690",1690,1691,116.17171,52.46657,147.89709,NA,NA,NA,2.33e+09,4.91e+10,109.40506,135.37985,97.09512,1,"None","parabolic","box sum"
"1691",1691,1692,103.07252,50.72689,147.71935,NA,NA,NA,2.36e+09,5.17e+10,97.12381,210.29186,111.39086,1,"None","parabolic","box sum"
"1692",1692,1693,135.09693,50.62881,147.78533,NA,NA,NA,2.36e+09,5.46e+10,134.49519,136.81054,263.45542,1,"None","parabolic","box sum"
"1697",1697,1698,132.89469,45.56466,147.86144,NA,NA,NA,2.52e+09,5.69e+10,101.42072,285.86644,163.8447,1,"None","parabolic","box sum"
"1701",1701,1702,132.97069,42.39169,147.85663,NA,NA,NA,2.5e+09,5.47e+10,91.51389,147.1312,147.91633,1,"None","parabolic","box sum"
"1702",1702,1703,44.46758,41.13005,147.77493,NA,NA,NA,2.51e+09,5.69e+10,184.42019,126.72436,120.83951,1,"None","parabolic","box sum"
"1703",1703,1704,52.42707,40.36879,147.72887,NA,NA,NA,2.58e+09,5.58e+10,88.58374,175.69244,133.36232,1,"None","parabolic","box sum"
"1704",1704,1705,109.58122,71.79962,147.59808,NA,NA,NA,2.38e+09,5.06e+10,109.06184,107.93396,130.20001,1,"None","parabolic","box sum"
"1705",1705,1706,95.08085,71.07208,147.40294,NA,NA,NA,2.34e+09,5.25e+10,101.91173,138.22981,165.49475,1,"None","parabolic","box sum"
"1706",1706,1707,38.76108,69.52367,147.64733,NA,NA,NA,2.38e+09,5.4e+10,142.62854,157.81569,134.51399,1,"None","parabolic","box sum"
"1707",1707,1708,162.80151,69.25118,147.39364,NA,NA,NA,2.31e+09,4.98e+10,107.18027,149.0112,109.81518,1,"None","parabolic","box sum"
"1708",1708,1709,73.07553,68.99389,147.60175,NA,NA,NA,2.29e+09,5.28e+10,150.92678,131.67071,157.83916,1,"None","parabolic","box sum"
"1709",1709,1710,19.19913,68.49342,147.4627,NA,NA,NA,2.29e+09,5.34e+10,192.1346,184.76985,137.09196,1,"None","parabolic","box sum"
"1710",1710,1711,129.85148,68.00462,147.61362,NA,NA,NA,2.35e+09,5.09e+10,93.45593,161.48911,122.05407,1,"None","parabolic","box sum"
"1711",1711,1712,158.25956,66.77915,147.54734,NA,NA,NA,3e+09,6.43e+10,105.51366,123.4495,130.45985,1,"None","parabolic","box sum"
"1712",1712,1713,44.23063,66.3583,147.65379,NA,NA,NA,2.51e+09,5.65e+10,106.51155,132.20732,163.28853,1,"None","parabolic","box sum"
"1717",1717,1718,35.77486,60.46043,147.47956,NA,NA,NA,2.32e+09,5.1e+10,133.87106,144.89818,126.90221,1,"None","parabolic","box sum"
"1721",1721,1722,100.25153,55.57397,147.48765,NA,NA,NA,2.34e+09,5.27e+10,101.93005,131.2893,168.68085,1,"None","parabolic","box sum"
"1722",1722,1723,94.01131,55.50728,147.5214,NA,NA,NA,2.38e+09,4.95e+10,97.28504,132.23559,104.19662,1,"None","parabolic","box sum"
"1723",1723,1724,38.72371,53.44314,147.46982,NA,NA,NA,2.38e+09,5.39e+10,142.10822,156.29196,137.00591,1,"None","parabolic","box sum"
"1724",1724,1725,50.5295,52.26175,147.41668,NA,NA,NA,2.53e+09,5.9e+10,104.39363,231.16642,178.24121,1,"None","parabolic","box sum"
"1725",1725,1726,79.52179,50.86374,147.58149,NA,NA,NA,2.37e+09,5.33e+10,191.60695,218.56809,138.61747,1,"None","parabolic","box sum"
"1726",1726,1727,181.23001,50.70923,147.57511,NA,NA,NA,2.69e+09,5.92e+10,131.05709,123.7278,131.81366,1,"None","parabolic","box sum"
"1727",1727,1728,38.25375,50.35233,147.44183,NA,NA,NA,2.3e+09,5.12e+10,131.53817,149.38009,118.38743,1,"None","parabolic","box sum"
"1728",1728,1729,127.31556,49.22898,147.55764,NA,NA,NA,2.31e+09,5.08e+10,128.02785,159.8013,135.35586,1,"None","parabolic","box sum"
"1729",1729,1730,127.22691,46.91762,147.52116,NA,NA,NA,3.1e+09,6.86e+10,116.35486,160.46345,120.75658,1,"None","parabolic","box sum"
"1730",1730,1731,176.66163,46.73544,147.55912,NA,NA,NA,2.38e+09,4.87e+10,141.05781,166.12655,78.25696,1,"None","parabolic","box sum"
"1731",1731,1732,59.4996,46.46504,147.5443,NA,NA,NA,2.83e+09,6.44e+10,170.46196,180.12846,119.14304,1,"None","parabolic","box sum"
"1732",1732,1733,19.56614,46.1523,147.62249,NA,NA,NA,2.39e+09,5.29e+10,132.26613,157.39012,125.13492,1,"None","parabolic","box sum"
"1737",1737,1738,88.72053,41.29254,147.59786,NA,NA,NA,2.44e+09,5.42e+10,167.87013,140.73545,117.64997,1,"None","parabolic","box sum"
"1741",1741,1742,119.69465,38.92423,147.6445,NA,NA,NA,2.25e+09,3.38e+10,135.71416,129.87697,219.12843,1,"None","parabolic","box sum"
"1742",1742,1743,89.33541,72.60597,147.33,NA,NA,NA,2.35e+09,5.29e+10,116.53807,139.56424,148.2448,1,"None","parabolic","box sum"
"1743",1743,1744,44.09537,68.49209,147.20872,NA,NA,NA,2.25e+09,4.94e+10,110.08294,294.14277,113.50664,1,"None","parabolic","box sum"
"1744",1744,1745,178.931,68.45748,147.16754,NA,NA,NA,3.05e+09,6.91e+10,99.52327,223.43364,125.88489,1,"None","parabolic","box sum"
"1745",1745,1746,136.33006,67.71674,147.03418,NA,NA,NA,2.25e+09,4.52e+10,89.39842,110.33881,114.39306,1,"None","parabolic","box sum"
"1746",1746,1747,29.63909,66.54915,147.30212,NA,NA,NA,2.53e+09,5.47e+10,97.31191,144.02105,121.93172,1,"None","parabolic","box sum"
"1747",1747,1748,135.03459,66.3673,147.0706,NA,NA,NA,2.47e+09,4.94e+10,91.78871,119.6578,107.16502,1,"None","parabolic","box sum"
"1748",1748,1749,43.87493,62.96841,147.15701,NA,NA,NA,2.29e+09,5e+10,224.61668,153.94711,111.98322,1,"None","parabolic","box sum"
"1749",1749,1750,143.37363,59.25515,147.03513,NA,NA,NA,2.29e+09,5.06e+10,157.47901,196.29121,139.43785,1,"None","parabolic","box sum"
"1750",1750,1751,61.08014,59.21547,147.07537,NA,NA,NA,2.28e+09,4.79e+10,101.56485,152.11233,104.7118,1,"None","parabolic","box sum"
"1751",1751,1752,69.7153,58.87261,147.21369,NA,NA,NA,2.37e+09,5.4e+10,139.85595,149.30791,155.89184,1,"None","parabolic","box sum"
"1752",1752,1753,44.01803,58.74445,147.23906,NA,NA,NA,2.3e+09,5.46e+10,139.68984,271.4642,164.7163,1,"None","parabolic","box sum"
"1757",1757,1758,32.18047,49.38466,147.03406,NA,NA,NA,2.47e+09,5.85e+10,143.5617,156.97414,157.09201,1,"None","parabolic","box sum"
"1761",1761,1762,49.23615,44.61386,147.22391,NA,NA,NA,2.31e+09,4.96e+10,83.42452,131.14995,308.32544,1,"None","parabolic","box sum"
"1762",1762,1763,135.13249,43.99015,147.21992,NA,NA,NA,2.46e+09,5.47e+10,112.58804,165.16358,117.94516,1,"None","parabolic","box sum"
"1763",1763,1764,26.14391,40.98552,147.11785,NA,NA,NA,2.32e+09,4.51e+10,86.7443,107.57089,100.29581,1,"None","parabolic","box sum"
"1764",1764,1765,179.9601,40.38106,147.16322,NA,NA,NA,2.38e+09,5.44e+10,103.55131,189.27419,130.94227,1,"None","parabolic","box sum"
"1765",1765,1766,121.01308,72.08213,146.8823,NA,NA,NA,2.26e+09,4.97e+10,157.65062,137.76783,127.6768,1,"None","parabolic","box sum"
"1766",1766,1767,20.44422,71.05679,146.85328,NA,NA,NA,2.53e+09,5.77e+10,100.64147,196.29676,128.1804,1,"None","parabolic","box sum"
"1767",1767,1768,17.55065,70.71051,146.94164,NA,NA,NA,2.42e+09,5.55e+10,138.22903,173.10195,115.04112,1,"None","parabolic","box sum"
"1768",1768,1769,139.12575,70.27685,146.98677,NA,NA,NA,2.41e+09,5.36e+10,112.02498,183.42094,124.22264,1,"None","parabolic","box sum"
"1769",1769,1770,161.08585,69.43416,146.77123,NA,NA,NA,2.3e+09,5.13e+10,80.65986,271.79204,130.65803,1,"None","parabolic","box sum"
"1770",1770,1771,90.2051,68.08353,146.86705,NA,NA,NA,2.28e+09,5.14e+10,111.5584,164.55536,142.85301,1,"None","parabolic","box sum"
"1771",1771,1772,149.52457,65.06173,146.84502,NA,NA,NA,2.32e+09,5.51e+10,171.71084,153.82528,157.56504,1,"None","parabolic","box sum"
"1772",1772,1773,145.68677,64.25268,146.7466,NA,NA,NA,2.99e+09,6.74e+10,104.50416,136.82076,223.4327,1,"None","parabolic","box sum"
"1777",1777,1778,22.85933,57.98217,146.87189,NA,NA,NA,2.41e+09,4.89e+10,85.44472,138.71542,92.61602,1,"None","parabolic","box sum"
"1781",1781,1782,36.01295,54.51095,146.79285,NA,NA,NA,2.89e+09,6.37e+10,99.76938,173.58667,114.42758,1,"None","parabolic","box sum"
"1782",1782,1783,48.79724,54.47327,146.90289,NA,NA,NA,2.4e+09,5.32e+10,96.47647,183.66575,130.27845,1,"None","parabolic","box sum"
"1783",1783,1784,32.16415,51.52358,146.81223,NA,NA,NA,2.34e+09,5.48e+10,188.82703,308.57933,129.50824,1,"None","parabolic","box sum"
"1784",1784,1785,155.98699,51.16187,146.74558,NA,NA,NA,2.38e+09,5.08e+10,94.06053,160.89487,100.64159,1,"None","parabolic","box sum"
"1785",1785,1786,98.31739,50.32043,146.7161,NA,NA,NA,2.26e+09,5.56e+10,116.94236,185.04304,207.26255,1,"None","parabolic","box sum"
"1786",1786,1787,27.02791,49.34214,146.78899,NA,NA,NA,2.39e+09,5.14e+10,105.88619,128.70079,117.24536,1,"None","parabolic","box sum"
"1787",1787,1788,169.29433,48.01579,146.82533,NA,NA,NA,2.3e+09,5.08e+10,109.80018,159.32357,118.60366,1,"None","parabolic","box sum"
"1788",1788,1789,55.1136,47.97834,146.80298,NA,NA,NA,3.06e+09,6.66e+10,104.45225,155.92104,117.8491,1,"None","parabolic","box sum"
"1789",1789,1790,157.94349,47.75328,146.9949,NA,NA,NA,2.34e+09,5e+10,97.75345,160.41422,110.23742,1,"None","parabolic","box sum"
"1790",1790,1791,181.23187,47.05339,146.75159,NA,NA,NA,2.25e+09,5.07e+10,110.14859,141.12806,175.63131,1,"None","parabolic","box sum"
"1791",1791,1792,114.26239,47.09001,146.86089,NA,NA,NA,2.27e+09,4.89e+10,112.02009,135.53631,116.11716,1,"None","parabolic","box sum"
"1792",1792,1793,178.56889,46.22094,146.91579,NA,NA,NA,2.3e+09,5.52e+10,120.00336,210.16377,189.48625,1,"None","parabolic","box sum"
"1797",1797,1798,165.89431,39.00559,146.95273,NA,NA,NA,2.32e+09,5.26e+10,140.521,177.1636,124.0281,1,"None","parabolic","box sum"
"1801",1801,1802,112.33704,71.55775,146.64432,NA,NA,NA,2.88e+09,6.56e+10,105.4819,135.85291,191.6859,1,"None","parabolic","box sum"
"1802",1802,1803,71.32916,71.28386,146.51102,NA,NA,NA,2.64e+09,5.77e+10,106.86331,145.86443,119.85619,1,"None","parabolic","box sum"
"1803",1803,1804,163.91811,70.35894,146.42053,NA,NA,NA,2.29e+09,4.68e+10,97.18061,125.45248,131.77486,1,"None","parabolic","box sum"
"1804",1804,1805,165.30158,69.8123,146.45643,NA,NA,NA,2.25e+09,4.93e+10,115.52278,135.5227,118.58499,1,"None","parabolic","box sum"
"1805",1805,1806,105.76242,69.31811,146.57876,NA,NA,NA,2.25e+09,5.17e+10,187.10851,141.84184,172.00546,1,"None","parabolic","box sum"
"1806",1806,1807,150.41239,69.04363,146.49148,NA,NA,NA,2.68e+09,5.82e+10,106.97079,130.18588,150.04265,1,"None","parabolic","box sum"
"1807",1807,1808,99.66684,68.97659,146.51188,NA,NA,NA,2.3e+09,5.16e+10,96.83923,171.82391,181.21806,1,"None","parabolic","box sum"
"1808",1808,1809,130.4719,68.84072,146.62781,NA,NA,NA,2.33e+09,5.07e+10,93.0321,192.10371,190.56688,1,"None","parabolic","box sum"
"1809",1809,1810,83.23552,66.48454,146.63289,NA,NA,NA,2.42e+09,5.45e+10,144.53638,138.27378,110.06531,1,"None","parabolic","box sum"
"1810",1810,1811,93.6067,66.2966,146.48022,NA,NA,NA,2.63e+09,5.95e+10,103.94781,193.10428,142.69112,1,"None","parabolic","box sum"
"1811",1811,1812,21.16338,66.06759,146.57103,NA,NA,NA,2.27e+09,5.12e+10,167.75776,192.21453,110.99762,1,"None","parabolic","box sum"
"1812",1812,1813,57.69075,65.58179,146.60912,NA,NA,NA,2.32e+09,4.72e+10,107.50333,139.92153,90.99779,1,"None","parabolic","box sum"
"1817",1817,1818,39.09867,61.59411,146.50484,NA,NA,NA,2.6e+09,5.51e+10,75.35346,159.6075,141.52861,1,"None","parabolic","box sum"
"1821",1821,1822,75.36256,57.36652,146.60592,NA,NA,NA,2.59e+09,5.71e+10,104.89685,159.58664,119.72883,1,"None","parabolic","box sum"
"1822",1822,1823,91.3012,56.56815,146.56133,NA,NA,NA,2.29e+09,4.94e+10,112.89584,129.41989,116.03341,1,"None","parabolic","box sum"
"1823",1823,1824,15.19574,53.91039,146.38381,NA,NA,NA,2.6e+09,5.49e+10,92.57041,139.72616,117.30628,1,"None","parabolic","box sum"
"1824",1824,1825,77.26226,53.51339,146.395,NA,NA,NA,2.39e+09,5.3e+10,108.57572,198.3102,121.20083,1,"None","parabolic","box sum"
"1825",1825,1826,23.00134,51.3329,146.68447,NA,NA,NA,2.76e+09,5.76e+10,126.4278,132.21473,103.88307,1,"None","parabolic","box sum"
"1826",1826,1827,58.10462,50.92873,146.36485,NA,NA,NA,2.26e+09,5e+10,138.68584,152.28152,159.96298,1,"None","parabolic","box sum"
"1827",1827,1828,128.45479,49.89426,146.45702,NA,NA,NA,2.48e+09,5.56e+10,281.68325,164.26194,124.1031,1,"None","parabolic","box sum"
"1828",1828,1829,127.99447,49.73532,146.39143,NA,NA,NA,2.47e+09,5.37e+10,279.38944,198.55803,107.22792,1,"None","parabolic","box sum"
"1829",1829,1830,181.22149,49.41919,146.49308,NA,NA,NA,2.46e+09,5.36e+10,103.05115,118.28291,143.37705,1,"None","parabolic","box sum"
"1830",1830,1831,77.05877,49.16635,146.42142,NA,NA,NA,2.87e+09,6.39e+10,108.0896,139.8772,138.84382,1,"None","parabolic","box sum"
"1831",1831,1832,122.37052,47.52019,146.61124,NA,NA,NA,2.79e+09,6.11e+10,140.30787,159.44207,98.46061,1,"None","parabolic","box sum"
"1832",1832,1833,148.71971,45.70513,146.4663,NA,NA,NA,2.99e+09,6.44e+10,132.24292,138.60297,119.80091,1,"None","parabolic","box sum"
"1837",1837,1838,175.8711,43.65636,146.50904,NA,NA,NA,2.32e+09,5.31e+10,107.15706,172.45471,191.21912,1,"None","parabolic","box sum"
"1841",1841,1842,133.19031,39.9206,146.37655,NA,NA,NA,2.25e+09,4.95e+10,82.22876,180.62454,159.58716,1,"None","parabolic","box sum"
"1842",1842,1843,98.84455,73.45327,146.11061,NA,NA,NA,2.6e+09,5.91e+10,139.41746,145.10039,137.23789,1,"None","parabolic","box sum"
"1843",1843,1844,166.1256,72.20857,146.20039,NA,NA,NA,2.28e+09,4.99e+10,113.72456,135.31614,136.29057,1,"None","parabolic","box sum"
"1844",1844,1845,33.12913,70.08834,146.21948,NA,NA,NA,2.32e+09,5.33e+10,98.74584,167.84633,190.96743,1,"None","parabolic","box sum"
"1845",1845,1846,146.12531,67.41206,146.34578,NA,NA,NA,2.29e+09,5.2e+10,97.27099,180.56697,253.2956,1,"None","parabolic","box sum"
"1846",1846,1847,105.80213,66.97243,146.06552,NA,NA,NA,2.78e+09,6.01e+10,89.14192,140.32938,150.08594,1,"None","parabolic","box sum"
"1847",1847,1848,93.63472,66.45484,146.0464,NA,NA,NA,2.76e+09,6.2e+10,110.34798,183.12742,138.13734,1,"None","parabolic","box sum"
"1848",1848,1849,78.5514,65.67646,146.08349,NA,NA,NA,2.36e+09,4.78e+10,87.77517,111.50612,115.93223,1,"None","parabolic","box sum"
"1849",1849,1850,154.58317,65.29544,146.03322,NA,NA,NA,2.28e+09,5.13e+10,213.15439,121.55224,277.14565,1,"None","parabolic","box sum"
"1850",1850,1851,31.81057,63.48523,146.28918,NA,NA,NA,2.32e+09,5.1e+10,98.675,137.02834,142.279,1,"None","parabolic","box sum"
"1851",1851,1852,70.79491,61.19302,146.19883,NA,NA,NA,2.62e+09,5.28e+10,73.07432,145.00415,108.8786,1,"None","parabolic","box sum"
"1852",1852,1853,92.37025,61.06672,146.11782,NA,NA,NA,2.49e+09,5.82e+10,123.46833,220.15232,133.82816,1,"None","parabolic","box sum"
"1857",1857,1858,66.37807,56.43083,146.18017,NA,NA,NA,2.54e+09,5.48e+10,135.25124,154.67101,97.4845,1,"None","parabolic","box sum"
"1861",1861,1862,90.73005,52.7709,146.17315,NA,NA,NA,2.64e+09,5.84e+10,95.89142,125.71591,160.92157,1,"None","parabolic","box sum"
"1862",1862,1863,145.62677,52.33846,146.1379,NA,NA,NA,2.73e+09,6.15e+10,117.08221,154.33598,129.9527,1,"None","parabolic","box sum"
"1863",1863,1864,32.46072,51.81294,146.11774,NA,NA,NA,2.52e+09,5.74e+10,190.76662,122.48152,145.86334,1,"None","parabolic","box sum"
"1864",1864,1865,128.83797,51.71464,146.08965,NA,NA,NA,2.45e+09,5.3e+10,138.14231,154.908,99.69792,1,"None","parabolic","box sum"
"1865",1865,1866,45.53574,51.43214,146.20971,NA,NA,NA,2.74e+09,6.29e+10,135.91569,172.41216,112.63254,1,"None","parabolic","box sum"
"1866",1866,1867,140.62338,50.98078,146.19027,NA,NA,NA,2.55e+09,5.55e+10,110.84815,144.16844,113.34132,1,"None","parabolic","box sum"
"1867",1867,1868,127.59835,50.31683,146.10635,NA,NA,NA,2.69e+09,6.05e+10,88.43106,180.30912,224.67439,1,"None","parabolic","box sum"
"1868",1868,1869,183.54838,48.81792,146.22706,NA,NA,NA,2.37e+09,5e+10,91.17908,141.93875,117.55443,1,"None","parabolic","box sum"
"1869",1869,1870,17.02346,47.61475,146.17487,NA,NA,NA,2.43e+09,5.34e+10,125.35297,147.2109,130.23715,1,"None","parabolic","box sum"
"1870",1870,1871,95.84684,46.07469,146.20134,NA,NA,NA,2.36e+09,5.38e+10,105.10082,165.58832,141.14371,1,"None","parabolic","box sum"
"1871",1871,1872,138.30261,45.98221,146.21847,NA,NA,NA,2.7e+09,5.71e+10,133.11623,132.55894,111.40963,1,"None","parabolic","box sum"
"1872",1872,1873,103.57777,40.17614,146.04811,NA,NA,NA,2.31e+09,5.51e+10,121.33698,301.0537,210.37291,1,"None","parabolic","box sum"
"1877",1877,1878,95.04462,69.65111,145.76088,NA,NA,NA,2.26e+09,5.07e+10,140.11244,203.16438,128.67628,1,"None","parabolic","box sum"
"1881",1881,1882,138.26652,63.88431,145.85391,NA,NA,NA,2.28e+09,5.07e+10,99.14402,155.84448,144.89567,1,"None","parabolic","box sum"
"1882",1882,1883,23.27927,62.87399,145.89515,NA,NA,NA,2.27e+09,5.01e+10,98.15712,234.71352,120.188,1,"None","parabolic","box sum"
"1883",1883,1884,147.73772,61.93741,145.90782,NA,NA,NA,2.33e+09,5.33e+10,111.09671,204.65109,122.16704,1,"None","parabolic","box sum"
"1884",1884,1885,114.98987,61.25736,145.84333,NA,NA,NA,2.66e+09,5.57e+10,129.71583,143.84654,97.40762,1,"None","parabolic","box sum"
"1885",1885,1886,76.48406,60.91496,145.97208,NA,NA,NA,2.28e+09,5.29e+10,125.28457,195.27274,162.33265,1,"None","parabolic","box sum"
"1886",1886,1887,86.10963,55.29647,145.80862,NA,NA,NA,2.87e+09,6.15e+10,104.73318,160.46095,108.6826,1,"None","parabolic","box sum"
"1887",1887,1888,189.65767,52.16065,145.68324,NA,NA,NA,2.32e+09,5.08e+10,96.10366,133.30829,141.67756,1,"None","parabolic","box sum"
"1888",1888,1889,175.61694,51.87908,145.82,NA,NA,NA,2.3e+09,4.9e+10,99.9416,336.25227,93.06496,1,"None","parabolic","box sum"
"1889",1889,1890,42.36509,50.78618,145.75167,NA,NA,NA,2.33e+09,5.18e+10,117.75093,138.71145,228.90252,1,"None","parabolic","box sum"
"1890",1890,1891,136.6836,49.83985,145.87757,NA,NA,NA,2.69e+09,5.28e+10,88.41641,143.08196,92.08708,1,"None","parabolic","box sum"
"1891",1891,1892,63.92874,49.2993,145.77156,NA,NA,NA,2.26e+09,5.17e+10,105.45381,152.32742,222.69869,1,"None","parabolic","box sum"
"1892",1892,1893,32.96676,46.73035,145.96589,NA,NA,NA,2.32e+09,4.92e+10,136.50929,299.4315,101.30124,1,"None","parabolic","box sum"
"1897",1897,1898,146.43798,42.81945,145.84524,NA,NA,NA,2.78e+09,6.06e+10,110.02492,160.95537,108.24659,1,"None","parabolic","box sum"
"1901",1901,1902,25.47714,39.413,145.92739,NA,NA,NA,2.83e+09,6.71e+10,118.23461,209.43862,151.81464,1,"None","parabolic","box sum"
"1902",1902,1903,144.53128,71.1819,145.57989,NA,NA,NA,2.63e+09,5.73e+10,116.57105,187.19744,102.67487,1,"None","parabolic","box sum"
"1903",1903,1904,118.06475,70.76026,145.49847,NA,NA,NA,3.2e+09,7.18e+10,109.55651,155.28586,136.54268,1,"None","parabolic","box sum"
"1904",1904,1905,97.38072,70.47445,145.50095,NA,NA,NA,2.61e+09,5.96e+10,132.20628,145.48288,140.11189,1,"None","parabolic","box sum"
"1905",1905,1906,166.39003,70.24472,145.4128,NA,NA,NA,2.55e+09,5.91e+10,109.95622,167.1688,222.33632,1,"None","parabolic","box sum"
"1906",1906,1907,147.63782,70.02952,145.38438,NA,NA,NA,2.25e+09,5.08e+10,159.6006,140.38367,142.66619,1,"None","parabolic","box sum"
"1907",1907,1908,49.41474,66.2588,145.48167,NA,NA,NA,2.34e+09,4.86e+10,87.78982,148.654,105.57266,1,"None","parabolic","box sum"
"1908",1908,1909,56.06762,64.28851,145.45473,NA,NA,NA,2.51e+09,5.51e+10,134.24969,138.8458,130.5047,1,"None","parabolic","box sum"
"1909",1909,1910,35.94201,63.02356,145.36529,NA,NA,NA,2.71e+09,5.92e+10,89.41185,164.22877,229.49854,1,"None","parabolic","box sum"
"1910",1910,1911,188.27246,62.41712,145.47522,NA,NA,NA,2.49e+09,5.22e+10,108.70638,161.85701,114.40057,1,"None","parabolic","box sum"
"1911",1911,1912,175.43615,62.16741,145.47583,NA,NA,NA,2.28e+09,5.1e+10,119.82274,157.74059,146.50671,1,"None","parabolic","box sum"
"1912",1912,1913,140.12712,59.94716,145.56692,NA,NA,NA,2.34e+09,5.16e+10,100.18527,283.4563,121.74438,1,"None","parabolic","box sum"
"1917",1917,1918,43.27619,54.66585,145.39242,NA,NA,NA,2.35e+09,5.31e+10,143.12932,161.73893,111.22157,1,"None","parabolic","box sum"
"1921",1921,1922,98.88743,47.60427,145.6614,NA,NA,NA,2.32e+09,5.09e+10,87.80448,170.68189,124.92932,1,"None","parabolic","box sum"
"1922",1922,1923,32.6446,47.63204,145.4673,NA,NA,NA,2.58e+09,5.52e+10,139.91213,118.55662,107.55795,1,"None","parabolic","box sum"
"1923",1923,1924,51.38796,46.68391,145.47962,NA,NA,NA,3.01e+09,6.1e+10,108.24106,146.13986,88.27023,1,"None","parabolic","box sum"
"1924",1924,1925,46.01678,45.24426,145.48142,NA,NA,NA,2.39e+09,4.98e+10,95.90485,138.14276,98.13809,1,"None","parabolic","box sum"
"1925",1925,1926,70.04057,45.10381,145.62758,NA,NA,NA,2.49e+09,5.27e+10,91.68855,119.83168,144.21777,1,"None","parabolic","box sum"
"1926",1926,1927,103.41284,44.47062,145.62677,NA,NA,NA,2.39e+09,5.39e+10,122.19807,158.46616,147.10356,1,"None","parabolic","box sum"
"1927",1927,1928,131.92656,44.17418,145.41528,NA,NA,NA,2.53e+09,5.57e+10,94.81902,156.0533,127.10457,1,"None","parabolic","box sum"
"1928",1928,1929,112.79775,43.60765,145.4077,NA,NA,NA,2.53e+09,5.47e+10,123.76025,133.31705,122.5704,1,"None","parabolic","box sum"
"1929",1929,1930,101.57928,43.13425,145.46483,NA,NA,NA,2.77e+09,6.04e+10,101.44759,134.49532,138.82191,1,"None","parabolic","box sum"
"1930",1930,1931,150.70212,42.56219,145.54725,NA,NA,NA,2.3e+09,5.18e+10,115.07605,137.24905,132.41166,1,"None","parabolic","box sum"
"1931",1931,1932,167.39199,42.34246,145.50804,NA,NA,NA,2.37e+09,5.11e+10,121.66096,294.81274,93.74307,1,"None","parabolic","box sum"
"1932",1932,1933,116.65657,41.90669,145.46968,NA,NA,NA,2.27e+09,4.89e+10,99.82801,116.47505,149.68801,1,"None","parabolic","box sum"
"1937",1937,1938,105.23479,40.45257,145.5602,NA,NA,NA,2.76e+09,6.34e+10,166.52048,139.7779,128.76473,1,"None","parabolic","box sum"
"1941",1941,1942,68.22587,71.49593,145.04705,NA,NA,NA,2.62e+09,6.05e+10,98.46736,167.45768,180.68327,1,"None","parabolic","box sum"
"1942",1942,1943,189.39474,70.48863,145.16885,NA,NA,NA,2.61e+09,5.96e+10,138.05558,211.22991,116.49966,1,"None","parabolic","box sum"
"1943",1943,1944,142.27858,68.99684,145.10267,NA,NA,NA,2.44e+09,5.12e+10,112.42743,155.93111,105.98342,1,"None","parabolic","box sum"
"1944",1944,1945,153.03927,68.50288,145.20142,NA,NA,NA,2.32e+09,5.27e+10,145.99901,153.22478,123.84066,1,"None","parabolic","box sum"
"1945",1945,1946,114.52208,67.89049,145.09914,NA,NA,NA,2.45e+09,5.4e+10,123.93369,162.06542,108.32733,1,"None","parabolic","box sum"
"1946",1946,1947,142.35385,66.85363,145.10275,NA,NA,NA,2.37e+09,5.08e+10,107.3018,145.05923,112.73362,1,"None","parabolic","box sum"
"1947",1947,1948,168.31007,65.6221,145.02081,NA,NA,NA,2.54e+09,5.91e+10,122.45609,185.16935,135.17958,1,"None","parabolic","box sum"
"1948",1948,1949,55.94048,64.1819,145.12179,NA,NA,NA,2.82e+09,6.19e+10,179.8961,129.24778,114.01515,1,"None","parabolic","box sum"
"1949",1949,1950,109.06014,63.9214,145.24203,NA,NA,NA,2.51e+09,5.75e+10,145.16418,131.21879,164.93535,1,"None","parabolic","box sum"
"1950",1950,1951,89.06819,60.21628,145.10301,NA,NA,NA,2.27e+09,5.12e+10,97.83589,171.13981,144.4703,1,"None","parabolic","box sum"
"1951",1951,1952,58.42937,58.5895,145.03188,NA,NA,NA,2.42e+09,5.48e+10,157.65673,166.66937,119.44793,1,"None","parabolic","box sum"
"1952",1952,1953,157.95746,57.10558,145.10247,NA,NA,NA,2.56e+09,5.81e+10,156.66678,127.63518,136.32885,1,"None","parabolic","box sum"
"1957",1957,1958,48.11402,50.39901,145.08318,NA,NA,NA,2.67e+09,5.86e+10,137.63787,178.27761,100.98988,1,"None","parabolic","box sum"
"1961",1961,1962,175.43782,43.70023,145.13347,NA,NA,NA,2.35e+09,5.13e+10,130.61509,130.81825,134.87542,1,"None","parabolic","box sum"
"1962",1962,1963,140.13334,41.68913,145.0764,NA,NA,NA,2.28e+09,5.17e+10,133.13516,182.24466,120.63767,1,"None","parabolic","box sum"
"1963",1963,1964,124.45811,41.6325,145.33053,NA,NA,NA,2.45e+09,5.29e+10,93.14447,208.90665,104.12225,1,"None","parabolic","box sum"
"1964",1964,1965,151.11473,41.53469,145.06477,NA,NA,NA,2.53e+09,5.49e+10,106.83522,171.88561,111.44614,1,"None","parabolic","box sum"
"1965",1965,1966,29.73816,38.92423,145.13021,NA,NA,NA,2.27e+09,3.41e+10,110.13668,182.69694,117.48235,1,"None","parabolic","box sum"
"1966",1966,1967,149.67081,73.25163,144.98644,NA,NA,NA,2.3e+09,5.09e+10,102.99451,147.1725,148.54437,1,"None","parabolic","box sum"
"1967",1967,1968,75.23693,71.28057,144.91476,NA,NA,NA,2.43e+09,5.31e+10,186.33536,155.01567,165.10548,1,"None","parabolic","box sum"
"1968",1968,1969,31.25466,71.12482,144.85917,NA,NA,NA,2.34e+09,5e+10,88.45671,142.74101,136.82118,1,"None","parabolic","box sum"
"1969",1969,1970,130.4836,70.18749,144.93243,NA,NA,NA,2.74e+09,5.73e+10,101.44393,148.0075,106.41348,1,"None","parabolic","box sum"
"1970",1970,1971,84.48467,70.06447,144.86125,NA,NA,NA,2.66e+09,5.34e+10,90.66502,142.28421,91.96796,1,"None","parabolic","box sum"
"1971",1971,1972,99.35355,68.65485,144.89221,NA,NA,NA,2.45e+09,5.7e+10,132.18307,162.04695,180.89022,1,"None","parabolic","box sum"
"1972",1972,1973,103.7637,67.01058,144.96754,NA,NA,NA,3.02e+09,6.84e+10,113.52975,161.18464,126.77495,1,"None","parabolic","box sum"
"1977",1977,1978,142.71295,59.61413,144.92269,NA,NA,NA,2.27e+09,5.45e+10,125.2809,196.51443,175.90742,1,"None","parabolic","box sum"
"1981",1981,1982,94.50408,55.31101,144.80417,NA,NA,NA,2.67e+09,5.69e+10,114.71085,121.70631,119.73697,1,"None","parabolic","box sum"
"1982",1982,1983,75.86177,54.99001,144.86921,NA,NA,NA,2.37e+09,5.73e+10,164.14484,200.23197,158.41515,1,"None","parabolic","box sum"
"1983",1983,1984,92.5768,53.55167,144.79698,NA,NA,NA,2.39e+09,5.66e+10,152.91156,275.70933,135.5554,1,"None","parabolic","box sum"
"1984",1984,1985,55.27808,53.41252,144.67233,NA,NA,NA,2.36e+09,5.46e+10,197.67734,235.60494,141.74087,1,"None","parabolic","box sum"
"1985",1985,1986,109.05285,51.2562,144.79948,NA,NA,NA,2.37e+09,4.82e+10,87.85822,201.33096,89.18867,1,"None","parabolic","box sum"
"1986",1986,1987,175.37737,50.03189,144.76166,NA,NA,NA,2.26e+09,4.9e+10,163.78758,137.4343,104.83217,1,"None","parabolic","box sum"
"1987",1987,1988,163.54231,49.50718,144.74842,NA,NA,NA,2.54e+09,5.89e+10,133.57731,168.35999,139.7513,1,"None","parabolic","box sum"
"1988",1988,1989,135.25848,49.57714,144.75097,NA,NA,NA,2.43e+09,5.6e+10,123.01397,216.72392,146.2498,1,"None","parabolic","box sum"
"1989",1989,1990,188.91273,49.27668,144.85246,NA,NA,NA,2.32e+09,5.55e+10,233.81502,176.7472,155.29749,1,"None","parabolic","box sum"
"1990",1990,1991,182.21212,48.54724,144.84467,NA,NA,NA,2.45e+09,5.68e+10,98.71653,184.89575,181.50386,1,"None","parabolic","box sum"
"1991",1991,1992,123.2267,42.78999,144.98828,NA,NA,NA,2.31e+09,5.22e+10,141.41813,152.7167,126.92954,1,"None","parabolic","box sum"
"1992",1992,1993,115.5354,42.59093,144.84342,NA,NA,NA,2.86e+09,6.61e+10,141.23125,164.83396,141.86688,1,"None","parabolic","box sum"
"1997",1997,1998,184.47782,63.80915,144.43966,NA,NA,NA,2.52e+09,5.29e+10,107.46424,109.49934,136.00612,1,"None","parabolic","box sum"
"2001",2001,2002,33.93949,55.1871,144.37311,NA,NA,NA,2.29e+09,5.28e+10,202.62404,186.78832,109.43873,1,"None","parabolic","box sum"
"2002",2002,2003,42.90581,55.14458,144.55883,NA,NA,NA,2.31e+09,5.18e+10,107.46913,288.31142,128.88271,1,"None","parabolic","box sum"
"2003",2003,2004,57.15403,54.23872,144.50058,NA,NA,NA,2.75e+09,6.08e+10,129.95767,150.81704,118.42863,1,"None","parabolic","box sum"
"2004",2004,2005,178.10378,53.20722,144.55235,NA,NA,NA,2.39e+09,5.39e+10,125.77634,128.37452,211.24649,1,"None","parabolic","box sum"
"2005",2005,2006,54.8097,53.03464,144.34212,NA,NA,NA,2.46e+09,5.7e+10,192.22009,204.81318,107.28654,1,"None","parabolic","box sum"
"2006",2006,2007,31.45048,52.89215,144.542,NA,NA,NA,2.75e+09,6.05e+10,138.4953,146.61676,122.71278,1,"None","parabolic","box sum"
"2007",2007,2008,186.50271,52.13552,144.49193,NA,NA,NA,2.27e+09,5.15e+10,144.21614,209.03766,116.45606,1,"None","parabolic","box sum"
"2008",2008,2009,155.51689,52.00642,144.58843,NA,NA,NA,3.21e+09,7.12e+10,112.35964,165.16775,117.02183,1,"None","parabolic","box sum"
"2009",2009,2010,121.6347,46.65194,144.40876,NA,NA,NA,2.37e+09,5.21e+10,100.30436,179.01736,117.38378,1,"None","parabolic","box sum"
"2010",2010,2011,188.03761,39.80463,144.58753,NA,NA,NA,2.62e+09,5.68e+10,112.14326,200.13475,102.05445,1,"None","parabolic","box sum"
"2011",2011,2012,68.15986,73.402,144.17483,NA,NA,NA,2.4e+09,5.54e+10,144.92967,147.61671,138.30841,1,"None","parabolic","box sum"
"2012",2012,2013,120.00812,72.85737,144.10513,NA,NA,NA,2.43e+09,5.15e+10,116.65533,123.41404,104.2567,1,"None","parabolic","box sum"
"2017",2017,2018,137.47431,69.78379,144.13665,NA,NA,NA,2.46e+09,5.6e+10,137.80765,146.53477,122.56487,1,"None","parabolic","box sum"
"2021",2021,2022,40.28402,61.14201,144.267,NA,NA,NA,2.98e+09,6.63e+10,98.03987,183.51534,136.5601,1,"None","parabolic","box sum"
"2022",2022,2023,33.71432,61.04137,144.02405,NA,NA,NA,2.35e+09,5.51e+10,120.3794,142.86834,178.29315,1,"None","parabolic","box sum"
"2023",2023,2024,189.54271,58.95739,144.2013,NA,NA,NA,2.28e+09,5.33e+10,144.01967,160.94118,143.92728,1,"None","parabolic","box sum"
"2024",2024,2025,183.7275,58.76861,144.09247,NA,NA,NA,2.93e+09,6.86e+10,123.71704,170.21251,149.96286,1,"None","parabolic","box sum"
"2025",2025,2026,31.18601,58.04381,144.02693,NA,NA,NA,2.6e+09,5.58e+10,107.62058,138.81472,103.91895,1,"None","parabolic","box sum"
"2026",2026,2027,65.87568,56.85679,144.16695,NA,NA,NA,2.4e+09,5.52e+10,112.98989,190.99632,157.42798,1,"None","parabolic","box sum"
"2027",2027,2028,146.67553,56.02984,144.18852,NA,NA,NA,2.73e+09,6.58e+10,162.25532,270.56694,190.35482,1,"None","parabolic","box sum"
"2028",2028,2029,166.37031,55.74678,144.06686,NA,NA,NA,2.35e+09,4.95e+10,202.3538,117.20604,109.4114,1,"None","parabolic","box sum"
"2029",2029,2030,149.31996,55.14468,144.21022,NA,NA,NA,2.26e+09,4.8e+10,171.99055,117.25152,107.68938,1,"None","parabolic","box sum"
"2030",2030,2031,188.6422,54.96989,144.1414,NA,NA,NA,2.54e+09,5.63e+10,122.26464,139.36734,114.73362,1,"None","parabolic","box sum"
"2031",2031,2032,125.82206,54.82688,144.01898,NA,NA,NA,2.28e+09,5.26e+10,226.84087,155.82007,129.26228,1,"None","parabolic","box sum"
"2032",2032,2033,184.50672,53.99415,144.26521,NA,NA,NA,2.62e+09,5.7e+10,109.41315,137.20816,130.52055,1,"None","parabolic","box sum"
"2037",2037,2038,166.50403,48.44855,144.2222,NA,NA,NA,2.91e+09,6.63e+10,136.71296,216.11351,117.61607,1,"None","parabolic","box sum"
"2041",2041,2042,40.46114,43.83426,144.2079,NA,NA,NA,2.25e+09,5.08e+10,112.09826,178.47079,227.70277,1,"None","parabolic","box sum"
"2042",2042,2043,52.02826,42.19106,144.08396,NA,NA,NA,2.38e+09,5.43e+10,156.61365,157.42975,133.31956,1,"None","parabolic","box sum"
"2043",2043,2044,81.18285,41.62432,144.28844,NA,NA,NA,2.62e+09,5.81e+10,111.44847,154.41775,134.62779,1,"None","parabolic","box sum"
"2044",2044,2045,177.51775,40.92512,144.20928,NA,NA,NA,2.91e+09,6.75e+10,115.39835,186.95813,159.30365,1,"None","parabolic","box sum"
"2045",2045,2046,182.39215,73.44693,143.72863,NA,NA,NA,2.56e+09,5.49e+10,85.78458,142.73806,127.27177,1,"None","parabolic","box sum"
"2046",2046,2047,87.84329,71.98529,143.81443,NA,NA,NA,2.42e+09,5.62e+10,120.22061,193.40229,151.73985,1,"None","parabolic","box sum"
"2047",2047,2048,39.7626,71.67816,143.76321,NA,NA,NA,2.65e+09,5.96e+10,97.74429,162.07298,142.88034,1,"None","parabolic","box sum"
"2048",2048,2049,178.40434,71.17144,143.6841,NA,NA,NA,2.3e+09,5.26e+10,122.0028,240.18125,115.13489,1,"None","parabolic","box sum"
"2049",2049,2050,140.57342,70.66991,143.869,NA,NA,NA,2.31e+09,5.24e+10,109.02581,164.1387,157.35455,1,"None","parabolic","box sum"
"2050",2050,2051,120.63156,69.72761,143.8368,NA,NA,NA,2.34e+09,5.19e+10,99.36021,141.42951,138.44787,1,"None","parabolic","box sum"
"2051",2051,2052,189.9266,67.35794,143.72593,NA,NA,NA,2.56e+09,5.61e+10,95.17458,131.95667,147.82611,1,"None","parabolic","box sum"
"2052",2052,2053,89.25302,66.05832,143.87167,NA,NA,NA,2.25e+09,4.98e+10,160.33527,149.00844,110.7599,1,"None","parabolic","box sum"
"2057",2057,2058,93.0901,62.24127,143.85937,NA,NA,NA,2.27e+09,5.09e+10,234.04106,124.27667,155.73788,1,"None","parabolic","box sum"
"2061",2061,2062,38.44984,51.93469,143.71,NA,NA,NA,2.64e+09,5.4e+10,88.13915,181.11813,94.77875,1,"None","parabolic","box sum"
"2062",2062,2063,33.57763,51.98591,143.79114,NA,NA,NA,2.32e+09,4.76e+10,100.70498,170.72362,86.81941,1,"None","parabolic","box sum"
"2063",2063,2064,105.36412,49.20194,143.8103,NA,NA,NA,2.46e+09,5.03e+10,86.18612,133.84193,104.46793,1,"None","parabolic","box sum"
"2064",2064,2065,129.41431,47.64805,143.97775,NA,NA,NA,2.58e+09,5.68e+10,84.34668,187.99955,162.7284,1,"None","parabolic","box sum"
"2065",2065,2066,18.75349,45.09243,143.80759,NA,NA,NA,2.54e+09,5.85e+10,102.49556,161.18443,202.90372,1,"None","parabolic","box sum"
"2066",2066,2067,166.24393,44.3052,143.9431,NA,NA,NA,2.68e+09,5.72e+10,112.89034,180.62788,114.20311,1,"None","parabolic","box sum"
"2067",2067,2068,114.0144,44.23246,143.88177,NA,NA,NA,2.27e+09,5.19e+10,110.78769,167.54806,144.60371,1,"None","parabolic","box sum"
"2068",2068,2069,32.34242,43.67358,143.84839,NA,NA,NA,2.28e+09,4.99e+10,109.80202,165.82572,102.05632,1,"None","parabolic","box sum"
"2069",2069,2070,163.82097,39.89759,143.75733,NA,NA,NA,2.33e+09,5e+10,107.00011,123.52335,129.55049,1,"None","parabolic","box sum"
"2070",2070,2071,37.03821,39.01073,143.85914,NA,NA,NA,2.36e+09,5.65e+10,166.69514,240.86583,130.00225,1,"None","parabolic","box sum"
"2071",2071,2072,37.32519,73.5815,143.51589,NA,NA,NA,2.52e+09,4.03e+10,170.00026,149.00943,140.27107,1,"None","parabolic","box sum"
"2072",2072,2073,166.67835,73.45665,143.35456,NA,NA,NA,2.84e+09,6.36e+10,114.16671,152.62981,124.35761,1,"None","parabolic","box sum"
"2077",2077,2078,166.50747,65.47458,143.34898,NA,NA,NA,2.72e+09,6.04e+10,204.18438,149.25732,121.39505,1,"None","parabolic","box sum"
"2081",2081,2082,132.23163,57.68736,143.50665,NA,NA,NA,2.65e+09,6.03e+10,107.12103,205.06915,125.15995,1,"None","parabolic","box sum"
"2082",2082,2083,171.77505,54.04863,143.52199,NA,NA,NA,2.57e+09,5.33e+10,95.21079,136.52182,101.77407,1,"None","parabolic","box sum"
"2083",2083,2084,107.72324,52.87783,143.37912,NA,NA,NA,2.92e+09,6.25e+10,96.28593,174.5972,110.27998,1,"None","parabolic","box sum"
"2084",2084,2085,105.11878,52.92878,143.3458,NA,NA,NA,2.3e+09,5.17e+10,126.02352,154.39272,129.81939,1,"None","parabolic","box sum"
"2085",2085,2086,66.66096,52.17936,143.35464,NA,NA,NA,2.34e+09,5.05e+10,98.97791,184.39215,109.53522,1,"None","parabolic","box sum"
"2086",2086,2087,109.29054,50.69502,143.64073,NA,NA,NA,2.74e+09,6.29e+10,114.03663,208.84532,124.60983,1,"None","parabolic","box sum"
"2087",2087,2088,126.90006,50.57967,143.60257,NA,NA,NA,2.26e+09,4.83e+10,118.96379,185.42147,110.25724,1,"None","parabolic","box sum"
"2088",2088,2089,58.97473,50.31443,143.47438,NA,NA,NA,2.27e+09,4.8e+10,130.0163,151.63189,89.63969,1,"None","parabolic","box sum"
"2089",2089,2090,154.98415,49.62607,143.55097,NA,NA,NA,2.53e+09,5.7e+10,87.02889,181.92506,153.59163,1,"None","parabolic","box sum"
"2090",2090,2091,135.62426,49.63719,143.57586,NA,NA,NA,2.38e+09,5.43e+10,109.2878,184.01998,158.07834,1,"None","parabolic","box sum"
"2091",2091,2092,54.95619,49.49655,143.4637,NA,NA,NA,2.69e+09,5.97e+10,131.78978,188.4948,117.46201,1,"None","parabolic","box sum"
"2092",2092,2093,70.87973,49.25264,143.43749,NA,NA,NA,2.33e+09,5.2e+10,106.65567,128.71873,162.81372,1,"None","parabolic","box sum"
"2097",2097,2098,124.41947,39.3415,143.47987,NA,NA,NA,2.54e+09,5.76e+10,136.7609,157.37051,140.59234,1,"None","parabolic","box sum"
"2101",2101,2102,87.88938,66.77403,143.27925,NA,NA,NA,2.3e+09,5.21e+10,136.47509,124.87811,208.68896,1,"None","parabolic","box sum"
"2102",2102,2103,127.21824,65.72105,143.10446,NA,NA,NA,2.32e+09,4.88e+10,129.36162,112.2513,105.24982,1,"None","parabolic","box sum"
"2103",2103,2104,64.36366,65.30421,143.12984,NA,NA,NA,2.38e+09,5.14e+10,114.09648,136.99809,110.55493,1,"None","parabolic","box sum"
"2104",2104,2105,124.74505,65.15074,143.16511,NA,NA,NA,2.35e+09,4.98e+10,100.08328,149.73995,106.04694,1,"None","parabolic","box sum"
"2105",2105,2106,64.2224,63.87988,143.12657,NA,NA,NA,2.36e+09,4.77e+10,94.90818,131.88761,98.41034,1,"None","parabolic","box sum"
"2106",2106,2107,16.48951,59.36997,143.21643,NA,NA,NA,2.26e+09,5.14e+10,98.41362,214.28123,248.78344,1,"None","parabolic","box sum"
"2107",2107,2108,88.51091,56.03958,143.03201,NA,NA,NA,2.48e+09,5.64e+10,117.85597,177.65948,141.47395,1,"None","parabolic","box sum"
"2108",2108,2109,155.45375,54.87335,143.28449,NA,NA,NA,2.45e+09,5.49e+10,167.70158,139.36776,135.72261,1,"None","parabolic","box sum"
"2109",2109,2110,28.18931,53.91715,143.1443,NA,NA,NA,2.42e+09,5.45e+10,182.85679,158.1862,122.38181,1,"None","parabolic","box sum"
"2110",2110,2111,81.92862,53.62915,143.15186,NA,NA,NA,2.44e+09,5.4e+10,167.89944,142.78948,118.36532,1,"None","parabolic","box sum"
"2111",2111,2112,120.41637,51.29174,143.04813,NA,NA,NA,2.38e+09,5.39e+10,110.35653,159.48212,133.6523,1,"None","parabolic","box sum"
"2112",2112,2113,37.20929,48.42598,143.24153,NA,NA,NA,2.27e+09,5.04e+10,113.11447,136.7321,161.14438,1,"None","parabolic","box sum"
"2117",2117,2118,81.02653,43.0533,143.08089,NA,NA,NA,2.3e+09,5.11e+10,97.32168,130.17696,186.1946,1,"None","parabolic","box sum"
"2121",2121,2122,159.47657,40.66228,143.15969,NA,NA,NA,2.52e+09,5.99e+10,150.2605,179.59774,185.60505,1,"None","parabolic","box sum"
"2122",2122,2123,91.23651,39.17172,143.20792,NA,NA,NA,2.48e+09,5.56e+10,152.63308,341.59786,112.99241,1,"None","parabolic","box sum"
"2123",2123,2124,141.12418,73.00872,142.83234,NA,NA,NA,2.37e+09,5.59e+10,107.27065,215.21607,137.2841,1,"None","parabolic","box sum"
"2124",2124,2125,45.44934,71.78335,142.93705,NA,NA,NA,2.54e+09,5.92e+10,140.07824,285.34565,148.20662,1,"None","parabolic","box sum"
"2125",2125,2126,112.99705,71.19928,142.86174,NA,NA,NA,2.43e+09,5.21e+10,116.04707,144.29744,125.85464,1,"None","parabolic","box sum"
"2126",2126,2127,81.616,71.15988,142.80532,NA,NA,NA,2.26e+09,4.97e+10,106.23062,125.59883,126.94153,1,"None","parabolic","box sum"
"2127",2127,2128,106.1742,70.53694,142.87629,NA,NA,NA,2.34e+09,5.49e+10,160.77009,182.80328,330.16527,1,"None","parabolic","box sum"
"2128",2128,2129,30.98505,69.18244,142.82533,NA,NA,NA,2.4e+09,5.3e+10,116.96679,164.83182,116.67448,1,"None","parabolic","box sum"
"2129",2129,2130,116.69302,67.54884,142.73181,NA,NA,NA,2.54e+09,5.86e+10,158.42133,157.95265,143.53633,1,"None","parabolic","box sum"
"2130",2130,2131,72.82468,64.80864,142.85559,NA,NA,NA,2.49e+09,5.29e+10,106.09871,139.8335,107.85627,1,"None","parabolic","box sum"
"2131",2131,2132,79.61849,60.57629,142.84618,NA,NA,NA,2.31e+09,5.18e+10,106.34055,142.94386,139.96711,1,"None","parabolic","box sum"
"2132",2132,2133,104.20261,60.24891,142.70972,NA,NA,NA,2.27e+09,5.01e+10,116.13257,137.15747,119.71298,1,"None","parabolic","box sum"
"2137",2137,2138,18.65188,55.2054,142.78034,NA,NA,NA,2.89e+09,6.31e+10,94.04343,158.90968,135.39404,1,"None","parabolic","box sum"
"2141",2141,2142,70.98111,53.21647,142.76669,NA,NA,NA,2.41e+09,5.46e+10,109.9437,185.09436,133.02979,1,"None","parabolic","box sum"
"2142",2142,2143,43.49714,53.0145,142.82522,NA,NA,NA,2.41e+09,5.26e+10,98.29392,131.9769,118.71392,1,"None","parabolic","box sum"
"2143",2143,2144,54.16836,51.14209,142.75552,NA,NA,NA,2.34e+09,5.36e+10,175.13261,162.77534,197.1724,1,"None","parabolic","box sum"
"2144",2144,2145,129.26272,50.76986,142.89583,NA,NA,NA,2.33e+09,5.4e+10,137.22382,186.85424,126.00172,1,"None","parabolic","box sum"
"2145",2145,2146,95.73851,47.90007,142.88456,NA,NA,NA,2.71e+09,6.02e+10,113.42104,130.04845,157.42621,1,"None","parabolic","box sum"
"2146",2146,2147,67.92605,44.04785,142.71004,NA,NA,NA,2.59e+09,5.87e+10,127.23882,145.39385,133.92141,1,"None","parabolic","box sum"
"2147",2147,2148,16.25834,43.67667,142.86133,NA,NA,NA,2.33e+09,5.15e+10,150.62143,144.21475,187.26897,1,"None","parabolic","box sum"
"2148",2148,2149,169.28465,40.48055,142.9604,NA,NA,NA,2.73e+09,5.94e+10,86.99041,168.24442,223.66479,1,"None","parabolic","box sum"
"2149",2149,2150,55.70475,39.92355,142.85163,NA,NA,NA,2.54e+09,5.49e+10,99.45426,141.48605,129.77871,1,"None","parabolic","box sum"
"2150",2150,2151,172.76493,39.80741,142.86632,NA,NA,NA,3e+09,6.99e+10,181.97005,217.12029,132.62716,1,"None","parabolic","box sum"
"2151",2151,2152,188.94257,39.16026,142.83186,NA,NA,NA,2.4e+09,5.68e+10,214.65344,391.72417,178.06962,1,"None","parabolic","box sum"
"2152",2152,2153,44.37569,72.84194,142.45154,NA,NA,NA,2.28e+09,4.71e+10,116.7738,134.80982,97.73192,1,"None","parabolic","box sum"
"2157",2157,2158,156.9867,68.64561,142.45967,NA,NA,NA,2.44e+09,5.66e+10,97.46337,190.99361,266.33756,1,"None","parabolic","box sum"
"2161",2161,2162,36.02367,56.96865,142.57691,NA,NA,NA,2.49e+09,5.59e+10,120.10824,149.60936,136.82181,1,"None","parabolic","box sum"
"2162",2162,2163,54.49839,55.8989,142.40658,NA,NA,NA,2.26e+09,5.16e+10,103.5704,171.6263,173.16046,1,"None","parabolic","box sum"
"2163",2163,2164,41.1116,54.98676,142.41361,NA,NA,NA,2.75e+09,5.81e+10,117.1671,143.16249,98.40783,1,"None","parabolic","box sum"
"2164",2164,2165,172.93577,53.52566,142.4158,NA,NA,NA,2.47e+09,5.32e+10,92.84431,142.94469,126.38119,1,"None","parabolic","box sum"
"2165",2165,2166,166.17569,52.51063,142.40342,NA,NA,NA,2.63e+09,6.09e+10,117.96162,158.57923,151.24115,1,"None","parabolic","box sum"
"2166",2166,2167,186.8963,49.54578,142.32708,NA,NA,NA,2.26e+09,4.92e+10,103.55998,132.90858,165.90187,1,"None","parabolic","box sum"
"2167",2167,2168,150.04259,48.10052,142.39859,NA,NA,NA,2.41e+09,5.59e+10,99.00661,213.24629,140.44464,1,"None","parabolic","box sum"
"2168",2168,2169,152.56046,47.57274,142.42017,NA,NA,NA,2.57e+09,6e+10,101.15446,263.09556,166.36041,1,"None","parabolic","box sum"
"2169",2169,2170,147.10465,47.07357,142.37093,NA,NA,NA,2.53e+09,5.29e+10,91.73191,144.43338,102.90164,1,"None","parabolic","box sum"
"2170",2170,2171,138.98324,46.61463,142.51571,NA,NA,NA,2.29e+09,5.43e+10,146.76361,358.50996,153.6853,1,"None","parabolic","box sum"
"2171",2171,2172,98.06961,46.0916,142.58436,NA,NA,NA,2.36e+09,4.98e+10,103.68521,144.68706,107.13175,1,"None","parabolic","box sum"
"2172",2172,2173,92.79956,46.09952,142.53955,NA,NA,NA,2.36e+09,5.22e+10,105.12525,165.78317,105.27089,1,"None","parabolic","box sum"
"2177",2177,2178,116.39103,44.50023,142.41194,NA,NA,NA,2.3e+09,5.28e+10,127.47455,179.13085,122.86809,1,"None","parabolic","box sum"
"2181",2181,2182,101.37886,71.92716,142.0314,NA,NA,NA,2.62e+09,6.16e+10,160.70536,176.04628,216.00085,1,"None","parabolic","box sum"
"2182",2182,2183,74.82532,71.83537,142.0372,NA,NA,NA,2.48e+09,5.13e+10,85.88687,149.04813,114.08702,1,"None","parabolic","box sum"
"2183",2183,2184,101.15809,71.7255,142.21487,NA,NA,NA,2.37e+09,5.79e+10,162.5509,257.97338,211.5083,1,"None","parabolic","box sum"
"2184",2184,2185,143.33878,71.54271,142.20531,NA,NA,NA,2.27e+09,5.08e+10,103.04031,147.30363,134.76548,1,"None","parabolic","box sum"
"2185",2185,2186,133.0613,66.49638,142.19594,NA,NA,NA,2.46e+09,5.23e+10,90.72853,129.7688,118.05114,1,"None","parabolic","box sum"
"2186",2186,2187,54.97151,65.5204,142.24886,NA,NA,NA,2.4e+09,5.45e+10,140.76712,126.40299,186.76683,1,"None","parabolic","box sum"
"2187",2187,2188,46.75634,65.48448,142.08539,NA,NA,NA,2.42e+09,5.27e+10,112.95324,119.52011,135.62873,1,"None","parabolic","box sum"
"2188",2188,2189,97.4945,64.98878,142.20751,NA,NA,NA,2.33e+09,5.31e+10,140.56558,141.40083,132.01487,1,"None","parabolic","box sum"
"2189",2189,2190,48.56814,64.07794,142.30564,NA,NA,NA,2.3e+09,5.37e+10,147.13309,142.48762,192.37632,1,"None","parabolic","box sum"
"2190",2190,2191,70.92985,62.57953,142.30191,NA,NA,NA,2.3e+09,5.05e+10,127.5515,120.77692,137.55843,1,"None","parabolic","box sum"
"2191",2191,2192,152.77634,60.78633,142.09124,NA,NA,NA,2.45e+09,5.57e+10,102.16212,149.76227,156.65683,1,"None","parabolic","box sum"
"2192",2192,2193,25.35065,60.53639,142.13374,NA,NA,NA,2.41e+09,5.55e+10,109.96813,156.12674,176.16683,1,"None","parabolic","box sum"
"2197",2197,2198,96.50229,57.90759,142.1131,NA,NA,NA,2.99e+09,6.5e+10,110.09271,187.43399,118.03821,1,"None","parabolic","box sum"
"2201",2201,2202,135.82947,54.73683,142.00949,NA,NA,NA,2.26e+09,4.89e+10,98.46248,149.07926,115.37772,1,"None","parabolic","box sum"
"2202",2202,2203,150.06312,54.42456,142.00019,NA,NA,NA,2.41e+09,5.33e+10,119.54457,166.65977,112.83386,1,"None","parabolic","box sum"
"2203",2203,2204,103.22148,53.12332,142.24396,NA,NA,NA,2.3e+09,5.11e+10,116.90572,176.1927,133.23611,1,"None","parabolic","box sum"
"2204",2204,2205,27.15287,52.62218,141.99343,NA,NA,NA,2.36e+09,5.11e+10,95.31858,207.10254,131.59284,1,"None","parabolic","box sum"
"2205",2205,2206,18.74269,52.37767,142.16957,NA,NA,NA,2.6e+09,6.31e+10,150.2892,208.65965,210.23804,1,"None","parabolic","box sum"
"2206",2206,2207,25.43824,51.99357,142.16615,NA,NA,NA,2.48e+09,5.73e+10,115.67698,179.86101,157.71139,1,"None","parabolic","box sum"
"2207",2207,2208,75.40542,51.65901,142.18219,NA,NA,NA,2.29e+09,5.24e+10,96.18577,194.85259,139.82379,1,"None","parabolic","box sum"
"2208",2208,2209,43.46655,49.10438,142.02204,NA,NA,NA,2.6e+09,5.75e+10,123.30833,156.61323,112.03611,1,"None","parabolic","box sum"
"2209",2209,2210,175.5329,48.29665,142.11169,NA,NA,NA,2.32e+09,4.91e+10,105.78237,152.06248,107.9028,1,"None","parabolic","box sum"
"2210",2210,2211,15.88394,47.14274,142.01646,NA,NA,NA,2.93e+09,6.18e+10,118.32499,135.48082,116.64486,1,"None","parabolic","box sum"
"2211",2211,2212,111.44606,46.70554,142.2351,NA,NA,NA,2.86e+09,6.33e+10,112.654,134.3472,143.67548,1,"None","parabolic","box sum"
"2212",2212,2213,26.81833,46.66301,142.21959,NA,NA,NA,2.55e+09,5.51e+10,85.64259,151.41493,130.44253,1,"None","parabolic","box sum"
"2217",2217,2218,38.01678,43.80658,142.01441,NA,NA,NA,2.26e+09,4.51e+10,126.67208,128.51763,86.13765,1,"None","parabolic","box sum"
"2221",2221,2222,144.95411,39.06376,142.07469,NA,NA,NA,2.36e+09,5.49e+10,135.13765,171.02611,145.57618,1,"None","parabolic","box sum"
"2222",2222,2223,156.98152,72.76051,141.83278,NA,NA,NA,2.29e+09,4.99e+10,101.52271,216.5828,97.0028,1,"None","parabolic","box sum"
"2223",2223,2224,86.67272,72.21411,141.74123,NA,NA,NA,2.63e+09,5.78e+10,109.79957,154.79249,122.25872,1,"None","parabolic","box sum"
"2224",2224,2225,149.6452,70.36749,141.8301,NA,NA,NA,2.53e+09,5.71e+10,95.9018,178.39392,142.61049,1,"None","parabolic","box sum"
"2225",2225,2226,96.78901,67.36013,141.67893,NA,NA,NA,2.54e+09,5.75e+10,98.34522,207.16575,115.30074,1,"None","parabolic","box sum"
"2226",2226,2227,125.33831,67.07608,141.75267,NA,NA,NA,3e+09,6.55e+10,112.985,147.59496,118.80863,1,"None","parabolic","box sum"
"2227",2227,2228,175.04748,65.51352,141.67308,NA,NA,NA,2.33e+09,4.96e+10,86.13909,196.66307,100.1769,1,"None","parabolic","box sum"
"2228",2228,2229,68.24914,64.65225,141.83389,NA,NA,NA,2.68e+09,6.06e+10,163.33871,191.73597,101.27401,1,"None","parabolic","box sum"
"2229",2229,2230,187.09816,63.88346,141.69341,NA,NA,NA,2.32e+09,5.21e+10,146.67685,216.62733,110.89373,1,"None","parabolic","box sum"
"2230",2230,2231,87.30016,63.87877,141.6743,NA,NA,NA,2.3e+09,5e+10,114.77558,123.99983,120.44293,1,"None","parabolic","box sum"
"2231",2231,2232,166.32585,63.51006,141.69402,NA,NA,NA,2.28e+09,5.05e+10,110.37027,139.29224,138.94093,1,"None","parabolic","box sum"
"2232",2232,2233,22.76556,61.5445,141.77463,NA,NA,NA,2.32e+09,5.44e+10,136.76335,157.3776,169.69994,1,"None","parabolic","box sum"
"2237",2237,2238,91.65835,57.04012,141.83693,NA,NA,NA,2.37e+09,4.92e+10,186.16192,132.84203,92.65232,1,"None","parabolic","box sum"
"2241",2241,2242,167.8998,48.77958,141.72127,NA,NA,NA,2.29e+09,4.9e+10,83.76101,161.7139,120.17965,1,"None","parabolic","box sum"
"2242",2242,2243,181.72897,48.53299,141.64494,NA,NA,NA,2.41e+09,5.65e+10,106.27581,212.93545,171.4617,1,"None","parabolic","box sum"
"2243",2243,2244,137.42672,48.26262,141.92128,NA,NA,NA,2.46e+09,5.37e+10,86.67102,126.48779,168.78307,1,"None","parabolic","box sum"
"2244",2244,2245,153.81767,48.02329,141.87806,NA,NA,NA,2.27e+09,5.3e+10,128.03701,179.56102,149.55491,1,"None","parabolic","box sum"
"2245",2245,2246,130.81891,47.81315,141.77337,NA,NA,NA,2.52e+09,5.69e+10,111.8552,155.77668,127.5388,1,"None","parabolic","box sum"
"2246",2246,2247,165.16374,47.37206,141.82254,NA,NA,NA,2.48e+09,5.54e+10,135.48148,165.21698,241.48563,1,"None","parabolic","box sum"
"2247",2247,2248,47.66455,46.53123,141.68399,NA,NA,NA,2.26e+09,5e+10,97.65879,142.05056,143.4823,1,"None","parabolic","box sum"
"2248",2248,2249,174.66576,46.13997,141.69969,NA,NA,NA,2.66e+09,5.9e+10,179.32754,161.41725,110.45021,1,"None","parabolic","box sum"
"2249",2249,2250,117.62031,45.95198,141.66304,NA,NA,NA,2.37e+09,5.15e+10,114.84887,184.66419,109.02014,1,"None","parabolic","box sum"
"2250",2250,2251,110.43405,43.95328,141.845,NA,NA,NA,2.35e+09,5.31e+10,106.56407,248.42983,126.97095,1,"None","parabolic","box sum"
"2251",2251,2252,186.16178,43.62935,141.8666,NA,NA,NA,2.5e+09,5.48e+10,123.3749,155.83259,99.68123,1,"None","parabolic","box sum"
"2252",2252,2253,132.14296,42.49568,141.85825,NA,NA,NA,2.65e+09,5.39e+10,92.28094,275.87748,89.64053,1,"None","parabolic","box sum"
"2257",2257,2258,139.74286,72.36875,141.30396,NA,NA,NA,2.37e+09,4.88e+10,84.08408,143.01926,105.57944,1,"None","parabolic","box sum"
"2261",2261,2262,103.13677,66.72281,141.50521,NA,NA,NA,2.57e+09,6.09e+10,128.09869,190.24196,152.84228,1,"None","parabolic","box sum"
"2262",2262,2263,58.46891,66.4135,141.36048,NA,NA,NA,2.38e+09,5.64e+10,136.71449,150.95451,166.77973,1,"None","parabolic","box sum"
"2263",2263,2264,158.04523,66.0471,141.32872,NA,NA,NA,2.37e+09,5.14e+10,122.88206,121.42864,111.22772,1,"None","parabolic","box sum"
"2264",2264,2265,152.86844,64.59697,141.50566,NA,NA,NA,2.26e+09,4.85e+10,102.49373,144.58098,111.89508,1,"None","parabolic","box sum"
"2265",2265,2266,15.64754,62.13875,141.44271,NA,NA,NA,2.36e+09,5.03e+10,104.64524,110.66884,131.69318,1,"None","parabolic","box sum"
"2266",2266,2267,92.88102,61.77233,141.54305,NA,NA,NA,2.34e+09,5.16e+10,118.41538,138.01301,122.12333,1,"None","parabolic","box sum"
"2267",2267,2268,124.45988,60.12842,141.51989,NA,NA,NA,2.32e+09,5e+10,84.58241,199.82642,123.17184,1,"None","parabolic","box sum"
"2268",2268,2269,48.96407,59.01139,141.31439,NA,NA,NA,2.91e+09,6.51e+10,105.82267,186.66857,124.22931,1,"None","parabolic","box sum"
"2269",2269,2270,176.60308,57.90001,141.4759,NA,NA,NA,2.97e+09,6.78e+10,115.45866,164.90051,127.08151,1,"None","parabolic","box sum"
"2270",2270,2271,17.31827,57.85071,141.41178,NA,NA,NA,2.56e+09,5.29e+10,99.08051,123.81834,110.61272,1,"None","parabolic","box sum"
"2271",2271,2272,91.32133,57.4049,141.59605,NA,NA,NA,2.36e+09,5.05e+10,113.06195,186.24592,109.27215,1,"None","parabolic","box sum"
"2272",2272,2273,136.88911,56.84922,141.53504,NA,NA,NA,2.77e+09,5.75e+10,139.06692,130.86477,99.30885,1,"None","parabolic","box sum"
"2277",2277,2278,81.6383,52.22668,141.38024,NA,NA,NA,2.34e+09,5.38e+10,101.33278,184.6233,128.24413,1,"None","parabolic","box sum"
"2281",2281,2282,119.21743,48.00416,141.59557,NA,NA,NA,2.29e+09,5.31e+10,117.53963,199.9954,130.68327,1,"None","parabolic","box sum"
"2282",2282,2283,155.70389,47.66843,141.5446,NA,NA,NA,2.25e+09,5.12e+10,118.77019,170.01599,122.96009,1,"None","parabolic","box sum"
"2283",2283,2284,42.87143,46.73972,141.39286,NA,NA,NA,2.35e+09,5.46e+10,133.36295,162.13989,181.81032,1,"None","parabolic","box sum"
"2284",2284,2285,16.90457,46.7782,141.59463,NA,NA,NA,2.27e+09,4.77e+10,97.21908,150.43902,105.48368,1,"None","parabolic","box sum"
"2285",2285,2286,106.38667,44.52156,141.36122,NA,NA,NA,2.4e+09,5.48e+10,122.66221,121.46181,165.71453,1,"None","parabolic","box sum"
"2286",2286,2287,23.29414,42.68302,141.57679,NA,NA,NA,2.69e+09,5.99e+10,116.57594,229.18957,110.52594,1,"None","parabolic","box sum"
"2287",2287,2288,110.0371,42.41511,141.49881,NA,NA,NA,2.69e+09,5.84e+10,127.70295,160.84731,107.09044,1,"None","parabolic","box sum"
"2288",2288,2289,71.7071,41.33781,141.63367,NA,NA,NA,3.29e+09,7.49e+10,135.14132,128.0036,153.8547,1,"None","parabolic","box sum"
"2289",2289,2290,187.02313,41.27962,141.61636,NA,NA,NA,2.3e+09,4.85e+10,81.46008,133.40968,142.33407,1,"None","parabolic","box sum"
"2290",2290,2291,98.84947,40.02511,141.43773,NA,NA,NA,2.35e+09,5.01e+10,123.48177,118.60585,130.77465,1,"None","parabolic","box sum"
"2291",2291,2292,182.62383,39.75797,141.53018,NA,NA,NA,2.41e+09,5.33e+10,221.68424,164.71589,125.0813,1,"None","parabolic","box sum"
"2292",2292,2293,143.41067,71.04025,141.08894,NA,NA,NA,2.81e+09,6.21e+10,117.11702,158.80605,130.68369,1,"None","parabolic","box sum"
"2297",2297,2298,78.98952,64.92331,141.05992,NA,NA,NA,2.31e+09,5.22e+10,136.25524,164.00085,148.98017,1,"None","parabolic","box sum"
"2301",2301,2302,113.51481,56.81282,141.15535,NA,NA,NA,2.91e+09,6.35e+10,124.10224,145.20818,99.66871,1,"None","parabolic","box sum"
"2302",2302,2303,141.18971,56.53071,141.07635,NA,NA,NA,2.27e+09,5.27e+10,106.71919,216.94818,164.99668,1,"None","parabolic","box sum"
"2303",2303,2304,125.48513,53.76881,141.05089,NA,NA,NA,2.67e+09,6.12e+10,112.86897,135.38527,149.86867,1,"None","parabolic","box sum"
"2304",2304,2305,146.71107,53.18714,141.14268,NA,NA,NA,2.31e+09,4.88e+10,95.03948,129.79269,120.63548,1,"None","parabolic","box sum"
"2305",2305,2306,95.06425,52.21682,141.04629,NA,NA,NA,2.45e+09,5.29e+10,105.60526,115.58884,132.67764,1,"None","parabolic","box sum"
"2306",2306,2307,50.55863,51.26045,141.22788,NA,NA,NA,2.65e+09,6.26e+10,129.46666,147.23635,181.48467,1,"None","parabolic","box sum"
"2307",2307,2308,70.06697,51.03319,141.13815,NA,NA,NA,2.25e+09,5.24e+10,153.54547,141.1702,154.96641,1,"None","parabolic","box sum"
"2308",2308,2309,175.51701,49.37867,140.97587,NA,NA,NA,2.34e+09,5.12e+10,153.85021,121.39922,125.67586,1,"None","parabolic","box sum"
"2309",2309,2310,39.72762,46.88722,141.14126,NA,NA,NA,2.32e+09,5.23e+10,106.91217,184.30871,129.5436,1,"None","parabolic","box sum"
"2310",2310,2311,108.4365,46.2725,141.06664,NA,NA,NA,2.33e+09,5.54e+10,182.94351,181.10561,127.51085,1,"None","parabolic","box sum"
"2311",2311,2312,90.64817,45.56102,141.04015,NA,NA,NA,2.32e+09,5.18e+10,82.60129,222.69869,208.2032,1,"None","parabolic","box sum"
"2312",2312,2313,25.85049,45.28427,141.28283,NA,NA,NA,2.74e+09,5.99e+10,98.61882,130.89919,145.98048,1,"None","parabolic","box sum"
"2317",2317,2318,170.87194,70.65999,140.65738,NA,NA,NA,2.53e+09,5.62e+10,108.51129,133.80261,150.57337,1,"None","parabolic","box sum"
"2321",2321,2322,39.65586,63.71285,140.68047,NA,NA,NA,2.33e+09,5e+10,116.46845,125.66292,140.47948,1,"None","parabolic","box sum"
"2322",2322,2323,175.35503,63.19886,140.64661,NA,NA,NA,2.33e+09,5.42e+10,143.39772,170.16453,218.99408,1,"None","parabolic","box sum"
"2323",2323,2324,29.53697,62.835,140.91726,NA,NA,NA,2.33e+09,5.01e+10,104.03698,183.11751,112.1158,1,"None","parabolic","box sum"
"2324",2324,2325,168.53919,62.54049,140.81431,NA,NA,NA,3.18e+09,7.12e+10,140.44986,157.5591,107.18662,1,"None","parabolic","box sum"
"2325",2325,2326,133.77347,62.44824,140.72297,NA,NA,NA,2.8e+09,6.44e+10,115.99577,302.23051,123.51564,1,"None","parabolic","box sum"
"2326",2326,2327,92.4347,62.4254,140.83973,NA,NA,NA,2.65e+09,6.04e+10,113.36242,220.0236,137.90035,1,"None","parabolic","box sum"
"2327",2327,2328,37.83238,60.79226,140.78822,NA,NA,NA,2.81e+09,6.15e+10,106.20619,174.62891,106.5422,1,"None","parabolic","box sum"
"2328",2328,2329,178.62787,60.47204,140.80175,NA,NA,NA,2.29e+09,4.84e+10,106.09703,156.41838,111.58779,1,"None","parabolic","box sum"
"2329",2329,2330,63.44534,59.7033,140.71222,NA,NA,NA,2.47e+09,5.2e+10,98.88508,117.56799,119.5876,1,"None","parabolic","box sum"
"2330",2330,2331,29.01868,59.35826,140.70291,NA,NA,NA,2.86e+09,6.19e+10,136.2015,126.92004,116.25287,1,"None","parabolic","box sum"
"2331",2331,2332,74.30949,59.01945,140.86273,NA,NA,NA,2.53e+09,5.51e+10,100.38008,247.72346,104.51841,1,"None","parabolic","box sum"
"2332",2332,2333,42.40851,58.54193,140.68447,NA,NA,NA,2.34e+09,5.01e+10,83.28039,147.78543,126.27062,1,"None","parabolic","box sum"
"2337",2337,2338,167.67807,53.84602,140.6614,NA,NA,NA,2.67e+09,5.88e+10,122.23685,161.65799,111.41944,1,"None","parabolic","box sum"
"2341",2341,2342,100.15504,46.8591,140.76358,NA,NA,NA,2.4e+09,5.42e+10,141.32652,135.12576,120.93756,1,"None","parabolic","box sum"
"2342",2342,2343,101.22573,45.85331,140.80855,NA,NA,NA,2.27e+09,4.91e+10,114.20763,108.4525,130.16987,1,"None","parabolic","box sum"
"2343",2343,2344,35.33532,44.11211,140.86701,NA,NA,NA,2.27e+09,4.97e+10,103.80247,157.37551,113.73529,1,"None","parabolic","box sum"
"2344",2344,2345,24.37017,43.95072,140.68792,NA,NA,NA,2.27e+09,4.87e+10,104.35943,152.16053,113.45762,1,"None","parabolic","box sum"
"2345",2345,2346,72.26699,43.53269,140.87459,NA,NA,NA,2.6e+09,5.79e+10,100.52665,167.99408,122.08682,1,"None","parabolic","box sum"
"2346",2346,2347,36.6123,42.84563,140.93847,NA,NA,NA,2.5e+09,5.15e+10,87.23775,145.67298,103.24252,1,"None","parabolic","box sum"
"2347",2347,2348,59.97951,42.68954,140.8593,NA,NA,NA,2.32e+09,5.1e+10,100.4607,140.63072,130.09059,1,"None","parabolic","box sum"
"2348",2348,2349,51.44116,39.38349,140.81454,NA,NA,NA,2.31e+09,5.13e+10,103.91239,147.38488,135.83213,1,"None","parabolic","box sum"
"2349",2349,2350,109.57916,38.92423,140.74096,NA,NA,NA,2.47e+09,3.91e+10,145.18006,146.33679,140.7634,1,"None","parabolic","box sum"
"2350",2350,2351,81.95463,73.27495,140.406,NA,NA,NA,2.4e+09,5.81e+10,150.98541,260.8424,130.43231,1,"None","parabolic","box sum"
"2351",2351,2352,171.57329,72.57118,140.47173,NA,NA,NA,2.63e+09,5.74e+10,92.99851,167.59886,130.50011,1,"None","parabolic","box sum"
"2352",2352,2353,131.30706,72.15281,140.35576,NA,NA,NA,2.36e+09,4.86e+10,87.04965,127.29866,112.50216,1,"None","parabolic","box sum"
"2357",2357,2358,34.97222,66.0115,140.34032,NA,NA,NA,2.28e+09,4.99e+10,115.04674,159.93096,110.387,1,"None","parabolic","box sum"
"2361",2361,2362,133.6547,62.74309,140.4189,NA,NA,NA,3.14e+09,7.3e+10,108.90917,238.89232,148.44465,1,"None","parabolic","box sum"
"2362",2362,2363,22.26759,62.23863,140.48699,NA,NA,NA,2.28e+09,4.76e+10,118.07094,166.02266,88.2889,1,"None","parabolic","box sum"
"2363",2363,2364,59.51348,60.18298,140.32467,NA,NA,NA,2.38e+09,5.2e+10,103.18199,125.74741,160.39148,1,"None","parabolic","box sum"
"2364",2364,2365,78.3827,58.83927,140.43985,NA,NA,NA,2.55e+09,5.59e+10,153.70181,142.79637,111.14448,1,"None","parabolic","box sum"
"2365",2365,2366,148.78576,56.53014,140.48541,NA,NA,NA,2.33e+09,4.82e+10,110.55623,178.08756,88.46289,1,"None","parabolic","box sum"
"2366",2366,2367,166.68884,54.76824,140.57682,NA,NA,NA,2.3e+09,5.1e+10,122.63472,145.96337,115.96102,1,"None","parabolic","box sum"
"2367",2367,2368,130.21453,54.19594,140.49697,NA,NA,NA,2.46e+09,5.5e+10,121.26003,144.894,146.0126,1,"None","parabolic","box sum"
"2368",2368,2369,64.5742,52.92067,140.41827,NA,NA,NA,2.31e+09,5.31e+10,114.02808,151.99155,159.63921,1,"None","parabolic","box sum"
"2369",2369,2370,28.79746,50.00923,140.41032,NA,NA,NA,2.41e+09,5.27e+10,197.22053,192.63542,95.89317,1,"None","parabolic","box sum"
"2370",2370,2371,31.43047,49.90132,140.47552,NA,NA,NA,2.47e+09,5.33e+10,101.51599,168.70421,120.56059,1,"None","parabolic","box sum"
"2371",2371,2372,174.81568,48.85244,140.46166,NA,NA,NA,2.38e+09,5.25e+10,130.0905,211.79932,103.41275,1,"None","parabolic","box sum"
"2372",2372,2373,140.25072,48.38775,140.59564,NA,NA,NA,2.45e+09,5.54e+10,121.32171,176.81605,132.06139,1,"None","parabolic","box sum"
"2377",2377,2378,32.57153,42.01491,140.43706,NA,NA,NA,2.46e+09,5.4e+10,96.66457,129.4831,131.81022,1,"None","parabolic","box sum"
"2381",2381,2382,149.29421,69.52746,140.18244,NA,NA,NA,2.38e+09,4.81e+10,88.55381,196.75809,84.3738,1,"None","parabolic","box sum"
"2382",2382,2383,155.44402,69.11293,140.13027,NA,NA,NA,2.43e+09,5.4e+10,113.66288,135.02484,120.26227,1,"None","parabolic","box sum"
"2383",2383,2384,129.28501,66.65309,140.01126,NA,NA,NA,2.3e+09,5.35e+10,198.84989,171.46254,132.75567,1,"None","parabolic","box sum"
"2384",2384,2385,145.79315,66.0141,140.05452,NA,NA,NA,2.4e+09,5.5e+10,129.45262,183.2577,126.09747,1,"None","parabolic","box sum"
"2385",2385,2386,142.90289,63.67975,140.1579,NA,NA,NA,2.47e+09,5.2e+10,88.43412,193.47927,110.20759,1,"None","parabolic","box sum"
"2386",2386,2387,109.19961,62.58156,140.12207,NA,NA,NA,2.29e+09,5.09e+10,91.63603,131.78915,166.84502,1,"None","parabolic","box sum"
"2387",2387,2388,160.33129,61.93255,140.11042,NA,NA,NA,2.58e+09,5.4e+10,89.31903,183.26625,99.55543,1,"None","parabolic","box sum"
"2388",2388,2389,19.07755,60.28177,139.982,NA,NA,NA,2.74e+09,6.03e+10,102.61037,175.94904,138.68308,1,"None","parabolic","box sum"
"2389",2389,2390,151.3394,58.0997,140.04305,NA,NA,NA,2.58e+09,5.35e+10,101.50622,131.91891,98.5668,1,"None","parabolic","box sum"
"2390",2390,2391,116.66919,58.07081,140.11709,NA,NA,NA,2.26e+09,4.99e+10,171.77985,415.59175,102.85178,1,"None","parabolic","box sum"
"2391",2391,2392,88.32211,57.73826,140.10736,NA,NA,NA,2.44e+09,5.66e+10,127.79334,192.37089,139.18877,1,"None","parabolic","box sum"
"2392",2392,2393,162.2626,57.18184,140.08073,NA,NA,NA,2.3e+09,4.89e+10,105.55213,143.86261,111.84022,1,"None","parabolic","box sum"
"2397",2397,2398,119.00153,55.14382,140.23858,NA,NA,NA,2.66e+09,5.4e+10,97.80047,132.72291,100.52091,1,"None","parabolic","box sum"
"2401",2401,2402,169.14577,47.05678,140.19235,NA,NA,NA,2.34e+09,5.36e+10,111.54771,197.5137,132.41604,1,"None","parabolic","box sum"
"2402",2402,2403,60.35167,45.9819,140.22772,NA,NA,NA,2.26e+09,4.9e+10,100.25306,150.38896,134.31382,1,"None","parabolic","box sum"
"2403",2403,2404,79.28283,44.96098,139.98669,NA,NA,NA,2.8e+09,6.35e+10,187.85723,176.19729,123.88718,1,"None","parabolic","box sum"
"2404",2404,2405,16.1656,42.21866,139.98093,NA,NA,NA,2.3e+09,4.87e+10,139.91458,119.9773,113.03684,1,"None","parabolic","box sum"
"2405",2405,2406,88.46507,41.53271,140.17301,NA,NA,NA,2.31e+09,4.9e+10,109.61758,144.42587,107.25191,1,"None","parabolic","box sum"
"2406",2406,2407,95.98146,40.91631,140.18046,NA,NA,NA,2.32e+09,4.7e+10,91.79237,150.72942,95.3128,1,"None","parabolic","box sum"
"2407",2407,2408,172.1289,39.92472,140.0642,NA,NA,NA,2.3e+09,5.28e+10,100.84819,127.77203,172.22127,1,"None","parabolic","box sum"
"2408",2408,2409,168.05075,39.28823,140.2476,NA,NA,NA,2.3e+09,5.58e+10,129.60438,175.51428,222.55996,1,"None","parabolic","box sum"
"2409",2409,2410,30.56046,39.06927,140.21492,NA,NA,NA,2.29e+09,4.88e+10,123.50864,133.13138,108.9029,1,"None","parabolic","box sum"
"2410",2410,2411,152.27547,73.5815,139.67698,NA,NA,NA,2.31e+09,3.2e+10,98.29636,127.81683,116.88226,1,"None","parabolic","box sum"
"2411",2411,2412,83.25192,72.43404,139.73489,NA,NA,NA,2.63e+09,5.88e+10,104.0272,175.11429,125.11551,1,"None","parabolic","box sum"
"2412",2412,2413,129.78311,72.37348,139.73487,NA,NA,NA,2.52e+09,5.75e+10,145.4622,172.15407,119.77598,1,"None","parabolic","box sum"
"2417",2417,2418,87.21434,66.44057,139.67048,NA,NA,NA,2.82e+09,5.94e+10,106.35521,147.22832,108.15898,1,"None","parabolic","box sum"
"2421",2421,2422,71.56446,60.7909,139.7498,NA,NA,NA,2.31e+09,4.75e+10,160.8959,163.82781,86.21359,1,"None","parabolic","box sum"
"2422",2422,2423,133.57144,60.57036,139.78377,NA,NA,NA,2.4e+09,5.25e+10,87.35134,172.03394,125.14284,1,"None","parabolic","box sum"
"2423",2423,2424,168.20643,60.01459,139.90896,NA,NA,NA,2.46e+09,5.54e+10,115.61286,151.44685,138.73002,1,"None","parabolic","box sum"
"2424",2424,2425,132.06543,57.52514,139.68719,NA,NA,NA,2.49e+09,5.69e+10,148.99085,174.08609,132.57647,1,"None","parabolic","box sum"
"2425",2425,2426,153.14449,56.81043,139.68679,NA,NA,NA,2.28e+09,5.4e+10,207.36981,159.47753,158.20873,1,"None","parabolic","box sum"
"2426",2426,2427,166.62214,56.25003,139.72844,NA,NA,NA,2.43e+09,5.27e+10,132.51407,169.71517,111.82061,1,"None","parabolic","box sum"
"2427",2427,2428,32.83504,55.99933,139.80566,NA,NA,NA,2.84e+09,6.18e+10,105.13868,162.07814,108.51341,1,"None","parabolic","box sum"
"2428",2428,2429,52.57133,55.34082,139.78897,NA,NA,NA,2.56e+09,5.62e+10,94.7323,165.15732,123.90137,1,"None","parabolic","box sum"
"2429",2429,2430,61.39601,54.72931,139.8146,NA,NA,NA,2.32e+09,5.11e+10,108.05785,177.89584,125.11343,1,"None","parabolic","box sum"
"2430",2430,2431,108.15626,53.87653,139.69782,NA,NA,NA,2.53e+09,5.6e+10,103.02077,148.36121,133.99547,1,"None","parabolic","box sum"
"2431",2431,2432,67.88698,53.24312,139.90061,NA,NA,NA,2.35e+09,5.5e+10,177.63161,205.01095,128.46506,1,"None","parabolic","box sum"
"2432",2432,2433,35.35353,51.27649,139.84228,NA,NA,NA,2.47e+09,5.38e+10,98.51622,137.01165,128.0956,1,"None","parabolic","box sum"
"2437",2437,2438,51.46363,46.22075,139.78084,NA,NA,NA,2.54e+09,5.65e+10,102.43205,138.94552,202.15395,1,"None","parabolic","box sum"
"2441",2441,2442,21.22563,41.76231,139.83966,NA,NA,NA,2.55e+09,5.3e+10,156.06646,133.09216,90.87387,1,"None","parabolic","box sum"
"2442",2442,2443,113.37193,41.6123,139.94343,NA,NA,NA,2.39e+09,5.3e+10,84.93173,150.55543,193.83016,1,"None","parabolic","box sum"
"2443",2443,2444,56.8815,40.69099,139.77426,NA,NA,NA,2.36e+09,5.13e+10,100.76361,288.41615,110.04758,1,"None","parabolic","box sum"
"2444",2444,2445,59.98724,40.61374,139.74708,NA,NA,NA,2.45e+09,5.52e+10,101.58439,216.78567,129.0715,1,"None","parabolic","box sum"
"2445",2445,2446,22.10838,39.2411,139.87037,NA,NA,NA,2.62e+09,5.71e+10,87.36478,184.36086,122.31526,1,"None","parabolic","box sum"
"2446",2446,2447,179.47339,72.4214,139.30818,NA,NA,NA,2.51e+09,5.68e+10,104.58386,149.69545,226.14795,1,"None","parabolic","box sum"
"2447",2447,2448,24.92386,69.75734,139.50939,NA,NA,NA,2.28e+09,4.98e+10,118.47645,159.66696,118.62922,1,"None","parabolic","box sum"
"2448",2448,2449,131.77247,68.46635,139.39935,NA,NA,NA,2.31e+09,5.24e+10,162.41777,131.26729,172.11717,1,"None","parabolic","box sum"
"2449",2449,2450,176.23937,67.43187,139.46393,NA,NA,NA,2.34e+09,4.79e+10,87.43684,124.67992,110.39367,1,"None","parabolic","box sum"
"2450",2450,2451,88.88647,66.7554,139.53774,NA,NA,NA,2.3e+09,5.43e+10,118.65966,124.79748,203.80306,1,"None","parabolic","box sum"
"2451",2451,2452,189.52354,66.25286,139.56158,NA,NA,NA,2.45e+09,4.86e+10,149.05502,130.97294,81.3086,1,"None","parabolic","box sum"
"2452",2452,2453,36.4981,65.02483,139.41415,NA,NA,NA,2.38e+09,5.36e+10,136.42868,137.75662,149.71283,1,"None","parabolic","box sum"
"2457",2457,2458,182.68322,58.80116,139.40825,NA,NA,NA,2.28e+09,5.26e+10,131.39603,174.6116,137.10323,1,"None","parabolic","box sum"
"2461",2461,2462,141.63841,55.23104,139.42719,NA,NA,NA,2.73e+09,6.07e+10,91.3942,155.94274,135.91766,1,"None","parabolic","box sum"
"2462",2462,2463,28.26675,54.40812,139.45013,NA,NA,NA,2.48e+09,5.46e+10,99.21242,120.8877,183.57188,1,"None","parabolic","box sum"
"2463",2463,2464,74.4166,54.01995,139.42282,NA,NA,NA,2.37e+09,5.31e+10,118.32988,161.80485,105.58194,1,"None","parabolic","box sum"
"2464",2464,2465,107.09,52.37825,139.30513,NA,NA,NA,2.44e+09,5.62e+10,104.92372,178.79915,176.35688,1,"None","parabolic","box sum"
"2465",2465,2466,38.66719,51.74646,139.43289,NA,NA,NA,2.54e+09,5.23e+10,86.61727,171.69368,95.14174,1,"None","parabolic","box sum"
"2466",2466,2467,177.4118,51.35744,139.40643,NA,NA,NA,2.42e+09,5.2e+10,147.71341,156.74925,94.36005,1,"None","parabolic","box sum"
"2467",2467,2468,157.80947,50.15478,139.4431,NA,NA,NA,2.53e+09,5.85e+10,121.55378,171.93818,139.45079,1,"None","parabolic","box sum"
"2468",2468,2469,176.22186,49.28648,139.52259,NA,NA,NA,2.35e+09,5.35e+10,121.8515,174.57384,129.90931,1,"None","parabolic","box sum"
"2469",2469,2470,156.47554,49.24743,139.51606,NA,NA,NA,2.42e+09,5.03e+10,99.51044,127.28345,111.95329,1,"None","parabolic","box sum"
"2470",2470,2471,104.63943,48.46583,139.41004,NA,NA,NA,2.34e+09,4.92e+10,80.04,162.44656,118.73248,1,"None","parabolic","box sum"
"2471",2471,2472,101.52452,47.93902,139.49995,NA,NA,NA,2.45e+09,5.4e+10,105.13746,168.88779,125.76514,1,"None","parabolic","box sum"
"2472",2472,2473,79.68783,44.92562,139.50704,NA,NA,NA,2.81e+09,6.6e+10,182.4293,168.20979,132.96387,1,"None","parabolic","box sum"
"2477",2477,2478,157.41656,72.60451,139.23436,NA,NA,NA,2.54e+09,5.51e+10,83.29016,156.72102,194.36339,1,"None","parabolic","box sum"
"2481",2481,2482,20.83525,69.79929,139.05998,NA,NA,NA,2.31e+09,5.06e+10,89.71965,167.65623,145.19379,1,"None","parabolic","box sum"
"2482",2482,2483,127.22387,69.19959,139.23379,NA,NA,NA,2.44e+09,5.48e+10,102.58839,191.54592,124.22806,1,"None","parabolic","box sum"
"2483",2483,2484,34.10177,68.95646,138.9646,NA,NA,NA,2.29e+09,5.08e+10,98.45026,211.91641,116.2343,1,"None","parabolic","box sum"
"2484",2484,2485,88.32308,68.53417,139.07433,NA,NA,NA,2.34e+09,5.24e+10,130.49631,158.14134,106.48003,1,"None","parabolic","box sum"
"2485",2485,2486,60.28967,66.87598,139.206,NA,NA,NA,2.39e+09,5.22e+10,132.87927,137.30684,116.78734,1,"None","parabolic","box sum"
"2486",2486,2487,44.0805,66.63789,139.13675,NA,NA,NA,2.27e+09,4.54e+10,76.35257,127.30432,107.18557,1,"None","parabolic","box sum"
"2487",2487,2488,15.00508,64.85989,139.08402,NA,NA,NA,2.61e+09,5.21e+10,104.08339,171.71267,79.2771,1,"None","parabolic","box sum"
"2488",2488,2489,92.64207,64.57797,139.16924,NA,NA,NA,2.54e+09,5.85e+10,160.29619,168.80706,140.54853,1,"None","parabolic","box sum"
"2489",2489,2490,161.23635,64.42094,139.04758,NA,NA,NA,2.26e+09,4.46e+10,91.2745,121.84274,88.68632,1,"None","parabolic","box sum"
"2490",2490,2491,92.38281,64.39119,139.24428,NA,NA,NA,2.34e+09,5.62e+10,145.72847,192.39447,180.1199,1,"None","parabolic","box sum"
"2491",2491,2492,165.38075,56.76077,138.95197,NA,NA,NA,2.29e+09,5.3e+10,119.17631,205.06749,168.32766,1,"None","parabolic","box sum"
"2492",2492,2493,157.01106,55.80071,139.10365,NA,NA,NA,2.34e+09,5.14e+10,108.20319,136.82932,133.1802,1,"None","parabolic","box sum"
"2497",2497,2498,130.40535,49.67659,139.08422,NA,NA,NA,2.3e+09,5.14e+10,93.95304,152.00114,159.80172,1,"None","parabolic","box sum"
"2501",2501,2502,47.01022,45.8817,138.95903,NA,NA,NA,2.34e+09,5.14e+10,122.48022,144.19681,114.0019,1,"None","parabolic","box sum"
"2502",2502,2503,158.71603,43.66468,139.06917,NA,NA,NA,2.36e+09,5.35e+10,105.07945,150.79284,215.48516,1,"None","parabolic","box sum"
"2503",2503,2504,154.24267,43.57454,139.0039,NA,NA,NA,2.37e+09,5.04e+10,101.46775,141.69925,122.00233,1,"None","parabolic","box sum"
"2504",2504,2505,82.87293,41.93543,139.27351,NA,NA,NA,2.56e+09,5.85e+10,132.0536,135.48666,178.9965,1,"None","parabolic","box sum"
"2505",2505,2506,138.63614,40.1927,139.24611,NA,NA,NA,2.41e+09,5.14e+10,93.38265,146.47281,117.36813,1,"None","parabolic","box sum"
"2506",2506,2507,121.80228,72.23335,138.70174,NA,NA,NA,2.52e+09,5.78e+10,134.64298,129.35681,158.37082,1,"None","parabolic","box sum"
"2507",2507,2508,150.03691,71.11098,138.85472,NA,NA,NA,2.46e+09,5.74e+10,276.47822,153.87251,214.05113,1,"None","parabolic","box sum"
"2508",2508,2509,89.07589,70.52713,138.64584,NA,NA,NA,2.34e+09,5.42e+10,98.23407,211.41422,211.52833,1,"None","parabolic","box sum"
"2509",2509,2510,63.01433,68.49631,138.76776,NA,NA,NA,2.37e+09,5.23e+10,130.82975,151.13319,124.79696,1,"None","parabolic","box sum"
"2510",2510,2511,130.60489,68.36899,138.80011,NA,NA,NA,2.47e+09,5.58e+10,101.82134,166.1471,138.75151,1,"None","parabolic","box sum"
"2511",2511,2512,132.93856,67.19765,138.70264,NA,NA,NA,2.4e+09,5.22e+10,97.85788,188.20076,114.20509,1,"None","parabolic","box sum"
"2512",2512,2513,110.88266,67.19628,138.82654,NA,NA,NA,2.68e+09,5.9e+10,120.89972,118.4351,132.25541,1,"None","parabolic","box sum"
"2517",2517,2518,56.52719,64.8659,138.63799,NA,NA,NA,3.16e+09,7.03e+10,115.14445,195.50973,122.13272,1,"None","parabolic","box sum"
"2521",2521,2522,141.85103,59.8698,138.71153,NA,NA,NA,2.95e+09,6.5e+10,87.69028,180.72322,135.79917,1,"None","parabolic","box sum"
"2522",2522,2523,77.66302,59.66874,138.81934,NA,NA,NA,2.29e+09,5.02e+10,106.84133,151.59956,225.87654,1,"None","parabolic","box sum"
"2523",2523,2524,23.71698,55.33908,138.81932,NA,NA,NA,2.3e+09,5.37e+10,145.43289,155.99281,152.85084,1,"None","parabolic","box sum"
"2524",2524,2525,23.60986,55.20887,138.78353,NA,NA,NA,2.4e+09,5.69e+10,143.5275,144.9495,209.70836,1,"None","parabolic","box sum"
"2525",2525,2526,97.35828,54.887,138.72293,NA,NA,NA,2.34e+09,5.16e+10,131.31465,125.71716,129.11865,1,"None","parabolic","box sum"
"2526",2526,2527,115.46756,53.25584,138.80649,NA,NA,NA,2.31e+09,4.91e+10,90.83235,122.15441,130.12168,1,"None","parabolic","box sum"
"2527",2527,2528,39.01345,53.24718,138.83812,NA,NA,NA,2.29e+09,5.13e+10,127.66631,132.31945,154.18535,1,"None","parabolic","box sum"
"2528",2528,2529,78.06512,52.57996,138.66181,NA,NA,NA,2.62e+09,5.85e+10,105.64923,172.09589,136.89879,1,"None","parabolic","box sum"
"2529",2529,2530,37.20317,51.7137,138.72781,NA,NA,NA,2.39e+09,5.36e+10,92.39209,135.70613,147.08051,1,"None","parabolic","box sum"
"2530",2530,2531,25.68837,51.63476,138.62732,NA,NA,NA,2.44e+09,5.6e+10,163.57322,153.53781,170.36355,1,"None","parabolic","box sum"
"2531",2531,2532,159.27961,50.34613,138.72463,NA,NA,NA,2.83e+09,6.56e+10,114.06289,260.02765,268.98813,1,"None","parabolic","box sum"
"2532",2532,2533,131.31767,50.3222,138.86557,NA,NA,NA,2.47e+09,5.35e+10,97.58673,181.7494,107.09816,1,"None","parabolic","box sum"
"2537",2537,2538,186.3935,44.02142,138.78462,NA,NA,NA,2.39e+09,5.21e+10,105.80206,213.66644,93.31155,1,"None","parabolic","box sum"
"2541",2541,2542,85.66921,71.7246,138.38013,NA,NA,NA,2.26e+09,5.05e+10,114.50199,252.29218,111.81498,1,"None","parabolic","box sum"
"2542",2542,2543,53.10133,71.64802,138.33923,NA,NA,NA,2.5e+09,5.76e+10,100.59261,275.80558,131.46433,1,"None","parabolic","box sum"
"2543",2543,2544,17.61238,71.68853,138.46164,NA,NA,NA,2.31e+09,5.01e+10,100.02588,155.13612,120.34217,1,"None","parabolic","box sum"
"2544",2544,2545,107.20741,70.28802,138.35776,NA,NA,NA,2.59e+09,5.96e+10,135.41125,171.04807,127.50208,1,"None","parabolic","box sum"
"2545",2545,2546,74.32648,69.93043,138.3571,NA,NA,NA,2.26e+09,5.03e+10,122.18464,135.63306,147.18398,1,"None","parabolic","box sum"
"2546",2546,2547,124.74073,69.5479,138.34621,NA,NA,NA,2.4e+09,4.94e+10,90.2302,131.93184,106.23512,1,"None","parabolic","box sum"
"2547",2547,2548,173.78618,68.07697,138.32767,NA,NA,NA,2.27e+09,4.83e+10,97.69574,160.82446,113.11111,1,"None","parabolic","box sum"
"2548",2548,2549,92.39455,66.75842,138.51515,NA,NA,NA,2.86e+09,6.24e+10,149.77988,144.99842,129.8945,1,"None","parabolic","box sum"
"2549",2549,2550,155.09468,66.20836,138.57453,NA,NA,NA,2.34e+09,4.98e+10,97.70948,161.59801,108.83823,1,"None","parabolic","box sum"
"2550",2550,2551,19.68323,63.00656,138.50227,NA,NA,NA,2.45e+09,5.47e+10,98.90463,143.35337,200.8864,1,"None","parabolic","box sum"
"2551",2551,2552,82.47061,60.23713,138.4855,NA,NA,NA,2.37e+09,5.51e+10,122.55106,127.1562,259.12768,1,"None","parabolic","box sum"
"2552",2552,2553,126.81397,58.55493,138.44496,NA,NA,NA,2.28e+09,5.07e+10,112.74683,171.56205,125.80979,1,"None","parabolic","box sum"
"2557",2557,2558,156.42572,53.64133,138.54316,NA,NA,NA,2.49e+09,5.47e+10,171.16182,265.8397,96.55845,1,"None","parabolic","box sum"
"2561",2561,2562,62.01469,48.18945,138.44258,NA,NA,NA,2.63e+09,5.94e+10,111.64145,155.02524,174.01516,1,"None","parabolic","box sum"
"2562",2562,2563,187.90021,47.29502,138.57066,NA,NA,NA,2.33e+09,5.14e+10,142.42888,142.47531,187.54643,1,"None","parabolic","box sum"
"2563",2563,2564,164.26594,43.80936,138.29178,NA,NA,NA,2.26e+09,5.31e+10,133.25974,228.81824,135.53861,1,"None","parabolic","box sum"
"2564",2564,2565,94.03213,42.42572,138.55168,NA,NA,NA,2.48e+09,5.49e+10,122.25059,295.05807,110.33443,1,"None","parabolic","box sum"
"2565",2565,2566,154.35395,42.33352,138.50621,NA,NA,NA,2.86e+09,6.69e+10,163.17016,177.53494,135.63603,1,"None","parabolic","box sum"
"2566",2566,2567,86.69955,41.26182,138.29149,NA,NA,NA,2.39e+09,5.3e+10,130.70273,117.87444,224.51407,1,"None","parabolic","box sum"
"2567",2567,2568,151.98674,40.2283,138.59249,NA,NA,NA,2.37e+09,5.3e+10,134.75719,188.07632,101.49285,1,"None","parabolic","box sum"
"2568",2568,2569,84.13723,71.69784,138.21391,NA,NA,NA,2.39e+09,5.26e+10,116.60281,241.11583,119.43802,1,"None","parabolic","box sum"
"2569",2569,2570,53.26076,71.14234,138.09902,NA,NA,NA,2.39e+09,5.42e+10,146.93033,226.66091,110.9634,1,"None","parabolic","box sum"
"2570",2570,2571,48.56804,69.7912,137.92749,NA,NA,NA,2.3e+09,5.12e+10,102.38075,176.51011,123.24756,1,"None","parabolic","box sum"
"2571",2571,2572,63.3977,69.32077,138.15649,NA,NA,NA,2.64e+09,5.61e+10,121.44935,136.50137,125.96458,1,"None","parabolic","box sum"
"2572",2572,2573,68.89307,66.87978,138.21141,NA,NA,NA,2.32e+09,5.43e+10,130.42669,176.95686,158.59571,1,"None","parabolic","box sum"
"2577",2577,2578,34.17004,61.18411,138.09363,NA,NA,NA,2.37e+09,5.08e+10,94.89597,125.95206,120.49466,1,"None","parabolic","box sum"
"2581",2581,2582,160.71528,55.39368,138.08511,NA,NA,NA,2.66e+09,5.86e+10,93.16096,148.34827,167.65237,1,"None","parabolic","box sum"
"2582",2582,2583,68.98733,55.35897,137.94428,NA,NA,NA,2.32e+09,5.5e+10,148.73313,153.44393,161.22302,1,"None","parabolic","box sum"
"2583",2583,2584,70.92658,53.78991,138.17651,NA,NA,NA,2.54e+09,5.33e+10,102.9084,139.0636,96.52215,1,"None","parabolic","box sum"
"2584",2584,2585,104.27253,53.22294,138.09904,NA,NA,NA,2.74e+09,6.09e+10,94.42695,182.19,130.64593,1,"None","parabolic","box sum"
"2585",2585,2586,169.50426,52.63759,138.12033,NA,NA,NA,2.26e+09,4.92e+10,178.00536,131.36941,113.53981,1,"None","parabolic","box sum"
"2586",2586,2587,28.95547,50.99555,138.00252,NA,NA,NA,2.44e+09,5.27e+10,132.08047,125.66167,105.13905,1,"None","parabolic","box sum"
"2587",2587,2588,33.2724,46.89904,138.02331,NA,NA,NA,2.5e+09,5.14e+10,103.26016,122.08724,100.88849,1,"None","parabolic","box sum"
"2588",2588,2589,74.46939,46.51009,138.18038,NA,NA,NA,2.34e+09,5.2e+10,111.82711,151.17961,122.64925,1,"None","parabolic","box sum"
"2589",2589,2590,68.62868,45.73991,137.97753,NA,NA,NA,2.3e+09,5.08e+10,140.39092,150.66934,128.43126,1,"None","parabolic","box sum"
"2590",2590,2591,131.05732,44.00898,138.08819,NA,NA,NA,2.33e+09,4.98e+10,95.5653,142.22747,128.46339,1,"None","parabolic","box sum"
"2591",2591,2592,63.33394,43.31275,138.07803,NA,NA,NA,2.41e+09,5.29e+10,117.66299,136.79552,122.66803,1,"None","parabolic","box sum"
"2592",2592,2593,160.88274,41.68844,138.13303,NA,NA,NA,2.51e+09,5.73e+10,123.87873,129.05586,151.19547,1,"None","parabolic","box sum"
"2597",2597,2598,32.428,63.00646,137.78953,NA,NA,NA,2.62e+09,5.86e+10,109.36719,193.07372,124.81031,1,"None","parabolic","box sum"
"2601",2601,2602,119.57706,57.97952,137.74224,NA,NA,NA,3.22e+09,7.03e+10,112.47567,142.73232,111.67416,1,"None","parabolic","box sum"
"2602",2602,2603,89.82328,56.80947,137.86663,NA,NA,NA,2.28e+09,4.76e+10,111.06251,153.65651,111.3241,1,"None","parabolic","box sum"
"2603",2603,2604,122.92077,53.53335,137.66667,NA,NA,NA,2.31e+09,5.15e+10,123.54284,142.36307,124.64112,1,"None","parabolic","box sum"
"2604",2604,2605,47.71719,53.30109,137.59646,NA,NA,NA,2.31e+09,5.09e+10,99.33456,154.37728,111.19393,1,"None","parabolic","box sum"
"2605",2605,2606,84.94882,52.90051,137.78045,NA,NA,NA,2.26e+09,5.15e+10,249.54559,153.63419,127.17623,1,"None","parabolic","box sum"
"2606",2606,2607,130.18977,52.06258,137.84272,NA,NA,NA,2.31e+09,5.05e+10,144.25545,109.41714,140.8239,1,"None","parabolic","box sum"
"2607",2607,2608,110.16317,51.31149,137.59457,NA,NA,NA,2.58e+09,5.4e+10,115.10536,139.68861,103.33139,1,"None","parabolic","box sum"
"2608",2608,2609,92.27591,50.53105,137.70903,NA,NA,NA,2.52e+09,5.35e+10,119.02241,185.16654,86.69007,1,"None","parabolic","box sum"
"2609",2609,2610,60.54869,49.60382,137.67045,NA,NA,NA,2.81e+09,6.28e+10,211.23984,139.98026,102.64003,1,"None","parabolic","box sum"
"2610",2610,2611,182.23065,45.49743,137.87932,NA,NA,NA,2.49e+09,5.08e+10,115.36506,130.11146,97.85604,1,"None","parabolic","box sum"
"2611",2611,2612,188.24236,45.25477,137.89283,NA,NA,NA,2.28e+09,5.28e+10,163.94926,129.77099,139.04211,1,"None","parabolic","box sum"
"2612",2612,2613,142.60835,44.67841,137.74334,NA,NA,NA,2.54e+09,5.34e+10,83.69872,135.23841,119.85275,1,"None","parabolic","box sum"
"2617",2617,2618,18.09771,42.45165,137.65636,NA,NA,NA,2.78e+09,6.09e+10,136.87327,115.79204,120.00149,1,"None","parabolic","box sum"
"2621",2621,2622,24.64409,39.0449,137.6641,NA,NA,NA,2.46e+09,5.76e+10,121.11468,242.6278,144.03346,1,"None","parabolic","box sum"
"2622",2622,2623,67.61064,72.09667,137.356,NA,NA,NA,2.33e+09,5.09e+10,151.40068,126.13956,113.59864,1,"None","parabolic","box sum"
"2623",2623,2624,55.91234,71.79065,137.32215,NA,NA,NA,2.42e+09,5.4e+10,97.11404,167.9242,134.7951,1,"None","parabolic","box sum"
"2624",2624,2625,71.14474,71.41688,137.32338,NA,NA,NA,2.51e+09,5.34e+10,96.4667,126.60063,151.50234,1,"None","parabolic","box sum"
"2625",2625,2626,46.89435,71.14063,137.36979,NA,NA,NA,2.66e+09,6.1e+10,123.17642,178.54021,124.99702,1,"None","parabolic","box sum"
"2626",2626,2627,132.70824,70.89245,137.32508,NA,NA,NA,2.4e+09,5.76e+10,200.20321,213.60792,130.12585,1,"None","parabolic","box sum"
"2627",2627,2628,174.69304,67.5323,137.28929,NA,NA,NA,2.67e+09,5.86e+10,106.63491,150.00552,124.39808,1,"None","parabolic","box sum"
"2628",2628,2629,140.73329,67.03244,137.37796,NA,NA,NA,2.44e+09,4.95e+10,96.35127,150.034,88.73868,1,"None","parabolic","box sum"
"2629",2629,2630,185.96979,66.81315,137.37521,NA,NA,NA,2.86e+09,6.15e+10,117.06969,151.49629,102.26348,1,"None","parabolic","box sum"
"2630",2630,2631,162.89151,65.97972,137.38967,NA,NA,NA,2.33e+09,5.01e+10,125.59969,112.54263,133.85633,1,"None","parabolic","box sum"
"2631",2631,2632,108.03949,65.71491,137.31061,NA,NA,NA,2.26e+09,5.2e+10,133.47166,180.95604,120.44063,1,"None","parabolic","box sum"
"2632",2632,2633,159.79939,65.52588,137.42343,NA,NA,NA,2.72e+09,5.8e+10,115.9347,139.93676,106.42079,1,"None","parabolic","box sum"
"2637",2637,2638,162.7216,59.14832,137.57205,NA,NA,NA,2.3e+09,4.86e+10,95.12254,134.00361,103.63346,1,"None","parabolic","box sum"
"2641",2641,2642,101.77412,57.4235,137.53002,NA,NA,NA,2.34e+09,5.17e+10,97.09084,139.87449,154.59383,1,"None","parabolic","box sum"
"2642",2642,2643,106.81356,56.87309,137.31102,NA,NA,NA,2.48e+09,5.23e+10,98.00201,123.74198,126.36366,1,"None","parabolic","box sum"
"2643",2643,2644,61.4072,56.71562,137.39135,NA,NA,NA,2.3e+09,5.44e+10,123.11046,139.13244,178.08506,1,"None","parabolic","box sum"
"2644",2644,2645,92.41028,56.18728,137.42916,NA,NA,NA,2.44e+09,5.47e+10,120.9217,165.88831,126.61505,1,"None","parabolic","box sum"
"2645",2645,2646,124.19828,55.8059,137.38055,NA,NA,NA,2.37e+09,5.27e+10,91.41862,139.18585,182.05982,1,"None","parabolic","box sum"
"2646",2646,2647,114.81614,55.09471,137.31926,NA,NA,NA,2.73e+09,6.02e+10,97.34367,147.06945,139.80189,1,"None","parabolic","box sum"
"2647",2647,2648,72.63657,54.69532,137.38348,NA,NA,NA,2.54e+09,5.68e+10,92.85866,193.98516,131.49646,1,"None","parabolic","box sum"
"2648",2648,2649,85.57164,52.78423,137.46702,NA,NA,NA,2.79e+09,6.51e+10,246.16718,154.90258,147.25387,1,"None","parabolic","box sum"
"2649",2649,2650,57.20659,52.05929,137.41886,NA,NA,NA,2.44e+09,5.11e+10,103.91484,132.71832,104.4091,1,"None","parabolic","box sum"
"2650",2650,2651,37.2445,49.40245,137.52856,NA,NA,NA,2.49e+09,5.36e+10,124.57371,168.27029,96.0221,1,"None","parabolic","box sum"
"2651",2651,2652,29.08891,48.20921,137.58415,NA,NA,NA,2.43e+09,5.47e+10,107.95036,161.15522,138.44422,1,"None","parabolic","box sum"
"2652",2652,2653,55.26166,46.96308,137.41384,NA,NA,NA,2.39e+09,5.33e+10,122.41426,122.11645,177.82116,1,"None","parabolic","box sum"
"2657",2657,2658,185.07629,44.12343,137.45386,NA,NA,NA,2.27e+09,4.99e+10,102.26349,131.12658,229.6043,1,"None","parabolic","box sum"
"2661",2661,2662,92.44152,72.87751,137.17858,NA,NA,NA,2.29e+09,5.09e+10,128.52007,166.97145,107.26547,1,"None","parabolic","box sum"
"2662",2662,2663,135.06516,72.52031,137.04401,NA,NA,NA,2.42e+09,5.59e+10,131.54061,208.48489,132.33426,1,"None","parabolic","box sum"
"2663",2663,2664,162.23977,71.23914,137.0694,NA,NA,NA,2.26e+09,4.99e+10,130.03706,133.01529,119.4956,1,"None","parabolic","box sum"
"2664",2664,2665,93.60455,68.8304,136.98087,NA,NA,NA,2.45e+09,5.4e+10,118.97478,166.61492,110.15043,1,"None","parabolic","box sum"
"2665",2665,2666,68.83091,68.81173,137.14018,NA,NA,NA,2.76e+09,6.3e+10,144.68295,157.55367,138.13922,1,"None","parabolic","box sum"
"2666",2666,2667,64.57106,68.78897,137.07036,NA,NA,NA,2.8e+09,5.98e+10,99.05364,133.24226,123.18936,1,"None","parabolic","box sum"
"2667",2667,2668,123.08594,67.55366,136.9405,NA,NA,NA,2.36e+09,5.22e+10,111.81245,232.72458,106.64839,1,"None","parabolic","box sum"
"2668",2668,2669,82.75503,67.12165,137.01454,NA,NA,NA,2.68e+09,6.26e+10,111.55107,202.90487,169.73478,1,"None","parabolic","box sum"
"2669",2669,2670,79.20331,65.11945,137.08324,NA,NA,NA,2.46e+09,5.58e+10,160.85437,154.9056,135.57845,1,"None","parabolic","box sum"
"2670",2670,2671,188.14018,65.00587,136.99812,NA,NA,NA,2.98e+09,6.81e+10,97.15034,141.3155,192.17354,1,"None","parabolic","box sum"
"2671",2671,2672,30.36969,64.62593,137.25099,NA,NA,NA,2.5e+09,5.52e+10,135.75691,131.21034,135.70967,1,"None","parabolic","box sum"
"2672",2672,2673,186.63038,62.64674,137.00077,NA,NA,NA,2.9e+09,6.62e+10,116.3757,163.67427,223.13845,1,"None","parabolic","box sum"
"2677",2677,2678,30.5246,59.45482,137.12295,NA,NA,NA,2.96e+09,6.46e+10,144.27011,141.95606,112.25578,1,"None","parabolic","box sum"
"2681",2681,2682,139.44277,52.94915,137.01499,NA,NA,NA,2.29e+09,5.33e+10,117.6007,173.98262,157.49192,1,"None","parabolic","box sum"
"2682",2682,2683,146.69472,51.6332,137.14872,NA,NA,NA,2.79e+09,6.31e+10,108.8139,144.25397,156.91864,1,"None","parabolic","box sum"
"2683",2683,2684,188.07467,49.47402,137.10659,NA,NA,NA,2.47e+09,5.44e+10,137.02809,112.50383,133.98421,1,"None","parabolic","box sum"
"2684",2684,2685,148.38936,49.10401,137.1467,NA,NA,NA,2.43e+09,5.19e+10,110.87624,152.37874,105.42527,1,"None","parabolic","box sum"
"2685",2685,2686,30.1162,48.64957,137.008,NA,NA,NA,2.36e+09,5.2e+10,79.27173,268.278,120.57623,1,"None","parabolic","box sum"
"2686",2686,2687,63.09604,47.90591,137.12202,NA,NA,NA,2.95e+09,6.34e+10,95.28193,138.23456,143.28516,1,"None","parabolic","box sum"
"2687",2687,2688,95.96861,47.27982,137.07033,NA,NA,NA,2.62e+09,5.79e+10,117.97445,159.31106,119.6093,1,"None","parabolic","box sum"
"2688",2688,2689,118.4353,47.01715,137.16355,NA,NA,NA,2.95e+09,6.6e+10,104.12736,159.23178,134.00069,1,"None","parabolic","box sum"
"2689",2689,2690,28.23222,46.96947,136.97934,NA,NA,NA,2.59e+09,5.72e+10,124.8131,154.85626,110.71661,1,"None","parabolic","box sum"
"2690",2690,2691,130.58038,46.61342,137.20868,NA,NA,NA,2.36e+09,5.2e+10,108.28381,133.68255,120.5925,1,"None","parabolic","box sum"
"2691",2691,2692,158.26448,46.38602,137.18932,NA,NA,NA,2.59e+09,5.57e+10,103.65712,196.41387,99.88588,1,"None","parabolic","box sum"
"2692",2692,2693,49.03108,44.98849,137.21878,NA,NA,NA,2.28e+09,4.96e+10,93.73319,151.16793,141.63208,1,"None","parabolic","box sum"
"2697",2697,2698,150.02715,68.61225,136.81212,NA,NA,NA,2.41e+09,5.53e+10,157.1645,163.36823,145.76831,1,"None","parabolic","box sum"
"2701",2701,2702,22.56601,62.6588,136.60938,NA,NA,NA,2.33e+09,5.6e+10,160.5881,165.58644,163.15982,1,"None","parabolic","box sum"
"2702",2702,2703,159.69187,61.92416,136.64752,NA,NA,NA,2.65e+09,5.64e+10,103.78781,167.63255,94.20088,1,"None","parabolic","box sum"
"2703",2703,2704,112.95942,61.01676,136.5952,NA,NA,NA,2.27e+09,5.31e+10,116.61258,153.50214,262.12549,1,"None","parabolic","box sum"
"2704",2704,2705,161.42605,60.46248,136.672,NA,NA,NA,2.3e+09,5.08e+10,139.97565,144.29986,106.57287,1,"None","parabolic","box sum"
"2705",2705,2706,115.16122,59.83768,136.71451,NA,NA,NA,2.4e+09,5.12e+10,114.19908,142.67308,109.5567,1,"None","parabolic","box sum"
"2706",2706,2707,18.362,59.69264,136.89337,NA,NA,NA,2.81e+09,6.38e+10,201.9718,134.56666,161.12727,1,"None","parabolic","box sum"
"2707",2707,2708,114.1746,59.63745,136.65705,NA,NA,NA,2.34e+09,5.18e+10,84.40775,171.10893,153.53948,1,"None","parabolic","box sum"
"2708",2708,2709,145.95901,57.70278,136.60592,NA,NA,NA,2.29e+09,5.18e+10,110.55929,171.52178,137.33542,1,"None","parabolic","box sum"
"2709",2709,2710,140.08011,56.53086,136.71747,NA,NA,NA,2.47e+09,5.42e+10,118.16804,158.76511,105.93387,1,"None","parabolic","box sum"
"2710",2710,2711,182.8452,55.56987,136.78015,NA,NA,NA,2.28e+09,5.05e+10,98.85226,151.04067,139.93394,1,"None","parabolic","box sum"
"2711",2711,2712,139.63165,53.17567,136.80524,NA,NA,NA,2.29e+09,5.11e+10,114.79024,188.18688,128.76567,1,"None","parabolic","box sum"
"2712",2712,2713,67.6834,53.02858,136.73985,NA,NA,NA,2.46e+09,5.64e+10,165.06578,173.464,138.62926,1,"None","parabolic","box sum"
"2717",2717,2718,86.4361,50.72608,136.81439,NA,NA,NA,2.3e+09,5.32e+10,100.49245,271.2003,136.11084,1,"None","parabolic","box sum"
"2721",2721,2722,30.09096,48.50153,136.72104,NA,NA,NA,2.38e+09,5.32e+10,82.30571,279.24371,152.96599,1,"None","parabolic","box sum"
"2722",2722,2723,48.5289,44.57286,136.88523,NA,NA,NA,2.28e+09,5.01e+10,214.7355,142.58379,104.79942,1,"None","parabolic","box sum"
"2723",2723,2724,51.41643,44.43804,136.69312,NA,NA,NA,2.42e+09,5.57e+10,107.76471,188.20524,154.71295,1,"None","parabolic","box sum"
"2724",2724,2725,187.41028,43.45566,136.82566,NA,NA,NA,2.32e+09,4.85e+10,73.58036,140.02448,125.5073,1,"None","parabolic","box sum"
"2725",2725,2726,93.38556,42.85715,136.67366,NA,NA,NA,2.34e+09,5.34e+10,204.70531,123.98607,129.558,1,"None","parabolic","box sum"
"2726",2726,2727,79.61983,39.75312,136.8412,NA,NA,NA,2.4e+09,5.28e+10,148.12731,150.41816,99.76634,1,"None","parabolic","box sum"
"2727",2727,2728,89.70272,39.12366,136.66737,NA,NA,NA,2.43e+09,5.6e+10,138.82386,179.07327,196.76811,1,"None","parabolic","box sum"
"2728",2728,2729,135.35912,72.43819,136.4144,NA,NA,NA,2.42e+09,5.52e+10,132.50186,159.79164,170.11321,1,"None","parabolic","box sum"
"2729",2729,2730,67.43545,70.18749,136.56808,NA,NA,NA,2.38e+09,4.85e+10,104.33988,169.73227,90.8142,1,"None","parabolic","box sum"
"2730",2730,2731,77.36905,68.48526,136.50019,NA,NA,NA,2.61e+09,5.97e+10,144.91501,142.31999,135.65105,1,"None","parabolic","box sum"
"2731",2731,2732,47.0592,68.2983,136.38178,NA,NA,NA,2.38e+09,5.31e+10,96.77205,133.20899,167.68074,1,"None","parabolic","box sum"
"2732",2732,2733,94.68037,65.69836,136.48872,NA,NA,NA,2.31e+09,5.61e+10,134.5868,220.21616,211.75468,1,"None","parabolic","box sum"
"2737",2737,2738,70.92565,56.34414,136.49183,NA,NA,NA,2.5e+09,5.8e+10,111.2677,138.93947,158.62596,1,"None","parabolic","box sum"
"2741",2741,2742,97.53672,48.57228,136.38844,NA,NA,NA,2.26e+09,5.02e+10,98.05575,137.34752,219.74385,1,"None","parabolic","box sum"
"2742",2742,2743,95.56006,47.90162,136.4618,NA,NA,NA,2.34e+09,5.48e+10,152.94698,171.73541,176.50667,1,"None","parabolic","box sum"
"2743",2743,2744,176.11784,46.91939,136.35727,NA,NA,NA,2.52e+09,5.62e+10,90.55478,149.04797,142.14048,1,"None","parabolic","box sum"
"2744",2744,2745,90.90201,45.61107,136.40511,NA,NA,NA,2.27e+09,4.79e+10,170.61097,117.1397,110.04403,1,"None","parabolic","box sum"
"2745",2745,2746,149.4603,45.3111,136.33972,NA,NA,NA,2.43e+09,5.35e+10,90.78288,125.2436,208.12643,1,"None","parabolic","box sum"
"2746",2746,2747,170.41366,43.53588,136.51809,NA,NA,NA,2.33e+09,5.28e+10,98.54004,137.15935,213.41443,1,"None","parabolic","box sum"
"2747",2747,2748,124.86508,43.25795,136.34265,NA,NA,NA,2.71e+09,6.56e+10,142.8374,174.16286,183.71728,1,"None","parabolic","box sum"
"2748",2748,2749,99.20189,41.91577,136.4075,NA,NA,NA,2.43e+09,5.47e+10,188.6829,213.85002,124.22597,1,"None","parabolic","box sum"
"2749",2749,2750,109.58483,40.9843,136.40376,NA,NA,NA,2.94e+09,6.66e+10,131.64687,193.34388,134.14526,1,"None","parabolic","box sum"
"2750",2750,2751,130.58723,39.34948,136.37948,NA,NA,NA,2.43e+09,5.27e+10,84.93173,175.02654,160.44843,1,"None","parabolic","box sum"
"2751",2751,2752,134.1668,39.20283,136.55586,NA,NA,NA,2.26e+09,4.88e+10,100.36543,135.82921,140.46967,1,"None","parabolic","box sum"
"2752",2752,2753,82.92659,70.4764,135.93843,NA,NA,NA,2.58e+09,5.57e+10,114.0745,274.66787,100.17627,1,"None","parabolic","box sum"
"2757",2757,2758,118.67729,62.56718,136.08139,NA,NA,NA,2.26e+09,5.16e+10,98.28659,161.40097,170.38649,1,"None","parabolic","box sum"
"2761",2761,2762,102.72756,57.67572,135.97013,NA,NA,NA,2.48e+09,5.66e+10,111.72451,151.31146,190.15664,1,"None","parabolic","box sum"
"2762",2762,2763,62.24468,56.69703,135.92179,NA,NA,NA,2.39e+09,5.32e+10,226.27535,160.52583,147.3321,1,"None","parabolic","box sum"
"2763",2763,2764,108.04946,51.72675,136.04202,NA,NA,NA,2.35e+09,5.26e+10,103.91361,141.572,226.6674,1,"None","parabolic","box sum"
"2764",2764,2765,58.29849,51.28898,136.09167,NA,NA,NA,2.35e+09,5.28e+10,128.0938,305.28069,124.54662,1,"None","parabolic","box sum"
"2765",2765,2766,48.29215,51.10834,136.01566,NA,NA,NA,2.81e+09,6.05e+10,104.12003,132.84558,112.39117,1,"None","parabolic","box sum"
"2766",2766,2767,170.2573,51.02564,136.0915,NA,NA,NA,2.42e+09,5.31e+10,110.20355,203.60196,110.90729,1,"None","parabolic","box sum"
"2767",2767,2768,81.26136,50.05484,135.99239,NA,NA,NA,2.27e+09,4.82e+10,166.66582,138.66138,94.39781,1,"None","parabolic","box sum"
"2768",2768,2769,92.36991,48.38637,136.02341,NA,NA,NA,2.43e+09,5.25e+10,105.21319,148.64326,112.98051,1,"None","parabolic","box sum"
"2769",2769,2770,66.47639,47.20124,135.96024,NA,NA,NA,2.54e+09,5.55e+10,126.8553,162.36812,108.13811,1,"None","parabolic","box sum"
"2770",2770,2771,154.57164,47.02032,135.96047,NA,NA,NA,2.33e+09,5.19e+10,98.52233,156.76719,152.47199,1,"None","parabolic","box sum"
"2771",2771,2772,59.31164,46.73776,136.19322,NA,NA,NA,2.27e+09,4.85e+10,106.09138,146.65431,120.78798,1,"None","parabolic","box sum"
"2772",2772,2773,184.56385,46.13534,136.17834,NA,NA,NA,2.31e+09,5.27e+10,140.69055,246.58316,113.83814,1,"None","parabolic","box sum"
"2777",2777,2778,131.8024,42.68948,136.05013,NA,NA,NA,2.27e+09,4.94e+10,115.5524,133.29661,124.89626,1,"None","parabolic","box sum"
"2781",2781,2782,114.06027,72.84838,135.6236,NA,NA,NA,2.27e+09,5.21e+10,166.49116,163.63343,117.74239,1,"None","parabolic","box sum"
"2782",2782,2783,58.84676,72.2884,135.75333,NA,NA,NA,2.34e+09,5.17e+10,110.53975,132.25203,125.17935,1,"None","parabolic","box sum"
"2783",2783,2784,45.3407,71.70688,135.83337,NA,NA,NA,2.46e+09,5.44e+10,104.02965,158.04069,141.96482,1,"None","parabolic","box sum"
"2784",2784,2785,184.32462,69.87631,135.69835,NA,NA,NA,2.32e+09,5.23e+10,132.11185,153.77532,133.87322,1,"None","parabolic","box sum"
"2785",2785,2786,184.36575,68.30361,135.66488,NA,NA,NA,2.61e+09,6e+10,105.58503,140.32635,283.57103,1,"None","parabolic","box sum"
"2786",2786,2787,29.30855,67.99673,135.89801,NA,NA,NA,2.32e+09,5.35e+10,104.44248,188.10469,156.72421,1,"None","parabolic","box sum"
"2787",2787,2788,22.66567,67.63653,135.61449,NA,NA,NA,2.29e+09,5.08e+10,106.27704,152.94096,249.567,1,"None","parabolic","box sum"
"2788",2788,2789,179.24447,67.06126,135.80434,NA,NA,NA,2.41e+09,5.26e+10,103.72796,146.88598,238.98265,1,"None","parabolic","box sum"
"2789",2789,2790,39.70334,66.38394,135.80158,NA,NA,NA,2.27e+09,5.18e+10,105.60771,177.61046,159.3388,1,"None","parabolic","box sum"
"2790",2790,2791,94.51247,65.8425,135.73156,NA,NA,NA,2.37e+09,5.63e+10,117.02786,159.98676,248.67642,1,"None","parabolic","box sum"
"2791",2791,2792,22.85957,65.52003,135.64483,NA,NA,NA,2.29e+09,4.92e+10,84.96349,152.49692,131.27303,1,"None","parabolic","box sum"
"2792",2792,2793,67.8909,64.06655,135.60479,NA,NA,NA,2.45e+09,5.58e+10,108.3803,177.52972,145.31812,1,"None","parabolic","box sum"
"2797",2797,2798,97.98851,59.45406,135.78855,NA,NA,NA,2.92e+09,6.41e+10,106.59582,146.55063,144.02115,1,"None","parabolic","box sum"
"2801",2801,2802,57.60359,51.66644,135.81038,NA,NA,NA,2.61e+09,5.82e+10,177.40687,227.36669,119.24672,1,"None","parabolic","box sum"
"2802",2802,2803,91.11068,51.38185,135.73468,NA,NA,NA,2.33e+09,5.02e+10,94.25473,204.79316,113.87047,1,"None","parabolic","box sum"
"2803",2803,2804,67.32445,51.34288,135.71657,NA,NA,NA,2.26e+09,5.15e+10,107.70608,181.77068,194.09677,1,"None","parabolic","box sum"
"2804",2804,2805,174.85966,51.20981,135.59474,NA,NA,NA,2.73e+09,6.03e+10,95.66515,132.84057,182.66377,1,"None","parabolic","box sum"
"2805",2805,2806,66.88167,50.86729,135.68895,NA,NA,NA,2.38e+09,5.38e+10,148.26167,121.89573,151.59392,1,"None","parabolic","box sum"
"2806",2806,2807,22.35299,49.65662,135.64836,NA,NA,NA,2.41e+09,5.46e+10,107.96258,209.09774,132.67431,1,"None","parabolic","box sum"
"2807",2807,2808,73.21974,47.12608,135.85114,NA,NA,NA,2.54e+09,6.1e+10,146.01917,179.44753,256.22144,1,"None","parabolic","box sum"
"2808",2808,2809,105.78396,46.91847,135.88627,NA,NA,NA,2.51e+09,5.61e+10,127.15088,141.96044,159.86994,1,"None","parabolic","box sum"
"2809",2809,2810,64.0538,44.83349,135.74021,NA,NA,NA,3.14e+09,7.06e+10,109.07406,190.97692,113.92868,1,"None","parabolic","box sum"
"2810",2810,2811,44.12072,44.83602,135.82398,NA,NA,NA,2.48e+09,5.87e+10,116.56372,187.75213,197.1651,1,"None","parabolic","box sum"
"2811",2811,2812,98.27695,43.9467,135.72453,NA,NA,NA,2.54e+09,5.78e+10,108.60382,183.24643,154.03578,1,"None","parabolic","box sum"
"2812",2812,2813,21.18642,43.59285,135.76188,NA,NA,NA,2.26e+09,4.59e+10,92.86355,194.76247,82.89284,1,"None","parabolic","box sum"
"2817",2817,2818,130.34541,41.73918,135.84454,NA,NA,NA,2.46e+09,5.41e+10,150.51272,124.89396,117.36459,1,"None","parabolic","box sum"
"2821",2821,2822,118.65597,71.16459,135.29231,NA,NA,NA,2.28e+09,4.85e+10,87.46737,161.32934,112.66905,1,"None","parabolic","box sum"
"2822",2822,2823,100.45185,71.13764,135.47546,NA,NA,NA,2.52e+09,5.42e+10,95.66179,157.39403,123.36481,1,"None","parabolic","box sum"
"2823",2823,2824,32.15419,69.87823,135.26323,NA,NA,NA,2.44e+09,5.25e+10,139.70449,128.73532,105.56796,1,"None","parabolic","box sum"
"2824",2824,2825,35.90424,69.09331,135.23474,NA,NA,NA,2.26e+09,4.84e+10,96.15157,150.78663,105.43549,1,"None","parabolic","box sum"
"2825",2825,2826,175.79782,68.99579,135.47565,NA,NA,NA,2.45e+09,5.34e+10,114.1487,142.87684,111.6654,1,"None","parabolic","box sum"
"2826",2826,2827,177.32839,67.29169,135.23475,NA,NA,NA,2.49e+09,5.32e+10,119.6664,118.92869,123.64206,1,"None","parabolic","box sum"
"2827",2827,2828,123.67817,64.91526,135.45026,NA,NA,NA,2.49e+09,5.69e+10,141.52317,146.33565,137.56198,1,"None","parabolic","box sum"
"2828",2828,2829,145.01367,61.71286,135.42908,NA,NA,NA,2.29e+09,4.72e+10,83.7775,161.73664,106.52739,1,"None","parabolic","box sum"
"2829",2829,2830,152.62595,61.152,135.42035,NA,NA,NA,2.59e+09,5.61e+10,137.5194,178.42761,97.37289,1,"None","parabolic","box sum"
"2830",2830,2831,91.60038,61.0383,135.2862,NA,NA,NA,2.51e+09,5.45e+10,130.33142,212.48004,96.07717,1,"None","parabolic","box sum"
"2831",2831,2832,61.14128,60.81381,135.30121,NA,NA,NA,2.75e+09,6.06e+10,124.13644,139.19607,132.30985,1,"None","parabolic","box sum"
"2832",2832,2833,31.36942,58.51357,135.40453,NA,NA,NA,2.63e+09,5.91e+10,148.90413,167.84242,120.48653,1,"None","parabolic","box sum"
"2837",2837,2838,62.79782,51.9547,135.28337,NA,NA,NA,2.29e+09,5.01e+10,138.25835,154.08438,111.00075,1,"None","parabolic","box sum"
"2841",2841,2842,77.54606,48.53098,135.33801,NA,NA,NA,2.36e+09,4.98e+10,103.77804,128.98242,107.08773,1,"None","parabolic","box sum"
"2842",2842,2843,50.82916,48.38601,135.33387,NA,NA,NA,2.56e+09,5.55e+10,101.42317,133.03417,129.96626,1,"None","parabolic","box sum"
"2843",2843,2844,50.98844,48.22113,135.46446,NA,NA,NA,2.3e+09,4.84e+10,117.83887,131.66231,101.322,1,"None","parabolic","box sum"
"2844",2844,2845,157.87795,47.42122,135.29069,NA,NA,NA,2.71e+09,6.17e+10,150.5512,172.36,130.64051,1,"None","parabolic","box sum"
"2845",2845,2846,129.1124,45.2104,135.36162,NA,NA,NA,2.45e+09,5.22e+10,93.18478,139.30392,119.71423,1,"None","parabolic","box sum"
"2846",2846,2847,61.43648,43.97852,135.35208,NA,NA,NA,2.59e+09,5.47e+10,117.94391,127.92182,105.11944,1,"None","parabolic","box sum"
"2847",2847,2848,32.34642,43.4823,135.34604,NA,NA,NA,2.32e+09,5.12e+10,107.74028,164.23815,133.10781,1,"None","parabolic","box sum"
"2848",2848,2849,103.45479,42.35303,135.4956,NA,NA,NA,2.43e+09,5.59e+10,126.38017,164.307,134.18844,1,"None","parabolic","box sum"
"2849",2849,2850,22.31897,41.92737,135.27713,NA,NA,NA,2.33e+09,5.23e+10,109.653,259.547,147.36694,1,"None","parabolic","box sum"
"2850",2850,2851,187.95682,41.55575,135.25088,NA,NA,NA,2.28e+09,5.04e+10,143.05756,141.35629,136.50221,1,"None","parabolic","box sum"
"2851",2851,2852,18.39546,39.98698,135.30771,NA,NA,NA,2.42e+09,5.46e+10,108.18976,141.24322,132.01299,1,"None","parabolic","box sum"
"2852",2852,2853,176.6184,39.85356,135.47165,NA,NA,NA,2.27e+09,4.66e+10,80.23542,158.75489,114.41997,1,"None","parabolic","box sum"
"2857",2857,2858,69.5714,68.7539,134.92789,NA,NA,NA,2.34e+09,5.18e+10,120.09115,151.21612,121.27301,1,"None","parabolic","box sum"
"2861",2861,2862,187.2826,64.49902,135.00827,NA,NA,NA,2.37e+09,5.55e+10,221.63267,201.85918,140.221,1,"None","parabolic","box sum"
"2862",2862,2863,131.90845,63.17995,134.94986,NA,NA,NA,2.47e+09,5.6e+10,128.48954,138.33469,165.1206,1,"None","parabolic","box sum"
"2863",2863,2864,110.85391,62.95409,135.14874,NA,NA,NA,2.29e+09,5.14e+10,84.37844,193.5792,155.59351,1,"None","parabolic","box sum"
"2864",2864,2865,49.92759,62.75608,135.12594,NA,NA,NA,2.28e+09,4.81e+10,155.4069,135.3327,105.13675,1,"None","parabolic","box sum"
"2865",2865,2866,88.93037,61.57593,135.04649,NA,NA,NA,2.48e+09,5.52e+10,236.18951,152.2373,109.60469,1,"None","parabolic","box sum"
"2866",2866,2867,67.32281,61.41942,135.22122,NA,NA,NA,2.7e+09,5.93e+10,118.82333,133.12763,188.42575,1,"None","parabolic","box sum"
"2867",2867,2868,117.31011,60.96481,135.03565,NA,NA,NA,2.62e+09,5.7e+10,113.95113,150.8792,110.61543,1,"None","parabolic","box sum"
"2868",2868,2869,85.1832,60.65766,135.02181,NA,NA,NA,2.37e+09,5.27e+10,102.30502,166.09108,137.75808,1,"None","parabolic","box sum"
"2869",2869,2870,95.17656,59.89524,135.0609,NA,NA,NA,2.26e+09,4.91e+10,119.82366,170.4883,110.72183,1,"None","parabolic","box sum"
"2870",2870,2871,79.89075,59.74473,135.0138,NA,NA,NA,2.37e+09,4.84e+10,154.6594,132.34594,88.95209,1,"None","parabolic","box sum"
"2871",2871,2872,100.03917,58.85297,135.10446,NA,NA,NA,2.58e+09,6.01e+10,161.30873,175.6601,133.57532,1,"None","parabolic","box sum"
"2872",2872,2873,147.31398,56.74741,135.13164,NA,NA,NA,2.28e+09,4.82e+10,116.58693,124.39203,111.6122,1,"None","parabolic","box sum"
"2877",2877,2878,108.84427,54.01371,134.954,NA,NA,NA,2.68e+09,6.07e+10,97.60016,183.54893,164.02683,1,"None","parabolic","box sum"
"2881",2881,2882,133.82107,52.08181,135.13595,NA,NA,NA,2.32e+09,4.45e+10,84.59707,143.81838,83.17989,1,"None","parabolic","box sum"
"2882",2882,2883,107.65827,51.90647,134.97593,NA,NA,NA,2.27e+09,5.05e+10,217.98689,134.47279,112.90792,1,"None","parabolic","box sum"
"2883",2883,2884,123.89448,50.15472,134.90874,NA,NA,NA,2.36e+09,5.01e+10,91.99513,132.14087,118.28354,1,"None","parabolic","box sum"
"2884",2884,2885,89.51692,50.21721,135.08802,NA,NA,NA,2.53e+09,5.61e+10,85.198,216.49945,139.1921,1,"None","parabolic","box sum"
"2885",2885,2886,38.29495,48.89508,135.06423,NA,NA,NA,2.98e+09,6.31e+10,112.64301,202.1938,105.22646,1,"None","parabolic","box sum"
"2886",2886,2887,131.66178,48.05157,134.92985,NA,NA,NA,2.28e+09,5.39e+10,133.34096,163.42705,180.20314,1,"None","parabolic","box sum"
"2887",2887,2888,136.75503,47.61588,135.02976,NA,NA,NA,2.62e+09,5.83e+10,121.90982,172.81353,111.28676,1,"None","parabolic","box sum"
"2888",2888,2889,73.3754,47.38476,135.02038,NA,NA,NA,2.74e+09,6.14e+10,107.73784,167.19007,139.3446,1,"None","parabolic","box sum"
"2889",2889,2890,126.73656,47.17301,135.18874,NA,NA,NA,2.69e+09,5.88e+10,114.15144,139.50211,117.5271,1,"None","parabolic","box sum"
"2890",2890,2891,127.61546,44.59557,135.03898,NA,NA,NA,2.35e+09,5.17e+10,105.08006,216.24744,114.55098,1,"None","parabolic","box sum"
"2891",2891,2892,135.83878,44.48931,135.16605,NA,NA,NA,2.31e+09,5.26e+10,137.34229,154.15365,129.21983,1,"None","parabolic","box sum"
"2892",2892,2893,174.32873,44.0252,135.04372,NA,NA,NA,2.6e+09,5.88e+10,120.47558,134.20451,162.71588,1,"None","parabolic","box sum"
"2897",2897,2898,97.0458,39.01427,134.91626,NA,NA,NA,2.63e+09,5.79e+10,176.68258,126.52117,104.44498,1,"None","parabolic","box sum"
"2901",2901,2902,31.92661,71.44897,134.87833,NA,NA,NA,2.4e+09,5.21e+10,80.19756,145.17032,173.45941,1,"None","parabolic","box sum"
"2902",2902,2903,157.20525,70.56529,134.58254,NA,NA,NA,2.47e+09,5.51e+10,116.44891,175.9688,111.5734,1,"None","parabolic","box sum"
"2903",2903,2904,97.88208,69.98122,134.66149,NA,NA,NA,2.94e+09,6.36e+10,131.24015,169.20442,101.13883,1,"None","parabolic","box sum"
"2904",2904,2905,165.03342,69.51859,134.88096,NA,NA,NA,2.35e+09,4.92e+10,107.5244,146.63548,95.23228,1,"None","parabolic","box sum"
"2905",2905,2906,112.98368,69.04796,134.7275,NA,NA,NA,2.44e+09,5.5e+10,94.59428,169.61894,225.85693,1,"None","parabolic","box sum"
"2906",2906,2907,49.11933,66.06458,134.87681,NA,NA,NA,2.26e+09,5e+10,78.79294,225.50072,149.17418,1,"None","parabolic","box sum"
"2907",2907,2908,27.10038,65.95418,134.61253,NA,NA,NA,2.26e+09,5.16e+10,166.69758,132.4441,145.69634,1,"None","parabolic","box sum"
"2908",2908,2909,102.53668,63.99553,134.79457,NA,NA,NA,2.36e+09,5.47e+10,202.45792,198.89432,142.89504,1,"None","parabolic","box sum"
"2909",2909,2910,154.02929,63.49332,134.77896,NA,NA,NA,2.37e+09,5.44e+10,169.38284,145.20296,161.84866,1,"None","parabolic","box sum"
"2910",2910,2911,112.79834,60.83325,134.62251,NA,NA,NA,2.53e+09,5.65e+10,114.17221,127.10342,329.02455,1,"None","parabolic","box sum"
"2911",2911,2912,99.90576,58.66129,134.73846,NA,NA,NA,2.66e+09,6.2e+10,159.62808,155.8814,153.21654,1,"None","parabolic","box sum"
"2912",2912,2913,69.88108,57.32305,134.66907,NA,NA,NA,2.41e+09,5.27e+10,98.01544,184.70091,193.71793,1,"None","parabolic","box sum"
"2917",2917,2918,187.59046,49.025,134.69637,NA,NA,NA,2.43e+09,5.19e+10,103.29009,146.47073,105.66914,1,"None","parabolic","box sum"
"2921",2921,2922,171.02773,47.72377,134.55573,NA,NA,NA,2.82e+09,6.03e+10,100.94712,125.24736,118.78651,1,"None","parabolic","box sum"
"2922",2922,2923,37.28995,46.68485,134.63739,NA,NA,NA,2.31e+09,5.22e+10,98.5553,261.09993,144.65305,1,"None","parabolic","box sum"
"2923",2923,2924,108.49709,45.1474,134.82939,NA,NA,NA,2.75e+09,6.03e+10,89.05032,139.46331,162.74279,1,"None","parabolic","box sum"
"2924",2924,2925,33.19408,44.44946,134.6389,NA,NA,NA,2.39e+09,5.24e+10,145.59167,125.23234,132.44358,1,"None","parabolic","box sum"
"2925",2925,2926,120.23871,44.11332,134.77155,NA,NA,NA,2.55e+09,5.27e+10,77.51291,183.38329,100.74726,1,"None","parabolic","box sum"
"2926",2926,2927,59.78074,43.17174,134.66412,NA,NA,NA,2.58e+09,5.69e+10,104.94815,157.77773,115.00785,1,"None","parabolic","box sum"
"2927",2927,2928,115.60112,42.99828,134.71194,NA,NA,NA,2.27e+09,4.82e+10,100.29825,125.16767,117.89259,1,"None","parabolic","box sum"
"2928",2928,2929,76.44706,42.83167,134.57816,NA,NA,NA,2.29e+09,4.97e+10,95.76317,213.3773,96.38968,1,"None","parabolic","box sum"
"2929",2929,2930,42.45701,42.58425,134.83298,NA,NA,NA,2.34e+09,5e+10,140.7036,123.15661,107.438,1,"None","parabolic","box sum"
"2930",2930,2931,183.14973,39.21568,134.70889,NA,NA,NA,2.74e+09,6.18e+10,134.84986,252.3247,135.29244,1,"None","parabolic","box sum"
"2931",2931,2932,96.86653,39.13921,134.78665,NA,NA,NA,2.54e+09,5.54e+10,169.73888,136.55186,110.93941,1,"None","parabolic","box sum"
"2932",2932,2933,44.10809,39.05737,134.71072,NA,NA,NA,2.34e+09,5.18e+10,224.85119,180.18687,115.40776,1,"None","parabolic","box sum"
"2937",2937,2938,178.35785,68.24862,134.39596,NA,NA,NA,3.05e+09,7.14e+10,114.36198,177.55695,137.62623,1,"None","parabolic","box sum"
"2941",2941,2942,98.69064,63.41241,134.43061,NA,NA,NA,2.43e+09,5.63e+10,118.7647,169.18236,134.36639,1,"None","parabolic","box sum"
"2942",2942,2943,89.90797,63.25682,134.4156,NA,NA,NA,2.3e+09,4.87e+10,92.10994,211.8836,99.54458,1,"None","parabolic","box sum"
"2943",2943,2944,176.46822,62.61802,134.46957,NA,NA,NA,2.57e+09,5.9e+10,122.60236,168.07815,142.96868,1,"None","parabolic","box sum"
"2944",2944,2945,150.55821,62.38381,134.47116,NA,NA,NA,2.27e+09,5.17e+10,95.092,182.10301,150.4069,1,"None","parabolic","box sum"
"2945",2945,2946,113.37601,60.32384,134.39825,NA,NA,NA,2.33e+09,5.08e+10,119.08226,153.00459,114.65925,1,"None","parabolic","box sum"
"2946",2946,2947,80.85018,60.01837,134.24165,NA,NA,NA,2.46e+09,5.26e+10,137.95788,137.05274,100.8257,1,"None","parabolic","box sum"
"2947",2947,2948,23.69021,59.78817,134.40444,NA,NA,NA,2.27e+09,5.05e+10,118.0343,260.4624,130.48112,1,"None","parabolic","box sum"
"2948",2948,2949,74.03504,59.04878,134.42695,NA,NA,NA,2.28e+09,5.24e+10,127.68829,273.22575,118.62212,1,"None","parabolic","box sum"
"2949",2949,2950,106.5797,57.9333,134.54512,NA,NA,NA,2.26e+09,4.99e+10,111.43381,130.01257,137.44327,1,"None","parabolic","box sum"
"2950",2950,2951,99.82726,56.62486,134.40028,NA,NA,NA,2.99e+09,6.05e+10,89.51689,112.6073,117.50686,1,"None","parabolic","box sum"
"2951",2951,2952,126.5267,56.15357,134.42673,NA,NA,NA,2.5e+09,5.26e+10,102.73251,130.67555,114.25954,1,"None","parabolic","box sum"
"2952",2952,2953,92.18022,55.44075,134.44817,NA,NA,NA,2.27e+09,4.61e+10,102.99023,148.57066,93.17032,1,"None","parabolic","box sum"
"2957",2957,2958,52.81265,53.42927,134.52838,NA,NA,NA,2.54e+09,6.18e+10,134.73825,150.54291,1546.19381,1,"None","parabolic","box sum"
"2961",2961,2962,156.64538,49.03743,134.43741,NA,NA,NA,2.33e+09,5.08e+10,110.86525,147.78292,106.17921,1,"None","parabolic","box sum"
"2962",2962,2963,158.20579,48.02315,134.24767,NA,NA,NA,2.38e+09,5.59e+10,104.12309,206.54094,212.71473,1,"None","parabolic","box sum"
"2963",2963,2964,102.47569,47.95255,134.30917,NA,NA,NA,2.25e+09,4.86e+10,111.21763,116.28562,258.36706,1,"None","parabolic","box sum"
"2964",2964,2965,157.94004,45.93433,134.45219,NA,NA,NA,2.3e+09,5.32e+10,133.115,145.21861,161.95506,1,"None","parabolic","box sum"
"2965",2965,2966,179.73494,45.31309,134.25824,NA,NA,NA,2.6e+09,5.8e+10,124.16102,251.35171,132.72208,1,"None","parabolic","box sum"
"2966",2966,2967,35.70888,43.65181,134.29269,NA,NA,NA,2.27e+09,5.19e+10,157.50527,185.17488,224.2339,1,"None","parabolic","box sum"
"2967",2967,2968,21.34565,42.69097,134.34763,NA,NA,NA,2.28e+09,4.98e+10,95.51644,143.39948,120.65989,1,"None","parabolic","box sum"
"2968",2968,2969,27.32899,42.20953,134.23425,NA,NA,NA,2.3e+09,4.53e+10,78.27751,148.82934,95.35682,1,"None","parabolic","box sum"
"2969",2969,2970,174.88343,41.63993,134.22446,NA,NA,NA,2.37e+09,5.1e+10,86.34704,179.44503,120.32777,1,"None","parabolic","box sum"
"2970",2970,2971,36.41916,41.50252,134.30585,NA,NA,NA,2.44e+09,4.9e+10,83.90819,118.63422,108.87453,1,"None","parabolic","box sum"
"2971",2971,2972,74.358,40.27695,134.49959,NA,NA,NA,2.33e+09,5.14e+10,130.91281,140.08248,111.87214,1,"None","parabolic","box sum"
"2972",2972,2973,84.74267,39.26686,134.49398,NA,NA,NA,2.4e+09,5.61e+10,115.2104,312.66487,174.0185,1,"None","parabolic","box sum"
"2977",2977,2978,127.00985,70.37442,134.09041,NA,NA,NA,2.66e+09,5.86e+10,113.31722,150.29659,125.57885,1,"None","parabolic","box sum"
"2981",2981,2982,153.24424,64.90037,134.03212,NA,NA,NA,2.77e+09,6.07e+10,119.1873,147.05089,125.06273,1,"None","parabolic","box sum"
"2982",2982,2983,60.38658,64.37932,133.88298,NA,NA,NA,2.31e+09,5.38e+10,147.99052,140.962,179.1926,1,"None","parabolic","box sum"
"2983",2983,2984,26.57409,62.67726,133.94845,NA,NA,NA,2.29e+09,4.99e+10,92.90508,135.48666,144.20432,1,"None","parabolic","box sum"
"2984",2984,2985,185.00443,62.36775,134.09112,NA,NA,NA,2.28e+09,4.65e+10,86.57979,177.48153,91.79971,1,"None","parabolic","box sum"
"2985",2985,2986,73.46043,61.76195,134.02853,NA,NA,NA,2.88e+09,6.11e+10,118.86241,131.7687,112.43102,1,"None","parabolic","box sum"
"2986",2986,2987,38.8237,60.89457,133.97196,NA,NA,NA,2.35e+09,5.4e+10,176.1928,168.73237,137.33,1,"None","parabolic","box sum"
"2987",2987,2988,27.67896,60.12291,133.92322,NA,NA,NA,2.7e+09,6.15e+10,118.48866,154.26087,137.51942,1,"None","parabolic","box sum"
"2988",2988,2989,94.32149,60.01925,133.99269,NA,NA,NA,2.34e+09,5.03e+10,93.14691,156.06081,112.17067,1,"None","parabolic","box sum"
"2989",2989,2990,38.72722,57.14195,133.96684,NA,NA,NA,2.33e+09,5.29e+10,167.49394,152.81746,114.71161,1,"None","parabolic","box sum"
"2990",2990,2991,20.13925,54.04478,133.91461,NA,NA,NA,2.26e+09,5.47e+10,211.55252,360.56358,159.53448,1,"None","parabolic","box sum"
"2991",2991,2992,26.29492,53.81936,133.95296,NA,NA,NA,3.19e+09,7.62e+10,159.30318,145.32834,244.27149,1,"None","parabolic","box sum"
"2992",2992,2993,45.05763,53.52822,134.06712,NA,NA,NA,2.35e+09,5.5e+10,130.41203,199.05245,137.83172,1,"None","parabolic","box sum"
"2997",2997,2998,151.18113,46.79587,134.00629,NA,NA,NA,2.3e+09,5.29e+10,106.40528,170.0356,140.07559,1,"None","parabolic","box sum"
"3001",3001,3002,106.39151,43.82854,133.89774,NA,NA,NA,2.9e+09,6.65e+10,154.12808,192.66379,118.38514,1,"None","parabolic","box sum"
"3002",3002,3003,67.45472,42.22709,133.9495,NA,NA,NA,2.28e+09,4.34e+10,95.40407,147.07488,73.54036,1,"None","parabolic","box sum"
"3003",3003,3004,44.65082,42.24199,134.02015,NA,NA,NA,2.26e+09,4.74e+10,111.39962,124.65197,133.24258,1,"None","parabolic","box sum"
"3004",3004,3005,123.53488,41.20965,134.02897,NA,NA,NA,2.38e+09,5.15e+10,95.57141,130.98431,135.93999,1,"None","parabolic","box sum"
"3005",3005,3006,140.95759,41.13357,134.01969,NA,NA,NA,2.49e+09,5.1e+10,154.55985,128.43084,92.99111,1,"None","parabolic","box sum"
"3006",3006,3007,103.73407,40.98497,133.94742,NA,NA,NA,2.3e+09,4.99e+10,131.1974,134.24832,103.17451,1,"None","parabolic","box sum"
"3007",3007,3008,118.08758,39.6296,133.8943,NA,NA,NA,2.28e+09,4.87e+10,85.52778,165.08764,110.95548,1,"None","parabolic","box sum"
"3008",3008,3009,174.22368,72.21001,133.67554,NA,NA,NA,2.27e+09,5.06e+10,107.40195,178.51899,173.36178,1,"None","parabolic","box sum"
"3009",3009,3010,150.79669,70.37806,133.59225,NA,NA,NA,2.32e+09,4.85e+10,94.53138,185.68323,98.66986,1,"None","parabolic","box sum"
"3010",3010,3011,108.64637,69.55751,133.74311,NA,NA,NA,2.73e+09,6.18e+10,112.4256,154.07067,132.63842,1,"None","parabolic","box sum"
"3011",3011,3012,86.26826,69.52299,133.68181,NA,NA,NA,2.31e+09,5.14e+10,129.46178,155.50563,138.26084,1,"None","parabolic","box sum"
"3012",3012,3013,19.81098,68.84232,133.60763,NA,NA,NA,2.29e+09,4.92e+10,103.50689,135.83568,127.69443,1,"None","parabolic","box sum"
"3017",3017,3018,147.84169,65.2878,133.59323,NA,NA,NA,2.84e+09,6.04e+10,97.1342,185.5628,99.50912,1,"None","parabolic","box sum"
"3021",3021,3022,47.91587,63.61556,133.66231,NA,NA,NA,2.33e+09,4.55e+10,100.34589,120.32714,84.20378,1,"None","parabolic","box sum"
"3022",3022,3023,42.52917,63.37752,133.55302,NA,NA,NA,2.41e+09,5.42e+10,105.76893,131.29264,156.60363,1,"None","parabolic","box sum"
"3023",3023,3024,66.72938,62.13277,133.67421,NA,NA,NA,2.41e+09,5.87e+10,200.36932,167.41601,197.21559,1,"None","parabolic","box sum"
"3024",3024,3025,77.42049,61.33212,133.71,NA,NA,NA,2.32e+09,5.48e+10,127.66875,216.52761,141.92539,1,"None","parabolic","box sum"
"3025",3025,3026,21.3796,59.48728,133.64481,NA,NA,NA,2.79e+09,6.3e+10,133.65609,154.57422,122.48987,1,"None","parabolic","box sum"
"3026",3026,3027,146.47989,56.05181,133.57995,NA,NA,NA,2.39e+09,5.5e+10,133.66158,184.18458,136.68099,1,"None","parabolic","box sum"
"3027",3027,3028,189.78571,54.87743,133.65713,NA,NA,NA,2.43e+09,5.44e+10,99.32653,148.86397,154.44362,1,"None","parabolic","box sum"
"3028",3028,3029,168.32008,54.32844,133.73881,NA,NA,NA,2.37e+09,5.72e+10,111.79627,332.65197,164.9777,1,"None","parabolic","box sum"
"3029",3029,3030,54.66243,54.32439,133.57446,NA,NA,NA,2.29e+09,5.41e+10,139.02783,132.09373,265.36447,1,"None","parabolic","box sum"
"3030",3030,3031,102.09897,54.01613,133.74517,NA,NA,NA,2.52e+09,5.79e+10,155.12597,160.58528,125.98816,1,"None","parabolic","box sum"
"3031",3031,3032,173.6522,53.81539,133.57583,NA,NA,NA,2.33e+09,5.35e+10,105.41228,215.6654,337.11636,1,"None","parabolic","box sum"
"3032",3032,3033,109.94299,53.57165,133.547,NA,NA,NA,2.31e+09,5.17e+10,109.44292,153.95546,146.38144,1,"None","parabolic","box sum"
"3037",3037,3038,153.60137,48.78792,133.61542,NA,NA,NA,2.46e+09,5.57e+10,99.91656,174.64519,166.16327,1,"None","parabolic","box sum"
"3041",3041,3042,127.49652,72.86772,133.53602,NA,NA,NA,2.42e+09,5.44e+10,133.68418,192.87655,119.05605,1,"None","parabolic","box sum"
"3042",3042,3043,95.98246,72.47448,133.32619,NA,NA,NA,2.36e+09,5.33e+10,108.21907,182.10898,155.05278,1,"None","parabolic","box sum"
"3043",3043,3044,175.23528,67.83546,133.46954,NA,NA,NA,2.35e+09,5.51e+10,133.96968,147.43881,162.22438,1,"None","parabolic","box sum"
"3044",3044,3045,139.51635,67.03888,133.51977,NA,NA,NA,2.61e+09,5.83e+10,99.39197,184.65908,238.90254,1,"None","parabolic","box sum"
"3045",3045,3046,129.53151,66.08053,133.3848,NA,NA,NA,2.56e+09,5.53e+10,91.29282,136.66952,133.7733,1,"None","parabolic","box sum"
"3046",3046,3047,70.25866,65.05399,133.30341,NA,NA,NA,2.32e+09,4.95e+10,123.38894,143.71397,106.0532,1,"None","parabolic","box sum"
"3047",3047,3048,59.22817,65.02208,133.21729,NA,NA,NA,2.47e+09,5.52e+10,105.80069,148.08927,148.39187,1,"None","parabolic","box sum"
"3048",3048,3049,33.09719,64.57338,133.41443,NA,NA,NA,2.53e+09,5.43e+10,99.74007,159.31731,114.53554,1,"None","parabolic","box sum"
"3049",3049,3050,92.15761,63.87701,133.44669,NA,NA,NA,2.57e+09,5.43e+10,102.72519,134.88063,102.18316,1,"None","parabolic","box sum"
"3050",3050,3051,109.27602,63.86323,133.2512,NA,NA,NA,2.32e+09,5.22e+10,123.63689,158.94577,131.7322,1,"None","parabolic","box sum"
"3051",3051,3052,77.81896,60.79256,133.34052,NA,NA,NA,2.33e+09,5.31e+10,152.65873,160.43571,109.10505,1,"None","parabolic","box sum"
"3052",3052,3053,24.25718,60.74248,133.38474,NA,NA,NA,3.04e+09,6.98e+10,147.75845,160.31888,159.84136,1,"None","parabolic","box sum"
"3057",3057,3058,76.48309,55.51647,133.36845,NA,NA,NA,2.3e+09,5.43e+10,166.23345,178.61015,138.96012,1,"None","parabolic","box sum"
"3061",3061,3062,34.10028,53.87158,133.20606,NA,NA,NA,2.5e+09,5.77e+10,120.03007,269.06282,151.13142,1,"None","parabolic","box sum"
"3062",3062,3063,44.81698,53.16394,133.46249,NA,NA,NA,2.31e+09,5.27e+10,135.30254,147.16583,133.67796,1,"None","parabolic","box sum"
"3063",3063,3064,155.46015,50.62997,133.46621,NA,NA,NA,2.27e+09,4.87e+10,86.73514,162.52875,114.33423,1,"None","parabolic","box sum"
"3064",3064,3065,73.8276,47.73925,133.24416,NA,NA,NA,2.28e+09,5.06e+10,86.71987,155.69949,144.92509,1,"None","parabolic","box sum"
"3065",3065,3066,76.44588,46.94577,133.53137,NA,NA,NA,2.53e+09,5.57e+10,108.30946,154.93137,131.60202,1,"None","parabolic","box sum"
"3066",3066,3067,40.8548,45.7202,133.28124,NA,NA,NA,2.34e+09,4.43e+10,89.06009,154.7966,81.76005,1,"None","parabolic","box sum"
"3067",3067,3068,172.26456,43.12564,133.289,NA,NA,NA,2.42e+09,5.4e+10,101.51416,318.29959,137.52693,1,"None","parabolic","box sum"
"3068",3068,3069,174.175,41.95794,133.42466,NA,NA,NA,2.66e+09,5.77e+10,102.53037,153.00459,124.18655,1,"None","parabolic","box sum"
"3069",3069,3070,103.46722,41.19175,133.38238,NA,NA,NA,2.47e+09,5.53e+10,183.49803,193.61341,100.81443,1,"None","parabolic","box sum"
"3070",3070,3071,88.15671,40.59741,133.29658,NA,NA,NA,2.31e+09,5.03e+10,108.91161,172.91158,115.70671,1,"None","parabolic","box sum"
"3071",3071,3072,164.50488,39.97636,133.3646,NA,NA,NA,2.36e+09,5.56e+10,122.30617,220.27832,144.40104,1,"None","parabolic","box sum"
"3072",3072,3073,144.08709,72.70328,133.13506,NA,NA,NA,2.9e+09,6.4e+10,94.37992,179.28538,114.22095,1,"None","parabolic","box sum"
"3077",3077,3078,39.29557,69.58611,132.99809,NA,NA,NA,2.34e+09,4.79e+10,125.72916,138.87569,87.80783,1,"None","parabolic","box sum"
"3081",3081,3082,71.70108,67.08742,132.96101,NA,NA,NA,3.07e+09,6.85e+10,111.34587,191.99371,112.37887,1,"None","parabolic","box sum"
"3082",3082,3083,135.16557,66.50458,133.02333,NA,NA,NA,2.39e+09,5.34e+10,128.459,171.8248,125.0619,1,"None","parabolic","box sum"
"3083",3083,3084,93.70189,64.33555,132.99713,NA,NA,NA,2.28e+09,4.8e+10,86.50002,145.60914,111.62597,1,"None","parabolic","box sum"
"3084",3084,3085,84.70471,63.63791,132.95118,NA,NA,NA,2.29e+09,5.08e+10,138.30232,159.7043,115.22022,1,"None","parabolic","box sum"
"3085",3085,3086,46.13083,63.70688,132.92776,NA,NA,NA,2.68e+09,5.94e+10,112.9679,159.34277,116.37491,1,"None","parabolic","box sum"
"3086",3086,3087,131.78201,60.57426,133.12052,NA,NA,NA,2.41e+09,5.3e+10,115.9921,129.90409,140.72627,1,"None","parabolic","box sum"
"3087",3087,3088,17.00072,59.75872,133.12196,NA,NA,NA,3.06e+09,6.5e+10,104.826,129.29514,104.857,1,"None","parabolic","box sum"
"3088",3088,3089,190.2722,59.00562,133.17373,NA,NA,NA,2.31e+09,3.39e+10,28.24358,181.54913,127.64373,1,"None","parabolic","box sum"
"3089",3089,3090,133.87538,59.04045,133.04816,NA,NA,NA,2.43e+09,4.89e+10,100.45703,138.22934,94.32647,1,"None","parabolic","box sum"
"3090",3090,3091,74.86597,58.84109,132.96095,NA,NA,NA,2.51e+09,5.11e+10,93.06142,134.20951,98.59726,1,"None","parabolic","box sum"
"3091",3091,3092,29.72855,58.21608,133.08128,NA,NA,NA,2.32e+09,4.92e+10,102.0754,129.21086,112.35508,1,"None","parabolic","box sum"
"3092",3092,3093,107.08719,58.03138,132.90302,NA,NA,NA,2.26e+09,4.92e+10,104.44493,129.94665,127.49541,1,"None","parabolic","box sum"
"3097",3097,3098,54.51526,54.39588,132.97853,NA,NA,NA,2.87e+09,6.83e+10,240.81742,221.97479,187.37641,1,"None","parabolic","box sum"
"3101",3101,3102,173.46161,53.9302,133.17825,NA,NA,NA,2.4e+09,5.75e+10,136.04333,683.78735,123.22712,1,"None","parabolic","box sum"
"3102",3102,3103,54.03578,53.93451,132.89388,NA,NA,NA,4.86e+09,1.18e+11,195.50568,193.00592,1711.29897,1,"None","parabolic","box sum"
"3103",3103,3104,26.43233,53.93095,132.94176,NA,NA,NA,2.96e+09,7.4e+10,173.29073,199.47428,241.24259,1,"None","parabolic","box sum"
"3104",3104,3105,58.46841,53.57192,133.03965,NA,NA,NA,2.39e+09,5.58e+10,126.97499,186.44327,172.9992,1,"None","parabolic","box sum"
"3105",3105,3106,181.48744,53.24458,133.10078,NA,NA,NA,3.79e+09,8.26e+10,130.09324,190.95773,112.4548,1,"None","parabolic","box sum"
"3106",3106,3107,33.29997,53.13717,132.93196,NA,NA,NA,4.03e+09,9.37e+10,221.23583,178.50292,127.92203,1,"None","parabolic","box sum"
"3107",3107,3108,19.49908,53.16993,132.88574,NA,NA,NA,2.8e+09,6.69e+10,263.69193,191.68788,157.17503,1,"None","parabolic","box sum"
"3108",3108,3109,36.04186,52.96238,133.03069,NA,NA,NA,4.12e+09,9.49e+10,205.72885,147.56805,135.44765,1,"None","parabolic","box sum"
"3109",3109,3110,88.44746,51.0201,133.129,NA,NA,NA,2.28e+09,4.91e+10,98.67744,148.07206,110.06406,1,"None","parabolic","box sum"
"3110",3110,3111,166.08777,50.76412,133.13907,NA,NA,NA,2.3e+09,5.11e+10,159.3838,133.76808,122.63528,1,"None","parabolic","box sum"
"3111",3111,3112,119.95247,50.46567,132.93371,NA,NA,NA,2.35e+09,5.1e+10,87.49547,134.30297,142.82849,1,"None","parabolic","box sum"
"3112",3112,3113,102.04261,50.46625,132.93469,NA,NA,NA,2.3e+09,5.27e+10,97.29481,212.63838,148.7653,1,"None","parabolic","box sum"
"3117",3117,3118,102.26269,47.7201,132.86803,NA,NA,NA,2.74e+09,6.26e+10,106.87308,148.77886,163.58227,1,"None","parabolic","box sum"
"3121",3121,3122,180.90582,45.89986,132.87875,NA,NA,NA,2.54e+09,5.46e+10,105.6961,156.6053,111.76699,1,"None","parabolic","box sum"
"3122",3122,3123,92.18411,44.79766,132.98186,NA,NA,NA,2.37e+09,5.25e+10,108.94581,136.89148,142.66974,1,"None","parabolic","box sum"
"3123",3123,3124,145.35064,43.78523,133.07581,NA,NA,NA,2.35e+09,5.19e+10,101.01155,148.19515,134.44629,1,"None","parabolic","box sum"
"3124",3124,3125,178.47542,43.2691,132.99741,NA,NA,NA,2.33e+09,4.92e+10,94.5497,164.7017,98.69093,1,"None","parabolic","box sum"
"3125",3125,3126,73.4198,42.95121,133.04848,NA,NA,NA,2.5e+09,5.19e+10,106.4407,118.60502,113.27133,1,"None","parabolic","box sum"
"3126",3126,3127,141.45643,41.2118,133.05803,NA,NA,NA,2.41e+09,5.44e+10,108.57023,140.773,172.1178,1,"None","parabolic","box sum"
"3127",3127,3128,179.85873,39.25006,132.903,NA,NA,NA,2.37e+09,5.06e+10,175.79752,155.36195,112.59583,1,"None","parabolic","box sum"
"3128",3128,3129,139.34957,73.5815,132.69004,NA,NA,NA,2.3e+09,3.66e+10,98.99196,139.16352,163.22011,1,"None","parabolic","box sum"
"3129",3129,3130,51.27499,73.29574,132.63499,NA,NA,NA,2.49e+09,5.18e+10,93.40585,135.41208,108.3459,1,"None","parabolic","box sum"
"3130",3130,3131,19.18327,72.88367,132.76334,NA,NA,NA,2.39e+09,5.11e+10,110.06095,156.9258,111.4668,1,"None","parabolic","box sum"
"3131",3131,3132,101.18717,71.02888,132.83999,NA,NA,NA,2.4e+09,5.35e+10,103.65468,135.32483,144.21266,1,"None","parabolic","box sum"
"3132",3132,3133,158.13753,69.50602,132.71496,NA,NA,NA,2.58e+09,5.74e+10,96.33479,234.27637,102.88516,1,"None","parabolic","box sum"
"3137",3137,3138,60.15597,65.18124,132.64912,NA,NA,NA,2.62e+09,5.93e+10,83.28528,188.36348,170.52522,1,"None","parabolic","box sum"
"3141",3141,3142,37.86304,60.01381,132.80556,NA,NA,NA,2.33e+09,5.25e+10,120.94613,125.47413,142.79386,1,"None","parabolic","box sum"
"3142",3142,3143,32.50539,59.93563,132.83448,NA,NA,NA,2.43e+09,5.35e+10,84.2624,249.62124,140.12378,1,"None","parabolic","box sum"
"3143",3143,3144,45.63283,58.61868,132.70249,NA,NA,NA,2.57e+09,5.45e+10,88.72542,115.79621,147.81755,1,"None","parabolic","box sum"
"3144",3144,3145,105.4774,56.47361,132.68131,NA,NA,NA,2.3e+09,5.25e+10,116.31333,133.0663,145.044,1,"None","parabolic","box sum"
"3145",3145,3146,171.58911,54.61994,132.74443,NA,NA,NA,2.3e+09,5.32e+10,155.88752,163.33276,151.5547,1,"None","parabolic","box sum"
"3146",3146,3147,167.1055,53.91179,132.67237,NA,NA,NA,2.41e+09,5.13e+10,89.94225,168.03873,108.59331,1,"None","parabolic","box sum"
"3147",3147,3148,172.2433,53.6724,132.61946,NA,NA,NA,3.07e+09,7.78e+10,228.43266,287.39434,1540.66965,1,"None","parabolic","box sum"
"3148",3148,3149,77.93441,53.61167,132.63654,NA,NA,NA,2.28e+09,5.09e+10,116.65655,156.27027,114.51092,1,"None","parabolic","box sum"
"3149",3149,3150,37.5845,53.62664,132.67463,NA,NA,NA,2.38e+09,4.98e+10,125.04028,175.92442,89.20181,1,"None","parabolic","box sum"
"3150",3150,3151,32.71455,53.45549,132.56423,NA,NA,NA,2.86e+09,6.65e+10,370.70181,178.88761,129.6767,1,"None","parabolic","box sum"
"3151",3151,3152,58.7028,53.39156,132.81733,NA,NA,NA,2.34e+09,5.47e+10,129.32009,230.68202,168.25402,1,"None","parabolic","box sum"
"3152",3152,3153,53.11826,53.2103,132.74075,NA,NA,NA,7.2e+09,1.67e+11,154.79375,157.30876,1342.98384,1,"None","parabolic","box sum"
"3157",3157,3158,174.23054,51.4312,132.58787,NA,NA,NA,2.46e+09,5.77e+10,142.29815,287.45234,116.31337,1,"None","parabolic","box sum"
"3161",3161,3162,121.24154,47.27672,132.65395,NA,NA,NA,2.28e+09,4.62e+10,100.4839,120.81677,97.00739,1,"None","parabolic","box sum"
"3162",3162,3163,31.24313,46.73037,132.55954,NA,NA,NA,2.48e+09,5.74e+10,112.66988,153.15145,155.27496,1,"None","parabolic","box sum"
"3163",3163,3164,141.53365,46.05609,132.72443,NA,NA,NA,2.6e+09,5.76e+10,133.51563,173.39349,111.57674,1,"None","parabolic","box sum"
"3164",3164,3165,143.43526,45.51708,132.60033,NA,NA,NA,2.88e+09,6.64e+10,130.50669,150.41858,157.74685,1,"None","parabolic","box sum"
"3165",3165,3166,178.06223,44.89136,132.65234,NA,NA,NA,2.3e+09,4.9e+10,85.5287,167.28896,118.24682,1,"None","parabolic","box sum"
"3166",3166,3167,167.49199,41.29345,132.59012,NA,NA,NA,2.29e+09,5.17e+10,117.42176,172.4664,127.10738,1,"None","parabolic","box sum"
"3167",3167,3168,86.66954,40.43578,132.79689,NA,NA,NA,2.33e+09,5.17e+10,125.61679,147.95148,203.93971,1,"None","parabolic","box sum"
"3168",3168,3169,159.50841,71.80726,132.22926,NA,NA,NA,2.34e+09,5.1e+10,100.08511,155.76669,128.40351,1,"None","parabolic","box sum"
"3169",3169,3170,93.38451,70.80124,132.32279,NA,NA,NA,2.67e+09,5.96e+10,114.88673,171.34576,119.10987,1,"None","parabolic","box sum"
"3170",3170,3171,44.93003,70.13003,132.27979,NA,NA,NA,2.32e+09,5.59e+10,137.57436,136.99835,197.81557,1,"None","parabolic","box sum"
"3171",3171,3172,145.40234,69.35716,132.46318,NA,NA,NA,2.29e+09,4.87e+10,88.27228,133.53323,129.60535,1,"None","parabolic","box sum"
"3172",3172,3173,190.2722,67.46683,132.27413,NA,NA,NA,2.69e+09,4.2e+10,52.83554,185.59493,136.1365,1,"None","parabolic","box sum"
"3177",3177,3178,166.3345,63.67619,132.20343,NA,NA,NA,2.33e+09,5.09e+10,112.43445,154.98832,108.43164,1,"None","parabolic","box sum"
"3181",3181,3182,87.54827,59.58175,132.2414,NA,NA,NA,3e+09,6.59e+10,100.03321,136.4271,149.73682,1,"None","parabolic","box sum"
"3182",3182,3183,19.43751,59.20683,132.30425,NA,NA,NA,2.55e+09,5.69e+10,125.64366,151.52717,133.17373,1,"None","parabolic","box sum"
"3183",3183,3184,40.2863,59.02293,132.46341,NA,NA,NA,3.13e+09,6.39e+10,111.99078,120.62964,94.0367,1,"None","parabolic","box sum"
"3184",3184,3185,161.11274,56.55903,132.2703,NA,NA,NA,2.39e+09,5.42e+10,144.27561,133.26198,133.6813,1,"None","parabolic","box sum"
"3185",3185,3186,20.20842,56.3343,132.39454,NA,NA,NA,2.5e+09,5.52e+10,115.52553,178.99379,108.70618,1,"None","parabolic","box sum"
"3186",3186,3187,168.63011,56.01745,132.31008,NA,NA,NA,2.47e+09,5.62e+10,339.35288,174.95748,116.21886,1,"None","parabolic","box sum"
"3187",3187,3188,168.31601,55.75782,132.48022,NA,NA,NA,2.49e+09,5.43e+10,397.68115,145.27869,116.02172,1,"None","parabolic","box sum"
"3188",3188,3189,41.21416,55.60192,132.41957,NA,NA,NA,2.48e+09,5.4e+10,98.71409,138.88544,133.9235,1,"None","parabolic","box sum"
"3189",3189,3190,169.49391,54.85337,132.34833,NA,NA,NA,2.42e+09,5.78e+10,177.45481,399.70604,135.68109,1,"None","parabolic","box sum"
"3190",3190,3191,59.82068,54.72068,132.24067,NA,NA,NA,2.26e+09,5.19e+10,117.80956,179.6695,252.15739,1,"None","parabolic","box sum"
"3191",3191,3192,32.11381,54.13249,132.1971,NA,NA,NA,2.26e+09,4.88e+10,89.18223,214.38742,123.71361,1,"None","parabolic","box sum"
"3192",3192,3193,53.51484,53.56625,132.20272,NA,NA,NA,7.11e+09,1.68e+11,153.47707,176.48059,1538.03921,1,"None","parabolic","box sum"
"3197",3197,3198,25.97644,52.18203,132.4674,NA,NA,NA,2.44e+09,5.53e+10,95.78271,296.66317,777.31022,1,"None","parabolic","box sum"
"3201",3201,3202,18.406,49.06785,132.2995,NA,NA,NA,2.25e+09,4.84e+10,131.5626,175.65364,92.11034,1,"None","parabolic","box sum"
"3202",3202,3203,178.8452,47.17144,132.46798,NA,NA,NA,2.53e+09,5.55e+10,118.37965,158.40566,124.00255,1,"None","parabolic","box sum"
"3203",3203,3204,146.95203,46.84758,132.22384,NA,NA,NA,2.56e+09,5.72e+10,245.70793,202.23093,96.61394,1,"None","parabolic","box sum"
"3204",3204,3205,146.48472,46.81349,132.30813,NA,NA,NA,2.46e+09,5.62e+10,249.45521,274.15431,103.56441,1,"None","parabolic","box sum"
"3205",3205,3206,132.03383,46.81809,132.33855,NA,NA,NA,2.61e+09,5.4e+10,86.90308,149.95211,107.02056,1,"None","parabolic","box sum"
"3206",3206,3207,158.50882,45.95332,132.47645,NA,NA,NA,2.76e+09,6.35e+10,113.75327,154.419,140.9499,1,"None","parabolic","box sum"
"3207",3207,3208,65.55409,45.65728,132.29396,NA,NA,NA,2.29e+09,4.85e+10,112.92393,131.38777,101.87796,1,"None","parabolic","box sum"
"3208",3208,3209,116.27223,44.48352,132.28416,NA,NA,NA,2.26e+09,4.87e+10,106.59216,160.61741,112.22887,1,"None","parabolic","box sum"
"3209",3209,3210,97.38087,44.20116,132.35808,NA,NA,NA,2.48e+09,5.55e+10,96.98213,330.8754,130.49552,1,"None","parabolic","box sum"
"3210",3210,3211,42.62405,44.0904,132.35841,NA,NA,NA,2.36e+09,4.79e+10,108.52198,123.8876,100.33107,1,"None","parabolic","box sum"
"3211",3211,3212,169.86851,42.99025,132.38578,NA,NA,NA,2.34e+09,5.49e+10,145.43014,177.97512,161.3192,1,"None","parabolic","box sum"
"3212",3212,3213,30.82575,43.02993,132.28264,NA,NA,NA,2.66e+09,5.65e+10,106.62392,125.99295,110.84387,1,"None","parabolic","box sum"
"3217",3217,3218,63.23156,73.04657,132.04184,NA,NA,NA,2.65e+09,5.7e+10,108.81756,121.89763,125.05648,1,"None","parabolic","box sum"
"3221",3221,3222,21.89308,69.85101,131.87108,NA,NA,NA,2.26e+09,4.86e+10,96.25906,176.8997,110.74936,1,"None","parabolic","box sum"
"3222",3222,3223,21.58233,69.31999,132.06585,NA,NA,NA,2.43e+09,5.56e+10,119.50487,150.36903,162.34288,1,"None","parabolic","box sum"
"3223",3223,3224,86.81698,68.45598,132.08708,NA,NA,NA,2.3e+09,5.25e+10,123.16909,155.62116,167.44646,1,"None","parabolic","box sum"
"3224",3224,3225,160.34688,67.99928,131.89833,NA,NA,NA,3.03e+09,6.69e+10,104.06263,159.72328,144.24312,1,"None","parabolic","box sum"
"3225",3225,3226,26.22853,67.20413,132.07041,NA,NA,NA,2.43e+09,5.4e+10,163.99094,160.60364,112.09556,1,"None","parabolic","box sum"
"3226",3226,3227,76.2759,67.10234,132.11823,NA,NA,NA,2.59e+09,5.88e+10,81.96616,290.61329,165.5539,1,"None","parabolic","box sum"
"3227",3227,3228,85.16179,66.63423,131.97957,NA,NA,NA,2.66e+09,5.79e+10,108.76871,147.01146,118.03341,1,"None","parabolic","box sum"
"3228",3228,3229,40.16996,64.97947,131.91106,NA,NA,NA,2.49e+09,5.31e+10,99.7645,187.63123,104.77167,1,"None","parabolic","box sum"
"3229",3229,3230,188.22768,64.30161,131.87969,NA,NA,NA,2.53e+09,5.55e+10,83.41727,124.83138,184.62873,1,"None","parabolic","box sum"
"3230",3230,3231,57.46984,63.95817,131.92315,NA,NA,NA,2.28e+09,5.33e+10,102.05585,248.20349,151.09283,1,"None","parabolic","box sum"
"3231",3231,3232,69.34566,63.34883,132.06227,NA,NA,NA,2.3e+09,5.13e+10,145.8726,149.8501,117.39463,1,"None","parabolic","box sum"
"3232",3232,3233,93.78745,62.38967,131.89323,NA,NA,NA,2.28e+09,5.24e+10,147.87815,128.67638,149.63648,1,"None","parabolic","box sum"
"3237",3237,3238,56.18179,56.42289,131.86353,NA,NA,NA,3.01e+09,7.21e+10,135.01673,227.59679,164.57653,1,"None","parabolic","box sum"
"3241",3241,3242,32.8249,53.85122,132.11685,NA,NA,NA,2.73e+09,6.29e+10,209.48346,204.00375,135.0615,1,"None","parabolic","box sum"
"3242",3242,3243,173.54926,53.42072,132.08276,NA,NA,NA,2.35e+09,5.94e+10,678.46788,171.51302,290.44119,1,"None","parabolic","box sum"
"3243",3243,3244,171.22907,53.31761,132.18917,NA,NA,NA,4.49e+09,1.11e+11,305.1086,218.06031,876.3606,1,"None","parabolic","box sum"
"3244",3244,3245,40.59098,52.54118,131.9388,NA,NA,NA,2.61e+09,5.89e+10,201.67134,233.71154,117.52647,1,"None","parabolic","box sum"
"3245",3245,3246,26.0552,51.91001,131.98787,NA,NA,NA,2.59e+09,6.04e+10,90.93861,281.20136,311.61198,1,"None","parabolic","box sum"
"3246",3246,3247,174.25552,51.87009,131.98456,NA,NA,NA,3.56e+09,8.11e+10,147.92761,173.79779,124.24371,1,"None","parabolic","box sum"
"3247",3247,3248,56.9419,51.32879,131.90986,NA,NA,NA,2.41e+09,5.26e+10,150.97319,150.29925,100.46604,1,"None","parabolic","box sum"
"3248",3248,3249,182.42464,50.34386,131.88765,NA,NA,NA,2.74e+09,6.06e+10,93.83594,140.45882,148.26983,1,"None","parabolic","box sum"
"3249",3249,3250,31.1732,46.91758,132.15609,NA,NA,NA,2.54e+09,5.65e+10,227.67997,190.58305,113.92805,1,"None","parabolic","box sum"
"3250",3250,3251,87.28575,46.41837,132.1554,NA,NA,NA,2.33e+09,5.18e+10,134.66497,162.64099,106.76855,1,"None","parabolic","box sum"
"3251",3251,3252,45.14043,45.87918,131.98714,NA,NA,NA,2.83e+09,5.84e+10,90.44272,140.47635,107.98562,1,"None","parabolic","box sum"
"3252",3252,3253,34.76197,45.21008,131.88957,NA,NA,NA,2.26e+09,5.03e+10,119.46334,146.3393,186.75369,1,"None","parabolic","box sum"
"3257",3257,3258,59.20473,40.58546,132.11813,NA,NA,NA,2.29e+09,5.05e+10,141.92745,143.36443,110.77398,1,"None","parabolic","box sum"
"3261",3261,3262,67.19656,69.41353,131.67087,NA,NA,NA,2.32e+09,4.99e+10,93.43517,126.29978,141.32062,1,"None","parabolic","box sum"
"3262",3262,3263,33.01445,69.09831,131.81662,NA,NA,NA,2.57e+09,5.79e+10,96.76472,226.68175,117.54128,1,"None","parabolic","box sum"
"3263",3263,3264,52.65637,68.77829,131.63436,NA,NA,NA,2.26e+09,5.04e+10,133.42402,152.04954,149.65567,1,"None","parabolic","box sum"
"3264",3264,3265,78.01834,67.35965,131.54603,NA,NA,NA,2.49e+09,5.28e+10,82.9555,159.96382,118.15545,1,"None","parabolic","box sum"
"3265",3265,3266,44.21725,65.36979,131.71282,NA,NA,NA,2.51e+09,5.8e+10,121.96234,130.54934,170.22127,1,"None","parabolic","box sum"
"3266",3266,3267,174.512,65.25896,131.68328,NA,NA,NA,2.33e+09,5.26e+10,117.59856,255.04412,104.97174,1,"None","parabolic","box sum"
"3267",3267,3268,31.02848,64.72601,131.59829,NA,NA,NA,2.65e+09,5.75e+10,101.04942,155.77939,116.73748,1,"None","parabolic","box sum"
"3268",3268,3269,57.39018,64.2034,131.75808,NA,NA,NA,2.43e+09,5.57e+10,137.57925,212.96361,157.94107,1,"None","parabolic","box sum"
"3269",3269,3270,87.7448,63.63698,131.6792,NA,NA,NA,2.26e+09,5.12e+10,106.66544,153.20569,153.51257,1,"None","parabolic","box sum"
"3270",3270,3271,39.68278,61.42646,131.55841,NA,NA,NA,2.52e+09,5.17e+10,82.86023,144.76445,111.81143,1,"None","parabolic","box sum"
"3271",3271,3272,16.87917,60.85519,131.69626,NA,NA,NA,2.32e+09,4.88e+10,197.50878,184.587,86.674,1,"None","parabolic","box sum"
"3272",3272,3273,147.91754,59.83819,131.83513,NA,NA,NA,2.28e+09,5.17e+10,130.05477,149.07092,144.30758,1,"None","parabolic","box sum"
"3277",3277,3278,48.98059,55.4544,131.68479,NA,NA,NA,3.07e+09,6.95e+10,129.27612,164.86025,128.75211,1,"None","parabolic","box sum"
"3281",3281,3282,48.73197,51.3196,131.53655,NA,NA,NA,2.6e+09,6.01e+10,121.39805,149.08427,167.59416,1,"None","parabolic","box sum"
"3282",3282,3283,59.27753,48.11475,131.67843,NA,NA,NA,2.41e+09,5.28e+10,102.97924,234.88647,109.23064,1,"None","parabolic","box sum"
"3283",3283,3284,89.1196,46.42083,131.83595,NA,NA,NA,2.29e+09,4.55e+10,99.35044,141.30706,90.79584,1,"None","parabolic","box sum"
"3284",3284,3285,22.14413,45.61212,131.61324,NA,NA,NA,2.29e+09,5.56e+10,139.2941,183.43377,189.3447,1,"None","parabolic","box sum"
"3285",3285,3286,78.96753,45.35628,131.72288,NA,NA,NA,2.4e+09,5.01e+10,99.06341,126.00005,104.59957,1,"None","parabolic","box sum"
"3286",3286,3287,181.00279,44.71926,131.52283,NA,NA,NA,2.72e+09,6.06e+10,105.06677,141.55781,134.13274,1,"None","parabolic","box sum"
"3287",3287,3288,138.38753,44.43653,131.57218,NA,NA,NA,2.45e+09,5.25e+10,92.85622,129.65709,123.19812,1,"None","parabolic","box sum"
"3288",3288,3289,104.4201,42.74969,131.53934,NA,NA,NA,2.41e+09,5.2e+10,89.40086,144.77009,176.49102,1,"None","parabolic","box sum"
"3289",3289,3290,27.24833,41.33647,131.67704,NA,NA,NA,2.29e+09,4.67e+10,99.27349,150.43944,98.84447,1,"None","parabolic","box sum"
"3290",3290,3291,53.98791,41.02522,131.68549,NA,NA,NA,2.29e+09,5.09e+10,98.75317,123.29471,183.83765,1,"None","parabolic","box sum"
"3291",3291,3292,25.04923,40.55482,131.63201,NA,NA,NA,2.81e+09,6.09e+10,125.5435,141.42388,105.17451,1,"None","parabolic","box sum"
"3292",3292,3293,116.37452,39.42467,131.83395,NA,NA,NA,2.33e+09,5.22e+10,129.23582,159.00773,128.38808,1,"None","parabolic","box sum"
"3297",3297,3298,171.56614,68.25108,131.28659,NA,NA,NA,2.56e+09,5.49e+10,100.21184,257.96506,98.38802,1,"None","parabolic","box sum"
"3301",3301,3302,167.77003,66.05549,131.38419,NA,NA,NA,2.93e+09,6.58e+10,120.02458,151.0897,139.43222,1,"None","parabolic","box sum"
"3302",3302,3303,66.00033,64.43648,131.25991,NA,NA,NA,2.27e+09,5.04e+10,104.42294,132.81909,147.65984,1,"None","parabolic","box sum"
"3303",3303,3304,135.07587,60.59917,131.47587,NA,NA,NA,2.31e+09,4.95e+10,114.31389,122.05866,134.05555,1,"None","parabolic","box sum"
"3304",3304,3305,170.77463,59.62748,131.41727,NA,NA,NA,2.28e+09,5.26e+10,290.61417,198.15707,128.78215,1,"None","parabolic","box sum"
"3305",3305,3306,170.72169,57.92444,131.24236,NA,NA,NA,2.43e+09,5.53e+10,104.36553,204.49129,138.24645,1,"None","parabolic","box sum"
"3306",3306,3307,62.91484,57.41386,131.47287,NA,NA,NA,2.26e+09,5.19e+10,107.36653,139.66858,162.13864,1,"None","parabolic","box sum"
"3307",3307,3308,15.8783,57.19042,131.4532,NA,NA,NA,2.3e+09,5.27e+10,88.87932,191.30132,204.81339,1,"None","parabolic","box sum"
"3308",3308,3309,75.38677,56.32079,131.37264,NA,NA,NA,2.3e+09,5.1e+10,97.93239,169.95487,125.62975,1,"None","parabolic","box sum"
"3309",3309,3310,171.98862,55.11104,131.32663,NA,NA,NA,2.58e+09,6.17e+10,221.27644,881.66529,414.24513,1,"None","parabolic","box sum"
"3310",3310,3311,39.88403,54.95083,131.34283,NA,NA,NA,2.26e+09,5.06e+10,93.67456,194.21005,138.90067,1,"None","parabolic","box sum"
"3311",3311,3312,145.71868,54.64901,131.23075,NA,NA,NA,2.27e+09,4.85e+10,90.40486,135.87677,187.89169,1,"None","parabolic","box sum"
"3312",3312,3313,156.95471,53.68539,131.42002,NA,NA,NA,2.49e+09,5.59e+10,98.74401,141.47604,190.76747,1,"None","parabolic","box sum"
"3317",3317,3318,32.31145,52.16007,131.19495,NA,NA,NA,5.98e+09,1.43e+11,159.06867,187.69664,252.16532,1,"None","parabolic","box sum"
"3321",3321,3322,161.41439,48.75121,131.47875,NA,NA,NA,2.62e+09,5.89e+10,94.99124,195.18805,136.20409,1,"None","parabolic","box sum"
"3322",3322,3323,132.37936,48.14746,131.43949,NA,NA,NA,2.31e+09,4.91e+10,136.26379,118.00003,121.16495,1,"None","parabolic","box sum"
"3323",3323,3324,140.80198,47.02206,131.40796,NA,NA,NA,2.47e+09,5.45e+10,144.0753,152.49264,104.24116,1,"None","parabolic","box sum"
"3324",3324,3325,175.17314,45.39168,131.23573,NA,NA,NA,2.48e+09,5.1e+10,84.51829,148.26107,110.27539,1,"None","parabolic","box sum"
"3325",3325,3326,142.66822,44.03318,131.26545,NA,NA,NA,2.76e+09,6.25e+10,124.91021,234.86686,132.23913,1,"None","parabolic","box sum"
"3326",3326,3327,97.15901,42.9199,131.43282,NA,NA,NA,2.58e+09,5.59e+10,183.59696,168.66416,104.3269,1,"None","parabolic","box sum"
"3327",3327,3328,157.50785,42.12376,131.22088,NA,NA,NA,2.34e+09,5.12e+10,118.01659,178.89053,129.37587,1,"None","parabolic","box sum"
"3328",3328,3329,73.01658,42.24625,131.1956,NA,NA,NA,2.29e+09,4.72e+10,93.96281,157.16857,97.43881,1,"None","parabolic","box sum"
"3329",3329,3330,168.54027,40.77903,131.24842,NA,NA,NA,2.27e+09,5e+10,207.53775,126.6793,130.71811,1,"None","parabolic","box sum"
"3330",3330,3331,183.486,72.6545,131.02985,NA,NA,NA,2.54e+09,5.58e+10,102.30945,148.87886,211.93638,1,"None","parabolic","box sum"
"3331",3331,3332,110.3514,72.55144,130.85231,NA,NA,NA,2.46e+09,5.16e+10,107.53142,132.35864,107.24795,1,"None","parabolic","box sum"
"3332",3332,3333,86.31179,71.24627,130.9992,NA,NA,NA,2.7e+09,5.47e+10,98.52355,142.05221,86.64793,1,"None","parabolic","box sum"
"3337",3337,3338,132.84933,66.37406,130.89966,NA,NA,NA,2.26e+09,5.29e+10,148.38869,130.70653,197.77969,1,"None","parabolic","box sum"
"3341",3341,3342,175.28537,64.62789,130.92567,NA,NA,NA,2.38e+09,5.13e+10,110.53669,156.17952,115.44636,1,"None","parabolic","box sum"
"3342",3342,3343,148.11999,63.58765,130.9122,NA,NA,NA,2.3e+09,4.71e+10,96.75251,131.55445,108.06885,1,"None","parabolic","box sum"
"3343",3343,3344,115.00135,63.30784,131.06252,NA,NA,NA,2.71e+09,5.91e+10,186.86056,149.76081,104.50464,1,"None","parabolic","box sum"
"3344",3344,3345,36.98869,62.70088,131.03039,NA,NA,NA,2.55e+09,5.52e+10,89.28238,175.46588,135.23278,1,"None","parabolic","box sum"
"3345",3345,3346,171.7161,62.39534,131.03925,NA,NA,NA,2.62e+09,5.92e+10,120.4136,185.1269,125.49686,1,"None","parabolic","box sum"
"3346",3346,3347,149.93988,62.26689,130.97826,NA,NA,NA,2.31e+09,4.81e+10,86.15253,150.90674,110.07094,1,"None","parabolic","box sum"
"3347",3347,3348,105.47862,62.13392,130.93919,NA,NA,NA,2.31e+09,5.02e+10,96.20165,180.29201,116.22137,1,"None","parabolic","box sum"
"3348",3348,3349,104.83286,60.2073,130.98971,NA,NA,NA,2.3e+09,5.15e+10,102.88397,187.04221,118.05469,1,"None","parabolic","box sum"
"3349",3349,3350,137.84076,59.16466,130.9869,NA,NA,NA,2.26e+09,4.94e+10,121.98921,142.52684,117.25882,1,"None","parabolic","box sum"
"3350",3350,3351,124.06407,59.23431,130.97077,NA,NA,NA,2.3e+09,4.86e+10,90.59417,144.8867,111.36687,1,"None","parabolic","box sum"
"3351",3351,3352,60.48387,56.78731,130.91227,NA,NA,NA,3.19e+09,7.64e+10,143.45177,198.86741,157.50423,1,"None","parabolic","box sum"
"3352",3352,3353,52.57872,55.62611,131.09528,NA,NA,NA,2.73e+09,6.14e+10,109.04474,160.65121,136.46153,1,"None","parabolic","box sum"
"3357",3357,3358,40.27467,53.36589,130.88779,NA,NA,NA,2.3e+09,5.59e+10,168.90344,172.86235,692.82272,1,"None","parabolic","box sum"
"3361",3361,3362,46.64597,52.28034,131.08276,NA,NA,NA,2.84e+09,6.59e+10,103.34322,165.83073,183.73376,1,"None","parabolic","box sum"
"3362",3362,3363,41.05748,51.99799,131.00125,NA,NA,NA,3.33e+09,8.13e+10,156.87503,225.54046,270.54629,1,"None","parabolic","box sum"
"3363",3363,3364,26.35713,51.93757,130.86105,NA,NA,NA,3.13e+09,7.29e+10,165.67404,180.80395,173.77234,1,"None","parabolic","box sum"
"3364",3364,3365,57.18859,51.74886,131.0796,NA,NA,NA,2.71e+09,6.49e+10,109.68232,186.53923,323.76993,1,"None","parabolic","box sum"
"3365",3365,3366,175.44225,51.58573,131.09487,NA,NA,NA,2.31e+09,5.12e+10,119.85175,147.98236,116.89374,1,"None","parabolic","box sum"
"3366",3366,3367,48.63246,51.55988,131.14233,NA,NA,NA,2.63e+09,6.13e+10,122.70496,150.88797,172.41195,1,"None","parabolic","box sum"
"3367",3367,3368,74.64112,49.05874,130.99592,NA,NA,NA,2.38e+09,5.38e+10,117.25992,151.56972,142.98391,1,"None","parabolic","box sum"
"3368",3368,3369,88.96695,48.04846,130.93355,NA,NA,NA,2.39e+09,5.26e+10,114.95757,138.33219,130.53057,1,"None","parabolic","box sum"
"3369",3369,3370,64.24879,48.02396,131.07669,NA,NA,NA,2.71e+09,5.64e+10,113.40517,135.24926,93.50953,1,"None","parabolic","box sum"
"3370",3370,3371,40.35148,47.36647,131.03803,NA,NA,NA,2.37e+09,5.29e+10,97.11893,166.65685,140.94782,1,"None","parabolic","box sum"
"3371",3371,3372,117.83388,46.81614,131.10076,NA,NA,NA,2.29e+09,5.2e+10,117.07916,126.27751,210.10306,1,"None","parabolic","box sum"
"3372",3372,3373,160.07138,46.67477,131.15094,NA,NA,NA,2.7e+09,6.18e+10,123.66132,204.16063,145.40511,1,"None","parabolic","box sum"
"3377",3377,3378,91.43649,43.20825,131.12186,NA,NA,NA,2.31e+09,5.18e+10,136.64731,150.41023,123.66542,1,"None","parabolic","box sum"
"3381",3381,3382,44.72827,41.37284,130.90014,NA,NA,NA,2.37e+09,5.18e+10,82.47671,162.24003,146.51892,1,"None","parabolic","box sum"
"3382",3382,3383,20.46685,41.13933,131.10204,NA,NA,NA,2.44e+09,5.52e+10,111.22373,162.4983,143.79501,1,"None","parabolic","box sum"
"3383",3383,3384,36.44846,71.81693,130.51754,NA,NA,NA,2.66e+09,5.8e+10,108.62214,203.40985,106.17024,1,"None","parabolic","box sum"
"3384",3384,3385,42.07515,69.99536,130.59222,NA,NA,NA,2.83e+09,6.39e+10,136.03539,154.42704,119.44199,1,"None","parabolic","box sum"
"3385",3385,3386,142.42578,67.62835,130.5299,NA,NA,NA,2.3e+09,5.48e+10,215.58377,197.40084,191.3445,1,"None","parabolic","box sum"
"3386",3386,3387,15.30856,67.62376,130.82815,NA,NA,NA,2.36e+09,5.2e+10,123.58925,162.52802,125.08506,1,"None","parabolic","box sum"
"3387",3387,3388,138.48651,58.67871,130.61083,NA,NA,NA,2.25e+09,5e+10,110.77181,180.34187,120.76879,1,"None","parabolic","box sum"
"3388",3388,3389,27.92458,58.0451,130.68588,NA,NA,NA,2.31e+09,5.03e+10,112.93859,281.35616,94.58411,1,"None","parabolic","box sum"
"3389",3389,3390,103.914,57.50573,130.59483,NA,NA,NA,2.3e+09,5.25e+10,91.2745,281.08287,188.33041,1,"None","parabolic","box sum"
"3390",3390,3391,154.74286,57.09475,130.5608,NA,NA,NA,2.59e+09,5.59e+10,90.7609,149.52883,141.90391,1,"None","parabolic","box sum"
"3391",3391,3392,68.40575,56.76021,130.69576,NA,NA,NA,2.36e+09,5.12e+10,109.1449,269.67344,99.58735,1,"None","parabolic","box sum"
"3392",3392,3393,15.46989,55.64044,130.81154,NA,NA,NA,2.66e+09,5.99e+10,105.87641,184.17561,143.42993,1,"None","parabolic","box sum"
"3397",3397,3398,25.92178,53.1247,130.5717,NA,NA,NA,2.61e+09,6.07e+10,245.56137,545.64083,286.88616,1,"None","parabolic","box sum"
"3401",3401,3402,58.10937,49.94347,130.75597,NA,NA,NA,2.36e+09,5.29e+10,109.23284,175.59731,138.40166,1,"None","parabolic","box sum"
"3402",3402,3403,25.18844,49.35369,130.55311,NA,NA,NA,2.51e+09,5.43e+10,83.44406,150.20245,133.78018,1,"None","parabolic","box sum"
"3403",3403,3404,126.1947,49.22907,130.56338,NA,NA,NA,2.52e+09,5.43e+10,115.66721,143.87512,116.44417,1,"None","parabolic","box sum"
"3404",3404,3405,48.73621,48.96718,130.83472,NA,NA,NA,2.83e+09,6.31e+10,81.21866,123.93558,197.09897,1,"None","parabolic","box sum"
"3405",3405,3406,163.63357,47.35563,130.77774,NA,NA,NA,2.8e+09,6.01e+10,87.9541,171.35864,110.20905,1,"None","parabolic","box sum"
"3406",3406,3407,92.45808,46.41931,130.73903,NA,NA,NA,2.42e+09,5.29e+10,147.33218,129.62079,114.48923,1,"None","parabolic","box sum"
"3407",3407,3408,124.81576,46.15949,130.53062,NA,NA,NA,2.37e+09,5.36e+10,121.44813,116.04822,194.30643,1,"None","parabolic","box sum"
"3408",3408,3409,115.2278,46.03282,130.67179,NA,NA,NA,2.28e+09,5.27e+10,106.56895,172.7739,154.61969,1,"None","parabolic","box sum"
"3409",3409,3410,57.56215,45.86282,130.53707,NA,NA,NA,2.49e+09,5.76e+10,130.6954,165.23534,196.97338,1,"None","parabolic","box sum"
"3410",3410,3411,94.01559,45.62374,130.63798,NA,NA,NA,2.34e+09,5e+10,90.18012,114.2537,145.70928,1,"None","parabolic","box sum"
"3411",3411,3412,148.03163,45.11332,130.78141,NA,NA,NA,3.54e+09,8.05e+10,129.2633,177.18738,123.43657,1,"None","parabolic","box sum"
"3412",3412,3413,128.52826,42.82132,130.56289,NA,NA,NA,2.53e+09,5.92e+10,102.61037,231.27949,146.4023,1,"None","parabolic","box sum"
"3417",3417,3418,56.59775,69.63186,130.48108,NA,NA,NA,2.96e+09,6.76e+10,121.26858,174.29831,144.1215,1,"None","parabolic","box sum"
"3421",3421,3422,28.71018,64.3566,130.24835,NA,NA,NA,2.32e+09,5.4e+10,160.79574,166.62744,150.33096,1,"None","parabolic","box sum"
"3422",3422,3423,21.85112,64.32194,130.35725,NA,NA,NA,2.51e+09,5.86e+10,215.13613,207.52551,130.24393,1,"None","parabolic","box sum"
"3423",3423,3424,77.87748,63.65013,130.30644,NA,NA,NA,2.46e+09,5.87e+10,156.10554,171.56997,159.53991,1,"None","parabolic","box sum"
"3424",3424,3425,46.1573,61.62249,130.48684,NA,NA,NA,2.41e+09,5.2e+10,122.3483,138.77195,132.22224,1,"None","parabolic","box sum"
"3425",3425,3426,82.85179,60.89607,130.20806,NA,NA,NA,2.3e+09,4.87e+10,110.93548,196.51526,94.36819,1,"None","parabolic","box sum"
"3426",3426,3427,166.8107,60.22624,130.29666,NA,NA,NA,2.35e+09,4.91e+10,89.80667,141.48855,110.21113,1,"None","parabolic","box sum"
"3427",3427,3428,129.07643,59.08333,130.41081,NA,NA,NA,2.26e+09,5.12e+10,152.06391,183.74544,117.6022,1,"None","parabolic","box sum"
"3428",3428,3429,190.06118,58.81462,130.24131,NA,NA,NA,2.3e+09,4.91e+10,79.73564,134.09853,169.24432,1,"None","parabolic","box sum"
"3429",3429,3430,123.2671,58.47568,130.38988,NA,NA,NA,2.31e+09,4.64e+10,101.67111,162.23085,82.5021,1,"None","parabolic","box sum"
"3430",3430,3431,182.40923,57.12813,130.31758,NA,NA,NA,2.29e+09,4.99e+10,119.3267,139.26804,107.34016,1,"None","parabolic","box sum"
"3431",3431,3432,32.19627,55.36299,130.29588,NA,NA,NA,2.42e+09,5.54e+10,100.90773,169.08264,220.6338,1,"None","parabolic","box sum"
"3432",3432,3433,25.54562,55.41924,130.25711,NA,NA,NA,3.62e+09,8.49e+10,228.75481,179.11208,151.94398,1,"None","parabolic","box sum"
"3437",3437,3438,34.45398,53.32592,130.29387,NA,NA,NA,2.96e+09,6.97e+10,351.50618,184.59034,148.32699,1,"None","parabolic","box sum"
"3441",3441,3442,102.1264,52.29385,130.30735,NA,NA,NA,2.38e+09,4.91e+10,88.14525,160.9633,103.21185,1,"None","parabolic","box sum"
"3442",3442,3443,31.76464,52.23449,130.17206,NA,NA,NA,4.51e+09,1.12e+11,407.42462,230.81887,481.65134,1,"None","parabolic","box sum"
"3443",3443,3444,58.78293,52.12268,130.43751,NA,NA,NA,2.48e+09,5.57e+10,95.20376,216.18235,139.83652,1,"None","parabolic","box sum"
"3444",3444,3445,57.28271,51.5672,130.47032,NA,NA,NA,2.49e+09,6.01e+10,105.7103,166.46284,340.47738,1,"None","parabolic","box sum"
"3445",3445,3446,25.406,51.47663,130.41943,NA,NA,NA,2.47e+09,5.54e+10,166.54368,166.79454,111.52458,1,"None","parabolic","box sum"
"3446",3446,3447,171.90285,51.34336,130.26239,NA,NA,NA,3.88e+09,9.26e+10,256.41204,702.81231,810.66442,1,"None","parabolic","box sum"
"3447",3447,3448,178.1647,50.08375,130.36558,NA,NA,NA,2.33e+09,5.32e+10,180.31672,173.16651,118.35948,1,"None","parabolic","box sum"
"3448",3448,3449,89.86049,49.63793,130.40091,NA,NA,NA,2.27e+09,4.61e+10,111.95047,123.24256,97.23979,1,"None","parabolic","box sum"
"3449",3449,3450,95.33402,49.07688,130.49899,NA,NA,NA,2.5e+09,5.75e+10,106.11337,145.97338,169.16233,1,"None","parabolic","box sum"
"3450",3450,3451,69.66247,48.91477,130.4311,NA,NA,NA,2.33e+09,4.98e+10,139.70205,180.60869,88.81065,1,"None","parabolic","box sum"
"3451",3451,3452,30.19796,48.89038,130.22176,NA,NA,NA,2.68e+09,6.07e+10,130.22638,125.81521,145.14601,1,"None","parabolic","box sum"
"3452",3452,3453,79.45351,48.01764,130.31455,NA,NA,NA,2.49e+09,5.42e+10,107.02698,162.06062,111.19789,1,"None","parabolic","box sum"
"3457",3457,3458,43.22024,44.50475,130.47961,NA,NA,NA,2.45e+09,5.55e+10,128.8413,155.08449,124.48674,1,"None","parabolic","box sum"
"3461",3461,3462,69.08717,70.60903,129.83801,NA,NA,NA,2.91e+09,6.01e+10,94.07518,149.24146,99.19181,1,"None","parabolic","box sum"
"3462",3462,3463,37.66643,70.59572,129.97673,NA,NA,NA,2.33e+09,5.22e+10,113.90594,228.35313,120.38201,1,"None","parabolic","box sum"
"3463",3463,3464,106.45875,69.88603,129.90407,NA,NA,NA,2.88e+09,6.45e+10,119.39861,172.59099,107.17347,1,"None","parabolic","box sum"
"3464",3464,3465,68.38206,68.51004,130.15379,NA,NA,NA,2.36e+09,5.36e+10,130.44135,136.10417,135.78582,1,"None","parabolic","box sum"
"3465",3465,3466,37.6609,67.56119,130.06081,NA,NA,NA,2.27e+09,5.18e+10,126.52307,200.78814,109.49224,1,"None","parabolic","box sum"
"3466",3466,3467,171.43082,67.36423,129.92745,NA,NA,NA,2.4e+09,5.81e+10,158.8305,199.25335,206.60123,1,"None","parabolic","box sum"
"3467",3467,3468,31.77558,63.57071,129.88369,NA,NA,NA,2.54e+09,5.69e+10,126.57193,170.38232,123.26363,1,"None","parabolic","box sum"
"3468",3468,3469,78.1966,63.4186,130.09271,NA,NA,NA,2.33e+09,4.98e+10,167.1153,171.83721,88.1508,1,"None","parabolic","box sum"
"3469",3469,3470,122.89635,60.41867,130.01557,NA,NA,NA,2.45e+09,5.58e+10,117.65566,149.02419,137.1097,1,"None","parabolic","box sum"
"3470",3470,3471,25.77604,59.2562,129.95904,NA,NA,NA,2.37e+09,5.13e+10,112.41583,150.16553,112.4014,1,"None","parabolic","box sum"
"3471",3471,3472,149.23119,58.22557,129.90343,NA,NA,NA,2.82e+09,6.3e+10,144.4234,146.9228,119.30242,1,"None","parabolic","box sum"
"3472",3472,3473,51.52544,57.2813,130.03636,NA,NA,NA,2.27e+09,5.08e+10,133.01363,267.09035,104.9442,1,"None","parabolic","box sum"
"3477",3477,3478,169.07066,55.3338,130.14379,NA,NA,NA,3.44e+09,7.79e+10,115.20002,185.45943,130.03719,1,"None","parabolic","box sum"
"3481",3481,3482,103.44695,54.5566,130.1046,NA,NA,NA,2.57e+09,5.93e+10,124.7215,167.82469,127.30598,1,"None","parabolic","box sum"
"3482",3482,3483,170.80005,53.85136,130.05164,NA,NA,NA,2.6e+09,6.09e+10,438.27246,549.26658,1266.80386,1,"None","parabolic","box sum"
"3483",3483,3484,26.11261,53.56047,129.94851,NA,NA,NA,3.55e+09,8.26e+10,104.76005,402.53258,307.19224,1,"None","parabolic","box sum"
"3484",3484,3485,32.38752,53.44446,130.02876,NA,NA,NA,3.23e+09,7.56e+10,187.76196,443.3884,147.72889,1,"None","parabolic","box sum"
"3485",3485,3486,40.74445,53.38655,129.85037,NA,NA,NA,3e+09,7.39e+10,236.56448,228.28752,158.52833,1,"None","parabolic","box sum"
"3486",3486,3487,34.13399,53.13811,129.94261,NA,NA,NA,3.12e+09,7.34e+10,429.45147,374.76158,873.39845,1,"None","parabolic","box sum"
"3487",3487,3488,21.70385,53.2397,129.8493,NA,NA,NA,2.49e+09,5.96e+10,111.81978,326.57957,520.93232,1,"None","parabolic","box sum"
"3488",3488,3489,21.50135,52.39929,130.00791,NA,NA,NA,2.72e+09,6.26e+10,139.37227,271.81739,145.22779,1,"None","parabolic","box sum"
"3489",3489,3490,19.93302,52.41837,129.91852,NA,NA,NA,2.57e+09,5.88e+10,108.81023,185.0614,160.64516,1,"None","parabolic","box sum"
"3490",3490,3491,25.8327,52.08367,130.0645,NA,NA,NA,3.18e+09,7.35e+10,141.39492,184.01539,330.4494,1,"None","parabolic","box sum"
"3491",3491,3492,170.55028,51.94969,130.1081,NA,NA,NA,2.3e+09,5.8e+10,728.78404,548.38538,204.73203,1,"None","parabolic","box sum"
"3492",3492,3493,39.05442,51.57103,129.91775,NA,NA,NA,2.51e+09,5.64e+10,100.24084,187.56855,130.10353,1,"None","parabolic","box sum"
"3497",3497,3498,49.60475,49.62054,130.1539,NA,NA,NA,2.3e+09,5.31e+10,170.06866,116.3699,216.04091,1,"None","parabolic","box sum"
"3501",3501,3502,32.18659,44.74017,129.92552,NA,NA,NA,2.56e+09,5.48e+10,97.99834,132.28065,132.77486,1,"None","parabolic","box sum"
"3502",3502,3503,16.06814,44.30682,130.00978,NA,NA,NA,2.28e+09,5.3e+10,113.98167,172.85109,145.40136,1,"None","parabolic","box sum"
"3503",3503,3504,153.38342,42.90594,129.88095,NA,NA,NA,2.44e+09,5.54e+10,141.20316,135.15079,181.62757,1,"None","parabolic","box sum"
"3504",3504,3505,81.71007,42.73707,129.89428,NA,NA,NA,2.33e+09,5.45e+10,130.68807,186.17374,159.4016,1,"None","parabolic","box sum"
"3505",3505,3506,118.44663,40.57968,130.03269,NA,NA,NA,2.54e+09,5.83e+10,165.77175,169.40725,122.11373,1,"None","parabolic","box sum"
"3506",3506,3507,23.84231,40.28229,130.06441,NA,NA,NA,2.31e+09,4.99e+10,127.5002,131.96439,105.12966,1,"None","parabolic","box sum"
"3507",3507,3508,164.3954,40.12613,129.95697,NA,NA,NA,2.75e+09,5.88e+10,94.62237,127.44367,112.81195,1,"None","parabolic","box sum"
"3508",3508,3509,129.9633,39.34142,129.99052,NA,NA,NA,2.41e+09,4.94e+10,86.53422,138.45903,95.58442,1,"None","parabolic","box sum"
"3509",3509,3510,54.63269,38.92423,129.99942,NA,NA,NA,2.31e+09,3.6e+10,144.49485,125.73427,159.57308,1,"None","parabolic","box sum"
"3510",3510,3511,110.86472,71.66544,129.60693,NA,NA,NA,2.59e+09,5.18e+10,91.36,161.54169,82.90264,1,"None","parabolic","box sum"
"3511",3511,3512,27.51451,70.91671,129.71242,NA,NA,NA,2.3e+09,5.11e+10,122.37273,149.31385,127.17122,1,"None","parabolic","box sum"
"3512",3512,3513,129.285,70.04798,129.49827,NA,NA,NA,2.75e+09,5.99e+10,116.29257,141.41309,140.17907,1,"None","parabolic","box sum"
"3517",3517,3518,48.27968,60.49139,129.55145,NA,NA,NA,2.68e+09,6.08e+10,107.29813,125.73135,182.27366,1,"None","parabolic","box sum"
"3521",3521,3522,128.64842,57.75441,129.56485,NA,NA,NA,2.7e+09,6.1e+10,127.26813,172.57759,138.87626,1,"None","parabolic","box sum"
"3522",3522,3523,32.76973,57.57862,129.81228,NA,NA,NA,2.49e+09,5.21e+10,96.90885,129.73198,178.64937,1,"None","parabolic","box sum"
"3523",3523,3524,37.96053,57.07834,129.56205,NA,NA,NA,2.6e+09,5.73e+10,115.05162,126.57124,139.18543,1,"None","parabolic","box sum"
"3524",3524,3525,31.41915,55.49252,129.68876,NA,NA,NA,2.89e+09,6.48e+10,101.34011,220.40057,144.88691,1,"None","parabolic","box sum"
"3525",3525,3526,86.45368,55.34029,129.49616,NA,NA,NA,2.26e+09,5.13e+10,122.29701,160.38042,116.86015,1,"None","parabolic","box sum"
"3526",3526,3527,172.58331,55.19243,129.77604,NA,NA,NA,3.42e+09,8.48e+10,170.18409,1046.70995,267.1763,1,"None","parabolic","box sum"
"3527",3527,3528,116.76049,54.87392,129.74667,NA,NA,NA,2.28e+09,4.62e+10,100.11015,156.67248,91.54332,1,"None","parabolic","box sum"
"3528",3528,3529,26.12667,54.66476,129.66913,NA,NA,NA,2.33e+09,5.61e+10,140.29321,504.27222,210.49359,1,"None","parabolic","box sum"
"3529",3529,3530,48.54185,54.28011,129.61852,NA,NA,NA,2.44e+09,5.8e+10,156.1886,194.57179,145.32793,1,"None","parabolic","box sum"
"3530",3530,3531,41.06438,53.50809,129.60717,NA,NA,NA,3.86e+09,8.95e+10,196.80037,160.49141,146.57086,1,"None","parabolic","box sum"
"3531",3531,3532,103.05516,53.38888,129.63705,NA,NA,NA,2.75e+09,6.2e+10,123.28757,156.56358,124.66699,1,"None","parabolic","box sum"
"3532",3532,3533,28.51428,53.17302,129.63633,NA,NA,NA,4.91e+09,1.16e+11,138.03849,225.70693,377.24516,1,"None","parabolic","box sum"
"3537",3537,3538,52.45778,52.48937,129.54204,NA,NA,NA,1.66e+10,4.05e+11,177.70001,190.71072,768.92865,1,"None","parabolic","box sum"
"3541",3541,3542,140.36403,51.07348,129.70814,NA,NA,NA,2.5e+09,5.16e+10,78.94562,164.33829,219.7791,1,"None","parabolic","box sum"
"3542",3542,3543,80.87204,49.25696,129.54217,NA,NA,NA,2.42e+09,5.51e+10,149.71758,275.56372,175.04635,1,"None","parabolic","box sum"
"3543",3543,3544,19.40801,48.89606,129.68136,NA,NA,NA,2.35e+09,5.02e+10,85.59862,248.98642,107.9683,1,"None","parabolic","box sum"
"3544",3544,3545,46.3354,46.62387,129.67514,NA,NA,NA,2.66e+09,5.77e+10,114.74871,158.25087,109.76073,1,"None","parabolic","box sum"
"3545",3545,3546,161.88373,46.4327,129.55507,NA,NA,NA,2.26e+09,5.46e+10,246.77728,189.98474,175.76379,1,"None","parabolic","box sum"
"3546",3546,3547,184.97913,45.31964,129.65556,NA,NA,NA,2.39e+09,5.17e+10,132.39124,150.10357,99.32616,1,"None","parabolic","box sum"
"3547",3547,3548,43.79745,43.81664,129.50975,NA,NA,NA,2.5e+09,5.61e+10,167.0127,127.37024,166.37522,1,"None","parabolic","box sum"
"3548",3548,3549,87.96327,43.6488,129.56091,NA,NA,NA,2.53e+09,5.36e+10,106.58972,192.39008,93.15321,1,"None","parabolic","box sum"
"3549",3549,3550,127.64755,43.47649,129.72062,NA,NA,NA,2.34e+09,5.16e+10,107.06973,171.96071,112.7573,1,"None","parabolic","box sum"
"3550",3550,3551,140.50533,41.65802,129.57673,NA,NA,NA,2.3e+09,4.84e+10,73.38394,149.71387,133.71029,1,"None","parabolic","box sum"
"3551",3551,3552,130.65922,40.9062,129.67574,NA,NA,NA,2.34e+09,5.39e+10,112.66499,172.07921,171.94632,1,"None","parabolic","box sum"
"3552",3552,3553,44.23619,40.34774,129.759,NA,NA,NA,2.26e+09,4.86e+10,86.20688,172.34123,106.81131,1,"None","parabolic","box sum"
"3557",3557,3558,33.43018,72.6206,129.18502,NA,NA,NA,2.4e+09,5.29e+10,115.01009,146.00502,122.44648,1,"None","parabolic","box sum"
"3561",3561,3562,78.60006,68.59375,129.22755,NA,NA,NA,2.47e+09,5.69e+10,96.53754,147.61738,244.40646,1,"None","parabolic","box sum"
"3562",3562,3563,175.12253,66.7435,129.44293,NA,NA,NA,2.42e+09,5.49e+10,97.35466,226.47391,154.64014,1,"None","parabolic","box sum"
"3563",3563,3564,132.24442,66.38812,129.42195,NA,NA,NA,2.26e+09,5.13e+10,110.46646,134.88731,162.44197,1,"None","parabolic","box sum"
"3564",3564,3565,59.80412,64.98999,129.36413,NA,NA,NA,2.69e+09,6.08e+10,101.49156,147.46238,180.98712,1,"None","parabolic","box sum"
"3565",3565,3566,92.79154,64.11236,129.34369,NA,NA,NA,3.19e+09,6.62e+10,87.19866,148.30467,110.52907,1,"None","parabolic","box sum"
"3566",3566,3567,151.5892,63.64977,129.20005,NA,NA,NA,2.49e+09,5.41e+10,91.51328,168.00117,127.22567,1,"None","parabolic","box sum"
"3567",3567,3568,76.63773,62.78908,129.26554,NA,NA,NA,2.52e+09,5.34e+10,105.55396,170.55485,108.49652,1,"None","parabolic","box sum"
"3568",3568,3569,109.87351,62.31082,129.2094,NA,NA,NA,2.32e+09,5.53e+10,140.21748,168.40088,191.52328,1,"None","parabolic","box sum"
"3569",3569,3570,62.80969,61.97869,129.38574,NA,NA,NA,2.59e+09,5.73e+10,103.11604,181.33593,139.28536,1,"None","parabolic","box sum"
"3570",3570,3571,170.94464,61.70363,129.36254,NA,NA,NA,3.2e+09,6.98e+10,112.80607,144.12713,117.45575,1,"None","parabolic","box sum"
"3571",3571,3572,56.39173,61.27817,129.42324,NA,NA,NA,2.36e+09,5.02e+10,89.59506,163.67739,113.18684,1,"None","parabolic","box sum"
"3572",3572,3573,51.98919,59.33403,129.1783,NA,NA,NA,2.69e+09,6.42e+10,147.51172,213.70962,189.61382,1,"None","parabolic","box sum"
"3577",3577,3578,135.15716,56.22127,129.31551,NA,NA,NA,2.41e+09,4.89e+10,95.22331,148.12255,90.89848,1,"None","parabolic","box sum"
"3581",3581,3582,18.52826,53.46716,129.18164,NA,NA,NA,2.64e+09,6.32e+10,142.16685,212.70514,184.88762,1,"None","parabolic","box sum"
"3582",3582,3583,143.09598,53.34007,129.27992,NA,NA,NA,2.47e+09,5.49e+10,128.208,142.55667,146.94658,1,"None","parabolic","box sum"
"3583",3583,3584,168.66523,53.09279,129.30337,NA,NA,NA,2.6e+09,5.81e+10,159.51907,125.13345,132.20409,1,"None","parabolic","box sum"
"3584",3584,3585,40.35615,52.56336,129.47522,NA,NA,NA,2.87e+09,6.9e+10,158.07689,299.27421,623.5252,1,"None","parabolic","box sum"
"3585",3585,3586,40.54416,52.27954,129.46421,NA,NA,NA,2.61e+09,6.29e+10,337.4771,406.97277,183.15569,1,"None","parabolic","box sum"
"3586",3586,3587,23.89485,52.22333,129.21597,NA,NA,NA,2.83e+09,6.66e+10,123.45246,256.09356,553.90662,1,"None","parabolic","box sum"
"3587",3587,3588,41.0635,51.06078,129.37056,NA,NA,NA,2.92e+09,6.82e+10,207.95181,178.0498,165.65633,1,"None","parabolic","box sum"
"3588",3588,3589,165.92015,50.21769,129.20702,NA,NA,NA,2.29e+09,4.99e+10,74.26122,184.71509,150.18639,1,"None","parabolic","box sum"
"3589",3589,3590,28.0636,49.31206,129.29973,NA,NA,NA,2.58e+09,5.86e+10,121.24904,330.78444,126.13982,1,"None","parabolic","box sum"
"3590",3590,3591,149.04618,48.26608,129.40177,NA,NA,NA,2.45e+09,5.65e+10,134.74253,175.06158,138.79803,1,"None","parabolic","box sum"
"3591",3591,3592,148.91764,48.07555,129.20648,NA,NA,NA,2.58e+09,5.78e+10,158.91111,163.46711,122.82136,1,"None","parabolic","box sum"
"3592",3592,3593,16.85151,47.40304,129.30637,NA,NA,NA,2.53e+09,6.05e+10,141.56347,159.62732,222.52575,1,"None","parabolic","box sum"
"3597",3597,3598,58.70962,70.32919,128.88843,NA,NA,NA,2.3e+09,5.27e+10,149.82507,252.11728,143.77686,1,"None","parabolic","box sum"
"3601",3601,3602,175.13821,66.43327,128.92695,NA,NA,NA,2.28e+09,5.41e+10,126.05375,246.8866,143.51317,1,"None","parabolic","box sum"
"3602",3602,3603,55.07194,66.29151,129.00387,NA,NA,NA,2.39e+09,5.13e+10,117.22328,152.97559,105.67477,1,"None","parabolic","box sum"
"3603",3603,3604,154.82913,64.4402,128.84536,NA,NA,NA,2.55e+09,5.54e+10,118.24987,121.62808,113.83522,1,"None","parabolic","box sum"
"3604",3604,3605,113.0407,63.27226,128.9715,NA,NA,NA,2.37e+09,5.27e+10,94.71764,141.02396,145.44663,1,"None","parabolic","box sum"
"3605",3605,3606,35.35441,62.55737,128.99889,NA,NA,NA,2.37e+09,5.2e+10,89.80515,185.48948,124.44231,1,"None","parabolic","box sum"
"3606",3606,3607,111.86445,61.73617,129.06405,NA,NA,NA,2.97e+09,6.92e+10,119.97755,187.97097,166.80518,1,"None","parabolic","box sum"
"3607",3607,3608,61.55921,61.55902,128.95145,NA,NA,NA,2.95e+09,7.02e+10,125.01097,178.60055,191.89984,1,"None","parabolic","box sum"
"3608",3608,3609,68.86253,61.48104,128.92016,NA,NA,NA,2.48e+09,5.5e+10,147.38226,138.76757,120.45628,1,"None","parabolic","box sum"
"3609",3609,3610,125.10462,61.1134,129.03193,NA,NA,NA,3.11e+09,7.31e+10,181.68302,201.6854,166.23774,1,"None","parabolic","box sum"
"3610",3610,3611,131.66952,59.82222,129.07411,NA,NA,NA,2.26e+09,4.98e+10,90.30714,184.41552,124.20261,1,"None","parabolic","box sum"
"3611",3611,3612,31.6795,59.7343,128.85738,NA,NA,NA,6.21e+09,1.56e+11,384.68203,227.21273,216.76105,1,"None","parabolic","box sum"
"3612",3612,3613,31.23915,59.76393,128.84687,NA,NA,NA,7.15e+09,1.76e+11,357.39336,222.83888,166.09338,1,"None","parabolic","box sum"
"3617",3617,3618,129.4721,54.21713,128.98087,NA,NA,NA,2.35e+09,5.3e+10,127.11057,164.07543,141.29308,1,"None","parabolic","box sum"
"3621",3621,3622,26.41262,52.36379,128.85892,NA,NA,NA,2.41e+09,5.69e+10,396.87411,305.62031,413.71816,1,"None","parabolic","box sum"
"3622",3622,3623,68.56479,52.10316,128.95204,NA,NA,NA,2.59e+09,5.69e+10,111.31412,168.00702,106.09701,1,"None","parabolic","box sum"
"3623",3623,3624,22.2318,51.76466,128.93188,NA,NA,NA,2.38e+09,5.76e+10,178.67958,195.60945,169.12666,1,"None","parabolic","box sum"
"3624",3624,3625,40.54357,50.60962,128.89454,NA,NA,NA,3.5e+09,8.53e+10,161.96829,324.74375,681.82239,1,"None","parabolic","box sum"
"3625",3625,3626,41.82008,49.53518,128.98855,NA,NA,NA,2.44e+09,5.66e+10,116.57105,205.10691,131.12012,1,"None","parabolic","box sum"
"3626",3626,3627,130.85601,49.2551,128.95346,NA,NA,NA,2.29e+09,4.61e+10,81.31881,139.3106,104.8862,1,"None","parabolic","box sum"
"3627",3627,3628,85.3023,49.04462,128.86122,NA,NA,NA,2.4e+09,5.2e+10,121.92081,130.89001,143.76539,1,"None","parabolic","box sum"
"3628",3628,3629,59.67739,48.96574,129.11269,NA,NA,NA,2.43e+09,5.37e+10,92.57041,182.37358,125.36106,1,"None","parabolic","box sum"
"3629",3629,3630,45.86866,48.50962,129.11821,NA,NA,NA,3.11e+09,7.18e+10,136.01096,166.61054,148.15906,1,"None","parabolic","box sum"
"3630",3630,3631,162.74649,47.89985,128.87705,NA,NA,NA,2.31e+09,5.13e+10,179.34402,118.38138,136.7563,1,"None","parabolic","box sum"
"3631",3631,3632,82.2488,46.79961,128.86942,NA,NA,NA,2.26e+09,4.99e+10,123.11779,140.52933,110.5831,1,"None","parabolic","box sum"
"3632",3632,3633,50.88748,43.04551,128.82121,NA,NA,NA,2.52e+09,5.58e+10,139.28677,289.61235,117.8492,1,"None","parabolic","box sum"
"3637",3637,3638,32.30257,39.03091,129.11143,NA,NA,NA,2.44e+09,5.66e+10,145.26434,226.04448,252.84916,1,"None","parabolic","box sum"
"3641",3641,3642,28.73947,72.08791,128.53548,NA,NA,NA,2.37e+09,4.95e+10,77.94284,192.47267,112.6413,1,"None","parabolic","box sum"
"3642",3642,3643,185.38505,71.62126,128.57546,NA,NA,NA,2.44e+09,4.88e+10,86.9511,125.83242,97.99895,1,"None","parabolic","box sum"
"3643",3643,3644,77.89303,70.7541,128.81164,NA,NA,NA,2.51e+09,5.74e+10,158.27965,189.19273,135.06359,1,"None","parabolic","box sum"
"3644",3644,3645,157.64073,70.3142,128.68472,NA,NA,NA,2.52e+09,5.58e+10,112.78897,157.09414,128.35199,1,"None","parabolic","box sum"
"3645",3645,3646,54.19542,69.36753,128.71913,NA,NA,NA,2.46e+09,5.32e+10,107.4618,142.73264,115.95309,1,"None","parabolic","box sum"
"3646",3646,3647,57.49252,68.35133,128.6955,NA,NA,NA,2.32e+09,5.04e+10,97.64658,137.29672,295.72335,1,"None","parabolic","box sum"
"3647",3647,3648,53.01839,68.11394,128.65137,NA,NA,NA,2.35e+09,5.31e+10,198.26361,152.19265,118.46587,1,"None","parabolic","box sum"
"3648",3648,3649,29.15198,67.01188,128.64568,NA,NA,NA,2.37e+09,5.73e+10,179.7935,167.24077,216.78588,1,"None","parabolic","box sum"
"3649",3649,3650,151.71377,66.22378,128.54691,NA,NA,NA,2.54e+09,5.81e+10,113.28302,154.68562,144.61654,1,"None","parabolic","box sum"
"3650",3650,3651,144.09665,65.95807,128.69202,NA,NA,NA,2.51e+09,5.55e+10,370.89296,175.47464,106.3123,1,"None","parabolic","box sum"
"3651",3651,3652,144.53319,65.84174,128.64348,NA,NA,NA,2.28e+09,5.33e+10,350.09423,143.00759,126.0668,1,"None","parabolic","box sum"
"3652",3652,3653,150.33623,65.71142,128.5158,NA,NA,NA,2.74e+09,6.12e+10,110.06095,191.94688,114.50696,1,"None","parabolic","box sum"
"3657",3657,3658,19.72447,60.86217,128.6175,NA,NA,NA,3.03e+09,7.3e+10,221.81478,677.70618,144.78782,1,"None","parabolic","box sum"
"3661",3661,3662,52.12497,59.04926,128.81251,NA,NA,NA,2.3e+09,5.7e+10,132.48598,260.5229,280.72363,1,"None","parabolic","box sum"
"3662",3662,3663,53.10939,58.93361,128.56908,NA,NA,NA,3.28e+09,7.61e+10,116.98144,207.2615,149.47897,1,"None","parabolic","box sum"
"3663",3663,3664,18.79316,58.95808,128.52261,NA,NA,NA,8.54e+09,2.1e+11,389.86568,387.5871,178.39193,1,"None","parabolic","box sum"
"3664",3664,3665,26.80109,58.13973,128.66212,NA,NA,NA,3.41e+09,7.77e+10,166.48017,146.83393,129.57364,1,"None","parabolic","box sum"
"3665",3665,3666,20.07278,57.46673,128.75174,NA,NA,NA,2.65e+09,5.89e+10,132.54216,807.41876,103.95244,1,"None","parabolic","box sum"
"3666",3666,3667,36.43489,56.3418,128.62222,NA,NA,NA,2.29e+09,4.91e+10,119.26059,139.2234,113.96977,1,"None","parabolic","box sum"
"3667",3667,3668,101.23238,55.34744,128.56181,NA,NA,NA,2.28e+09,4.86e+10,95.94638,132.44379,124.8078,1,"None","parabolic","box sum"
"3668",3668,3669,39.77549,54.69291,128.55372,NA,NA,NA,3.14e+09,7.05e+10,144.16996,160.98332,116.99158,1,"None","parabolic","box sum"
"3669",3669,3670,70.08112,54.01936,128.71165,NA,NA,NA,2.65e+09,5.78e+10,149.39025,158.47701,116.61294,1,"None","parabolic","box sum"
"3670",3670,3671,31.02772,53.84627,128.62598,NA,NA,NA,2.44e+09,6.03e+10,214.86009,185.79322,520.23304,1,"None","parabolic","box sum"
"3671",3671,3672,176.20831,53.7149,128.49988,NA,NA,NA,2.29e+09,5.25e+10,92.684,205.42067,135.03459,1,"None","parabolic","box sum"
"3672",3672,3673,174.18358,53.69447,128.63832,NA,NA,NA,2.73e+09,6.1e+10,139.60953,307.66308,119.32099,1,"None","parabolic","box sum"
"3677",3677,3678,181.08655,51.57866,128.70614,NA,NA,NA,3.23e+09,7.58e+10,255.67553,164.95329,175.61838,1,"None","parabolic","box sum"
"3681",3681,3682,22.06491,51.54715,128.78632,NA,NA,NA,2.34e+09,5.69e+10,185.43396,168.05792,168.20875,1,"None","parabolic","box sum"
"3682",3682,3683,34.70319,51.30534,128.55921,NA,NA,NA,2.9e+09,6.6e+10,119.5806,169.43771,181.71769,1,"None","parabolic","box sum"
"3683",3683,3684,62.66336,49.74127,128.53173,NA,NA,NA,2.32e+09,5.21e+10,122.42403,141.8795,145.0974,1,"None","parabolic","box sum"
"3684",3684,3685,142.75714,48.67506,128.55883,NA,NA,NA,2.27e+09,5.11e+10,114.24183,187.55561,122.89667,1,"None","parabolic","box sum"
"3685",3685,3686,85.88346,46.54939,128.62478,NA,NA,NA,2.25e+09,4.87e+10,108.36564,137.64542,109.62346,1,"None","parabolic","box sum"
"3686",3686,3687,113.55964,45.54477,128.61822,NA,NA,NA,2.66e+09,6.03e+10,100.55597,230.77297,152.3827,1,"None","parabolic","box sum"
"3687",3687,3688,131.861,45.0823,128.70556,NA,NA,NA,2.67e+09,5.97e+10,93.28738,236.10854,126.67868,1,"None","parabolic","box sum"
"3688",3688,3689,137.83761,41.75192,128.53419,NA,NA,NA,2.25e+09,4.85e+10,102.71541,156.67331,103.77365,1,"None","parabolic","box sum"
"3689",3689,3690,150.61835,41.37018,128.67395,NA,NA,NA,3.36e+09,7.12e+10,88.10312,184.41093,105.5471,1,"None","parabolic","box sum"
"3690",3690,3691,81.17241,39.80079,128.7425,NA,NA,NA,2.37e+09,5.05e+10,101.72119,123.22128,120.28751,1,"None","parabolic","box sum"
"3691",3691,3692,163.42542,73.21259,128.28146,NA,NA,NA,2.33e+09,5.36e+10,106.67521,266.09238,137.60453,1,"None","parabolic","box sum"
"3692",3692,3693,79.2065,72.98039,128.37631,NA,NA,NA,2.43e+09,5.38e+10,98.27438,135.79398,149.13267,1,"None","parabolic","box sum"
"3697",3697,3698,58.45659,67.78773,128.15417,NA,NA,NA,2.32e+09,5.05e+10,121.46401,128.42198,122.70787,1,"None","parabolic","box sum"
"3701",3701,3702,52.27928,63.36273,128.29634,NA,NA,NA,2.33e+09,5.53e+10,133.07226,210.26516,174.06815,1,"None","parabolic","box sum"
"3702",3702,3703,51.06446,61.8284,128.21278,NA,NA,NA,2.32e+09,5.17e+10,140.12954,206.74372,100.43204,1,"None","parabolic","box sum"
"3703",3703,3704,18.43227,61.47766,128.30327,NA,NA,NA,2.49e+09,5.81e+10,98.70676,207.472,219.89822,1,"None","parabolic","box sum"
"3704",3704,3705,57.00859,61.3708,128.33412,NA,NA,NA,2.4e+09,5.45e+10,235.29178,176.61828,106.94191,1,"None","parabolic","box sum"
"3705",3705,3706,66.9723,60.38996,128.3127,NA,NA,NA,3.4e+09,7.83e+10,221.32621,206.24867,140.58566,1,"None","parabolic","box sum"
"3706",3706,3707,169.45958,60.15692,128.23319,NA,NA,NA,2.66e+09,6.32e+10,151.14175,304.56868,165.48234,1,"None","parabolic","box sum"
"3707",3707,3708,57.73992,60.05324,128.2585,NA,NA,NA,2.38e+09,5.59e+10,625.35776,291.11022,159.7963,1,"None","parabolic","box sum"
"3708",3708,3709,124.29095,59.54766,128.34564,NA,NA,NA,2.57e+09,5.55e+10,86.95683,162.72861,124.36324,1,"None","parabolic","box sum"
"3709",3709,3710,18.89253,59.60546,128.2087,NA,NA,NA,1.02e+10,2.63e+11,416.68288,353.74621,396.88367,1,"None","parabolic","box sum"
"3710",3710,3711,169.771,59.45816,128.28711,NA,NA,NA,3.14e+09,7.23e+10,952.70055,188.73596,131.27095,1,"None","parabolic","box sum"
"3711",3711,3712,59.39346,59.44524,128.18462,NA,NA,NA,1.98e+10,4.74e+11,169.28208,171.42498,456.3612,1,"None","parabolic","box sum"
"3712",3712,3713,31.83465,59.48351,128.45603,NA,NA,NA,6.11e+09,1.49e+11,642.91426,194.58973,261.46522,1,"None","parabolic","box sum"
"3717",3717,3718,175.16733,58.63246,128.35793,NA,NA,NA,2.38e+09,4.87e+10,87.92418,122.53618,106.20049,1,"None","parabolic","box sum"
"3721",3721,3722,26.54685,58.34976,128.21693,NA,NA,NA,3.61e+09,8.47e+10,180.77551,196.34378,162.88716,1,"None","parabolic","box sum"
"3722",3722,3723,174.13558,58.25888,128.18201,NA,NA,NA,2.39e+09,5.51e+10,732.69956,162.26631,141.65941,1,"None","parabolic","box sum"
"3723",3723,3724,40.30115,58.20382,128.35396,NA,NA,NA,3.85e+09,9.03e+10,142.55281,267.28708,134.84704,1,"None","parabolic","box sum"
"3724",3724,3725,35.22728,57.65484,128.26236,NA,NA,NA,2.57e+09,5.8e+10,143.87682,149.35046,224.90376,1,"None","parabolic","box sum"
"3725",3725,3726,34.50586,54.54074,128.22342,NA,NA,NA,5.38e+09,1.28e+11,172.34781,155.7408,159.10557,1,"None","parabolic","box sum"
"3726",3726,3727,43.41375,54.42927,128.15749,NA,NA,NA,2.77e+09,6.19e+10,136.65586,336.90065,112.32901,1,"None","parabolic","box sum"
"3727",3727,3728,43.15524,53.77732,128.41675,NA,NA,NA,3.1e+09,7.37e+10,170.61341,291.33052,120.91878,1,"None","parabolic","box sum"
"3728",3728,3729,174.0784,53.35995,128.24888,NA,NA,NA,2.38e+09,5.74e+10,879.88548,384.21273,663.65546,1,"None","parabolic","box sum"
"3729",3729,3730,26.70982,53.23187,128.35414,NA,NA,NA,2.38e+09,5.81e+10,1082.12477,341.88199,264.54711,1,"None","parabolic","box sum"
"3730",3730,3731,22.98881,52.70872,128.24237,NA,NA,NA,2.52e+09,5.86e+10,348.15952,389.35345,139.97504,1,"None","parabolic","box sum"
"3731",3731,3732,19.45682,52.67093,128.35129,NA,NA,NA,3.13e+09,7.69e+10,153.11554,320.64986,311.94827,1,"None","parabolic","box sum"
"3732",3732,3733,32.86226,52.3903,128.15463,NA,NA,NA,5.37e+09,1.35e+11,750.95501,230.20762,430.31964,1,"None","parabolic","box sum"
"3737",3737,3738,37.90653,50.36959,128.25003,NA,NA,NA,2.54e+09,6.13e+10,125.33587,206.21091,213.02015,1,"None","parabolic","box sum"
"3741",3741,3742,175.91231,45.77454,128.26282,NA,NA,NA,2.27e+09,4.72e+10,97.7507,145.35713,94.71679,1,"None","parabolic","box sum"
"3742",3742,3743,20.55179,45.29882,128.14974,NA,NA,NA,2.3e+09,5.07e+10,122.72694,149.57452,115.38982,1,"None","parabolic","box sum"
"3743",3743,3744,60.79171,44.25276,128.18765,NA,NA,NA,2.39e+09,5.09e+10,102.71297,185.55665,105.08543,1,"None","parabolic","box sum"
"3744",3744,3745,45.72422,43.88031,128.29474,NA,NA,NA,2.45e+09,5.67e+10,117.28191,143.91017,154.44675,1,"None","parabolic","box sum"
"3745",3745,3746,88.63256,43.44472,128.428,NA,NA,NA,2.36e+09,4.78e+10,89.0039,118.99722,110.02693,1,"None","parabolic","box sum"
"3746",3746,3747,34.97211,42.21513,128.37152,NA,NA,NA,2.27e+09,4.74e+10,104.71119,135.50961,102.12788,1,"None","parabolic","box sum"
"3747",3747,3748,60.19893,41.24514,128.41858,NA,NA,NA,2.86e+09,6.04e+10,92.75851,130.81825,121.31411,1,"None","parabolic","box sum"
"3748",3748,3749,26.95152,73.5815,127.97957,NA,NA,NA,2.62e+09,4.07e+10,134.76757,161.64683,142.65513,1,"None","parabolic","box sum"
"3749",3749,3750,158.7341,73.17715,127.91567,NA,NA,NA,2.78e+09,6.19e+10,115.10781,141.90522,131.31934,1,"None","parabolic","box sum"
"3750",3750,3751,24.29717,72.22691,127.90124,NA,NA,NA,2.34e+09,5.22e+10,133.41669,160.62782,115.7259,1,"None","parabolic","box sum"
"3751",3751,3752,35.99636,69.7392,127.84801,NA,NA,NA,2.48e+09,5.44e+10,117.47245,152.65562,123.74032,1,"None","parabolic","box sum"
"3752",3752,3753,134.05324,69.02925,127.8775,NA,NA,NA,2.29e+09,4.83e+10,107.26515,211.15501,103.47575,1,"None","parabolic","box sum"
"3757",3757,3758,166.82759,67.61012,128.01228,NA,NA,NA,2.27e+09,4.99e+10,150.91029,183.98587,97.61238,1,"None","parabolic","box sum"
"3761",3761,3762,71.18392,66.56783,128.10495,NA,NA,NA,2.29e+09,5.14e+10,161.26965,156.09993,124.67596,1,"None","parabolic","box sum"
"3762",3762,3763,84.80483,66.34268,127.87318,NA,NA,NA,2.28e+09,5.11e+10,114.69253,122.05668,166.53711,1,"None","parabolic","box sum"
"3763",3763,3764,88.11372,65.92264,128.07142,NA,NA,NA,2.27e+09,4.94e+10,156.22035,143.21527,116.79026,1,"None","parabolic","box sum"
"3764",3764,3765,106.48954,65.43214,127.92674,NA,NA,NA,2.36e+09,5.13e+10,90.7383,147.40095,146.76216,1,"None","parabolic","box sum"
"3765",3765,3766,48.8664,61.66121,128.10419,NA,NA,NA,2.29e+09,5.11e+10,100.00389,247.21923,106.363,1,"None","parabolic","box sum"
"3766",3766,3767,173.79077,61.24928,127.88211,NA,NA,NA,2.35e+09,4.73e+10,97.70734,136.83411,108.88496,1,"None","parabolic","box sum"
"3767",3767,3768,109.56153,60.81842,127.81223,NA,NA,NA,2.35e+09,5.29e+10,123.39994,148.90569,128.85621,1,"None","parabolic","box sum"
"3768",3768,3769,67.42893,60.1316,127.90195,NA,NA,NA,5.68e+09,1.29e+11,184.6205,161.02296,122.34217,1,"None","parabolic","box sum"
"3769",3769,3770,21.88831,60.10626,127.87168,NA,NA,NA,9.92e+09,2.15e+11,130.66853,158.07688,111.64099,1,"None","parabolic","box sum"
"3770",3770,3771,171.17743,59.88676,127.87946,NA,NA,NA,9.72e+09,2.4e+11,196.24005,262.0506,238.25395,1,"None","parabolic","box sum"
"3771",3771,3772,173.45301,59.34748,127.86669,NA,NA,NA,7.7e+09,1.87e+11,703.78948,226.10644,272.0381,1,"None","parabolic","box sum"
"3772",3772,3773,19.40051,59.25894,127.80949,NA,NA,NA,1.42e+10,3.52e+11,350.11133,247.18544,374.58342,1,"None","parabolic","box sum"
"3777",3777,3778,173.26785,54.6362,127.92596,NA,NA,NA,5.23e+09,1.26e+11,338.13025,210.46251,147.50692,1,"None","parabolic","box sum"
"3781",3781,3782,23.2337,54.11633,127.9456,NA,NA,NA,3.03e+09,6.88e+10,136.01829,405.19953,134.25249,1,"None","parabolic","box sum"
"3782",3782,3783,22.89579,53.69112,127.88437,NA,NA,NA,2.74e+09,6.67e+10,990.29697,361.54616,419.27445,1,"None","parabolic","box sum"
"3783",3783,3784,21.77816,53.76211,127.89963,NA,NA,NA,3.42e+09,7.97e+10,150.81197,225.65645,176.74991,1,"None","parabolic","box sum"
"3784",3784,3785,25.97926,53.62876,128.13836,NA,NA,NA,3.97e+09,9.42e+10,236.56937,192.48313,280.18332,1,"None","parabolic","box sum"
"3785",3785,3786,33.65218,52.92326,127.8559,NA,NA,NA,8.69e+09,2.18e+11,313.69387,272.50123,328.9023,1,"None","parabolic","box sum"
"3786",3786,3787,169.12595,52.64899,127.94083,NA,NA,NA,2.34e+09,5.31e+10,161.61195,138.5383,157.36467,1,"None","parabolic","box sum"
"3787",3787,3788,176.93348,52.32337,128.11904,NA,NA,NA,2.67e+09,6.66e+10,306.32909,313.41004,172.0137,1,"None","parabolic","box sum"
"3788",3788,3789,17.79404,52.23784,127.86484,NA,NA,NA,2.52e+09,5.64e+10,180.97582,183.1246,99.44633,1,"None","parabolic","box sum"
"3789",3789,3790,51.64758,51.65988,127.90515,NA,NA,NA,1.26e+10,3.15e+11,216.22073,192.62707,935.9681,1,"None","parabolic","box sum"
"3790",3790,3791,170.22397,51.51082,127.83038,NA,NA,NA,2.63e+09,6.41e+10,688.06631,233.80375,156.24753,1,"None","parabolic","box sum"
"3791",3791,3792,53.80051,51.16231,128.08614,NA,NA,NA,2.68e+09,6.58e+10,138.6492,193.93843,374.17454,1,"None","parabolic","box sum"
"3792",3792,3793,170.85189,50.81817,127.98514,NA,NA,NA,4.85e+09,1.2e+11,553.55371,357.51194,333.30119,1,"None","parabolic","box sum"
"3797",3797,3798,173.7453,50.16688,127.94541,NA,NA,NA,4.12e+09,9.95e+10,256.58914,193.21412,155.23782,1,"None","parabolic","box sum"
"3801",3801,3802,178.0031,44.49787,128.05377,NA,NA,NA,2.26e+09,5.06e+10,117.1732,339.37693,175.12229,1,"None","parabolic","box sum"
"3802",3802,3803,38.03973,43.70367,128.01636,NA,NA,NA,2.3e+09,5.38e+10,122.87595,148.55021,168.81269,1,"None","parabolic","box sum"
"3803",3803,3804,171.27101,42.73885,128.08732,NA,NA,NA,2.32e+09,5.2e+10,110.05393,128.11667,150.5304,1,"None","parabolic","box sum"
"3804",3804,3805,112.6588,42.71712,127.98128,NA,NA,NA,2.41e+09,5.19e+10,96.77083,155.22343,107.5252,1,"None","parabolic","box sum"
"3805",3805,3806,176.38138,42.37891,127.84224,NA,NA,NA,2.68e+09,5.95e+10,110.41455,151.74371,125.18102,1,"None","parabolic","box sum"
"3806",3806,3807,107.01131,40.92269,128.02645,NA,NA,NA,2.27e+09,5.02e+10,91.38076,165.00086,218.05114,1,"None","parabolic","box sum"
"3807",3807,3808,50.12458,40.59671,128.00337,NA,NA,NA,2.8e+09,5.8e+10,103.76827,127.29597,96.97694,1,"None","parabolic","box sum"
"3808",3808,3809,92.37395,40.13405,127.96413,NA,NA,NA,3.07e+09,6.8e+10,107.97601,133.11428,139.68089,1,"None","parabolic","box sum"
"3809",3809,3810,21.0043,39.84101,127.82871,NA,NA,NA,2.56e+09,5.78e+10,108.02853,216.28207,126.79654,1,"None","parabolic","box sum"
"3810",3810,3811,49.61368,73.5815,127.58983,NA,NA,NA,2.65e+09,3.84e+10,91.02655,174.87602,94.60622,1,"None","parabolic","box sum"
"3811",3811,3812,19.89027,69.12107,127.79207,NA,NA,NA,2.27e+09,5.39e+10,189.96782,171.6819,203.79722,1,"None","parabolic","box sum"
"3812",3812,3813,33.79941,68.91507,127.56306,NA,NA,NA,2.9e+09,6.97e+10,454.0677,419.70769,201.69437,1,"None","parabolic","box sum"
"3817",3817,3818,171.15124,67.44081,127.5007,NA,NA,NA,3.22e+09,7.75e+10,133.08386,286.31674,276.4495,1,"None","parabolic","box sum"
"3821",3821,3822,27.32893,63.49992,127.59573,NA,NA,NA,2.52e+09,5.69e+10,124.42958,146.83309,127.59054,1,"None","parabolic","box sum"
"3822",3822,3823,147.94695,61.70802,127.64703,NA,NA,NA,2.3e+09,5.37e+10,151.91734,161.38721,170.74782,1,"None","parabolic","box sum"
"3823",3823,3824,53.08964,60.07137,127.62225,NA,NA,NA,3.45e+09,8.24e+10,198.79126,313.85022,164.06229,1,"None","parabolic","box sum"
"3824",3824,3825,59.8976,59.92998,127.71306,NA,NA,NA,1.45e+10,3.57e+11,179.98404,205.02326,412.17482,1,"None","parabolic","box sum"
"3825",3825,3826,51.40255,59.35143,127.69715,NA,NA,NA,2.35e+09,5.42e+10,121.41026,191.08123,276.33268,1,"None","parabolic","box sum"
"3826",3826,3827,57.98017,58.02949,127.57176,NA,NA,NA,1.05e+10,2.51e+11,187.44195,199.51162,225.38567,1,"None","parabolic","box sum"
"3827",3827,3828,38.39337,57.99947,127.53501,NA,NA,NA,5.76e+09,1.34e+11,267.3879,165.86953,165.70389,1,"None","parabolic","box sum"
"3828",3828,3829,177.08857,57.38879,127.60834,NA,NA,NA,2.31e+09,4.89e+10,101.1282,157.69845,94.17543,1,"None","parabolic","box sum"
"3829",3829,3830,30.09794,56.43187,127.65573,NA,NA,NA,3.78e+09,8.81e+10,756.12889,192.30101,125.07796,1,"None","parabolic","box sum"
"3830",3830,3831,29.61382,56.39219,127.57947,NA,NA,NA,3.87e+09,8.93e+10,753.80089,167.57664,115.82333,1,"None","parabolic","box sum"
"3831",3831,3832,27.05695,56.44725,127.48671,NA,NA,NA,2.76e+09,6.35e+10,785.77976,260.26046,109.79703,1,"None","parabolic","box sum"
"3832",3832,3833,43.94767,55.75435,127.75435,NA,NA,NA,2.73e+09,5.92e+10,100.13336,141.45643,125.79665,1,"None","parabolic","box sum"
"3837",3837,3838,30.37756,54.64739,127.7059,NA,NA,NA,2.46e+09,5.71e+10,164.0227,688.56925,242.47175,1,"None","parabolic","box sum"
"3841",3841,3842,28.66447,53.39921,127.68122,NA,NA,NA,5.68e+09,1.37e+11,301.11338,256.74528,390.05378,1,"None","parabolic","box sum"
"3842",3842,3843,22.7156,53.46481,127.64636,NA,NA,NA,2.86e+09,7.15e+10,1120.06655,258.53771,493.48947,1,"None","parabolic","box sum"
"3843",3843,3844,41.08848,53.28937,127.48226,NA,NA,NA,2.94e+09,6.77e+10,300.54909,184.01957,323.9969,1,"None","parabolic","box sum"
"3844",3844,3845,26.47715,53.32376,127.80388,NA,NA,NA,2.59e+09,6.33e+10,1131.35479,161.48859,386.4418,1,"None","parabolic","box sum"
"3845",3845,3846,100.6837,53.18163,127.60863,NA,NA,NA,2.25e+09,4.48e+10,80.16947,133.18896,93.69186,1,"None","parabolic","box sum"
"3846",3846,3847,34.20216,53.20358,127.58188,NA,NA,NA,9.62e+09,2.35e+11,314.35832,197.61759,244.70979,1,"None","parabolic","box sum"
"3847",3847,3848,33.98969,53.25113,127.72384,NA,NA,NA,9.57e+09,2.35e+11,315.77759,224.96217,234.74482,1,"None","parabolic","box sum"
"3848",3848,3849,19.18735,53.23903,127.70607,NA,NA,NA,2.35e+09,6.04e+10,189.40353,397.20118,248.76571,1,"None","parabolic","box sum"
"3849",3849,3850,63.20977,52.94912,127.66077,NA,NA,NA,2.93e+09,6.85e+10,155.29697,160.00324,133.645,1,"None","parabolic","box sum"
"3850",3850,3851,52.72272,52.76274,127.47939,NA,NA,NA,2.41e+10,6.13e+11,231.24892,226.53514,754.91485,1,"None","parabolic","box sum"
"3851",3851,3852,51.12305,52.77368,127.57841,NA,NA,NA,3.77e+09,8.96e+10,766.28122,613.45029,182.62121,1,"None","parabolic","box sum"
"3852",3852,3853,59.02798,52.53843,127.64923,NA,NA,NA,3.25e+09,7.8e+10,169.82438,198.60435,194.28286,1,"None","parabolic","box sum"
"3857",3857,3858,142.49473,49.49638,127.69786,NA,NA,NA,2.77e+09,6.03e+10,131.06732,153.57536,105.06958,1,"None","parabolic","box sum"
"3861",3861,3862,64.201,47.308,127.57533,NA,NA,NA,2.31e+09,5.03e+10,142.86794,151.23135,100.11056,1,"None","parabolic","box sum"
"3862",3862,3863,76.77583,47.17986,127.51808,NA,NA,NA,2.34e+09,4.98e+10,140.96254,131.11281,98.91373,1,"None","parabolic","box sum"
"3863",3863,3864,174.87435,46.57733,127.54067,NA,NA,NA,2.43e+09,5.69e+10,125.84428,284.55758,167.81384,1,"None","parabolic","box sum"
"3864",3864,3865,89.91978,45.75411,127.64012,NA,NA,NA,2.88e+09,6.53e+10,182.59175,187.84642,107.41463,1,"None","parabolic","box sum"
"3865",3865,3866,83.40203,45.52886,127.62806,NA,NA,NA,2.72e+09,6.01e+10,97.86154,198.51673,114.04759,1,"None","parabolic","box sum"
"3866",3866,3867,51.33958,45.40443,127.58647,NA,NA,NA,3.01e+09,6.37e+10,99.77427,172.8707,105.03411,1,"None","parabolic","box sum"
"3867",3867,3868,150.73607,44.25479,127.47589,NA,NA,NA,2.39e+09,5.09e+10,120.11557,125.36752,138.35263,1,"None","parabolic","box sum"
"3868",3868,3869,35.5635,44.23306,127.75048,NA,NA,NA,2.69e+09,5.83e+10,102.87664,159.1329,108.66758,1,"None","parabolic","box sum"
"3869",3869,3870,134.26447,43.81031,127.63254,NA,NA,NA,2.26e+09,5.26e+10,137.82353,191.25521,167.34841,1,"None","parabolic","box sum"
"3870",3870,3871,48.42994,43.78952,127.5468,NA,NA,NA,2.26e+09,4.73e+10,107.29325,144.44798,111.33203,1,"None","parabolic","box sum"
"3871",3871,3872,172.05907,42.52995,127.61459,NA,NA,NA,2.61e+09,5.94e+10,127.44768,172.63663,127.71299,1,"None","parabolic","box sum"
"3872",3872,3873,114.19355,42.17055,127.64567,NA,NA,NA,2.36e+09,5.26e+10,99.54953,185.444,134.41417,1,"None","parabolic","box sum"
"3877",3877,3878,143.69848,39.33254,127.57078,NA,NA,NA,2.3e+09,4.85e+10,103.60887,128.72124,117.39567,1,"None","parabolic","box sum"
"3881",3881,3882,184.31185,72.26704,127.23203,NA,NA,NA,2.53e+09,5.16e+10,82.52869,119.76093,114.24807,1,"None","parabolic","box sum"
"3882",3882,3883,54.60492,71.53507,127.28314,NA,NA,NA,2.55e+09,5.84e+10,122.08448,190.98221,132.23121,1,"None","parabolic","box sum"
"3883",3883,3884,141.91341,71.38191,127.23377,NA,NA,NA,2.29e+09,4.72e+10,86.88049,130.51377,109.72026,1,"None","parabolic","box sum"
"3884",3884,3885,103.56911,71.40606,127.22939,NA,NA,NA,2.3e+09,5.09e+10,133.67319,143.38806,109.52061,1,"None","parabolic","box sum"
"3885",3885,3886,157.68975,70.87402,127.35036,NA,NA,NA,2.3e+09,5.25e+10,121.37057,170.80644,152.38562,1,"None","parabolic","box sum"
"3886",3886,3887,168.06785,68.05793,127.3068,NA,NA,NA,2.33e+09,5.29e+10,112.57125,166.84461,138.5577,1,"None","parabolic","box sum"
"3887",3887,3888,42.89105,67.4354,127.18044,NA,NA,NA,2.5e+09,5.45e+10,109.98523,176.94372,106.5205,1,"None","parabolic","box sum"
"3888",3888,3889,92.43636,67.30814,127.32099,NA,NA,NA,2.41e+09,5.3e+10,122.09547,143.50379,114.25078,1,"None","parabolic","box sum"
"3889",3889,3890,167.16717,67.19822,127.32049,NA,NA,NA,2.46e+09,5.3e+10,94.07915,178.2821,119.80435,1,"None","parabolic","box sum"
"3890",3890,3891,32.6681,67.15885,127.45294,NA,NA,NA,2.64e+09,6.29e+10,151.95032,284.60212,237.48937,1,"None","parabolic","box sum"
"3891",3891,3892,91.83122,66.892,127.31518,NA,NA,NA,2.35e+09,4.8e+10,113.95846,164.48422,78.61871,1,"None","parabolic","box sum"
"3892",3892,3893,129.26458,66.75776,127.35279,NA,NA,NA,2.28e+09,4.72e+10,88.88421,124.70923,112.1254,1,"None","parabolic","box sum"
"3897",3897,3898,185.5964,64.34658,127.30792,NA,NA,NA,2.76e+09,5.8e+10,108.06716,169.86808,96.84509,1,"None","parabolic","box sum"
"3901",3901,3902,93.08549,62.15038,127.24515,NA,NA,NA,2.41e+09,5.27e+10,141.27644,133.92684,116.53534,1,"None","parabolic","box sum"
"3902",3902,3903,170.57003,61.14924,127.15791,NA,NA,NA,2.28e+09,5.38e+10,119.5351,824.39032,177.30358,1,"None","parabolic","box sum"
"3903",3903,3904,169.77674,60.63667,127.29353,NA,NA,NA,2.47e+09,5.68e+10,284.1456,158.01471,127.52128,1,"None","parabolic","box sum"
"3904",3904,3905,25.70522,58.31227,127.28246,NA,NA,NA,6.56e+09,1.59e+11,201.10461,323.99356,163.77503,1,"None","parabolic","box sum"
"3905",3905,3906,171.48043,58.19617,127.20279,NA,NA,NA,1.03e+10,2.58e+11,192.49064,284.30516,219.83773,1,"None","parabolic","box sum"
"3906",3906,3907,15.80923,58.14308,127.37687,NA,NA,NA,8.78e+09,2.16e+11,176.18302,274.84211,182.81731,1,"None","parabolic","box sum"
"3907",3907,3908,68.34311,58.01819,127.30119,NA,NA,NA,2.27e+09,5.09e+10,134.65031,139.85071,108.93419,1,"None","parabolic","box sum"
"3908",3908,3909,56.27439,57.34898,127.40251,NA,NA,NA,2.41e+09,5.51e+10,111.87108,442.29317,144.29861,1,"None","parabolic","box sum"
"3909",3909,3910,35.6079,57.07542,127.47063,NA,NA,NA,2.36e+09,5.38e+10,115.07849,194.0296,155.70533,1,"None","parabolic","box sum"
"3910",3910,3911,161.72852,56.76561,127.26108,NA,NA,NA,2.31e+09,5.09e+10,197.83856,126.10164,118.21073,1,"None","parabolic","box sum"
"3911",3911,3912,162.10352,56.57776,127.25768,NA,NA,NA,2.62e+09,5.82e+10,184.0953,157.23512,139.83423,1,"None","parabolic","box sum"
"3912",3912,3913,26.88588,56.43819,127.29377,NA,NA,NA,2.97e+09,6.74e+10,801.89988,234.65866,103.54251,1,"None","parabolic","box sum"
"3917",3917,3918,52.8416,56.04775,127.24828,NA,NA,NA,2.97e+09,6.98e+10,188.81725,155.58684,145.01062,1,"None","parabolic","box sum"
"3921",3921,3922,169.73325,55.23896,127.28446,NA,NA,NA,2.27e+09,5.26e+10,171.39877,158.53709,173.68221,1,"None","parabolic","box sum"
"3922",3922,3923,59.623,54.51933,127.24539,NA,NA,NA,2.61e+09,5.77e+10,126.20306,132.06285,131.15412,1,"None","parabolic","box sum"
"3923",3923,3924,30.12596,54.00428,127.33586,NA,NA,NA,2.74e+09,6.67e+10,398.2885,587.10706,181.0278,1,"None","parabolic","box sum"
"3924",3924,3925,35.07151,53.69313,127.30184,NA,NA,NA,2.75e+09,6.8e+10,1145.55974,408.74058,145.41304,1,"None","parabolic","box sum"
"3925",3925,3926,32.68269,53.42747,127.26424,NA,NA,NA,4.1e+09,1.01e+11,922.86311,492.3473,198.92582,1,"None","parabolic","box sum"
"3926",3926,3927,22.29367,53.4757,127.33662,NA,NA,NA,2.62e+09,6.33e+10,1617.7067,141.0104,211.86754,1,"None","parabolic","box sum"
"3927",3927,3928,53.27418,53.33242,127.17443,NA,NA,NA,3.14e+10,7.68e+11,185.28983,191.95199,246.78594,1,"None","parabolic","box sum"
"3928",3928,3929,171.81095,53.18812,127.31261,NA,NA,NA,1.75e+10,4.34e+11,415.84103,404.87033,215.26486,1,"None","parabolic","box sum"
"3929",3929,3930,17.41927,53.21886,127.34119,NA,NA,NA,2.65e+09,5.71e+10,109.71896,129.23443,140.61695,1,"None","parabolic","box sum"
"3930",3930,3931,169.55498,52.98811,127.21818,NA,NA,NA,2.71e+09,6.31e+10,1051.8232,218.62108,189.3445,1,"None","parabolic","box sum"
"3931",3931,3932,178.03558,52.62099,127.32122,NA,NA,NA,3.75e+09,8.23e+10,125.93619,157.51863,122.04468,1,"None","parabolic","box sum"
"3932",3932,3933,31.26855,52.43144,127.45289,NA,NA,NA,6.77e+09,1.68e+11,820.25518,272.74531,333.57343,1,"None","parabolic","box sum"
"3937",3937,3938,38.97073,51.74301,127.20146,NA,NA,NA,2.92e+09,7.09e+10,155.99562,439.72802,179.87958,1,"None","parabolic","box sum"
"3941",3941,3942,39.59379,51.1166,127.31994,NA,NA,NA,3.78e+09,9.36e+10,337.78978,185.5942,402.27348,1,"None","parabolic","box sum"
"3942",3942,3943,177.30508,51.07236,127.37659,NA,NA,NA,2.52e+09,5.91e+10,131.96994,161.49527,167.14022,1,"None","parabolic","box sum"
"3943",3943,3944,179.57243,50.78565,127.36422,NA,NA,NA,4.22e+09,9.67e+10,176.69831,189.60798,130.8026,1,"None","parabolic","box sum"
"3944",3944,3945,137.4872,50.73286,127.25538,NA,NA,NA,2.41e+09,5.02e+10,92.02322,134.92966,105.24356,1,"None","parabolic","box sum"
"3945",3945,3946,42.50725,50.42282,127.20169,NA,NA,NA,2.26e+09,5.15e+10,114.28458,366.31638,107.33202,1,"None","parabolic","box sum"
"3946",3946,3947,63.6256,49.40265,127.30888,NA,NA,NA,2.29e+09,5.24e+10,105.3048,442.93988,140.23268,1,"None","parabolic","box sum"
"3947",3947,3948,101.39116,48.86959,127.24763,NA,NA,NA,2.34e+09,4.84e+10,91.50168,168.84983,95.28756,1,"None","parabolic","box sum"
"3948",3948,3949,137.2874,47.7511,127.38991,NA,NA,NA,2.36e+09,5.48e+10,139.02417,172.41007,136.9088,1,"None","parabolic","box sum"
"3949",3949,3950,159.39818,47.17876,127.26683,NA,NA,NA,2.29e+09,5.3e+10,147.47508,159.83635,150.87628,1,"None","parabolic","box sum"
"3950",3950,3951,49.5901,46.77502,127.20013,NA,NA,NA,2.6e+09,5.87e+10,124.56149,136.60902,131.51273,1,"None","parabolic","box sum"
"3951",3951,3952,39.77571,46.80287,127.41078,NA,NA,NA,2.26e+09,4.94e+10,93.23241,135.30892,134.49386,1,"None","parabolic","box sum"
"3952",3952,3953,137.20132,44.83988,127.30077,NA,NA,NA,2.31e+09,5.21e+10,116.27791,165.43478,132.81596,1,"None","parabolic","box sum"
"3957",3957,3958,60.59964,73.35125,126.80497,NA,NA,NA,2.42e+09,5.18e+10,112.57705,133.75717,108.10599,1,"None","parabolic","box sum"
"3961",3961,3962,20.53426,69.30002,126.85593,NA,NA,NA,3e+09,6.23e+10,107.19553,151.58203,105.71086,1,"None","parabolic","box sum"
"3962",3962,3963,33.70426,68.94396,127.01537,NA,NA,NA,2.91e+09,6.99e+10,133.6341,173.14357,208.72286,1,"None","parabolic","box sum"
"3963",3963,3964,34.21738,68.42684,127.02534,NA,NA,NA,2.67e+09,6.15e+10,168.72756,186.61079,137.81127,1,"None","parabolic","box sum"
"3964",3964,3965,22.00914,67.49699,127.09915,NA,NA,NA,3.35e+09,7.68e+10,131.56015,204.82601,128.25561,1,"None","parabolic","box sum"
"3965",3965,3966,49.81268,66.57412,126.85753,NA,NA,NA,2.38e+09,5.44e+10,196.00401,143.59683,141.36025,1,"None","parabolic","box sum"
"3966",3966,3967,173.14462,62.25686,126.93043,NA,NA,NA,2.46e+09,5.36e+10,91.58107,144.34054,135.0565,1,"None","parabolic","box sum"
"3967",3967,3968,159.16195,61.44077,126.90403,NA,NA,NA,2.66e+09,6.16e+10,112.12574,149.2739,147.41346,1,"None","parabolic","box sum"
"3968",3968,3969,32.22151,59.59695,126.98441,NA,NA,NA,4.71e+09,1.19e+11,477.92665,267.445,428.92233,1,"None","parabolic","box sum"
"3969",3969,3970,102.07666,59.13133,127.04057,NA,NA,NA,2.39e+09,5.56e+10,143.32474,169.09057,141.79584,1,"None","parabolic","box sum"
"3970",3970,3971,170.72113,58.69759,127.03622,NA,NA,NA,2.93e+09,6.98e+10,663.2684,522.85472,186.98484,1,"None","parabolic","box sum"
"3971",3971,3972,15.78923,58.30978,127.09831,NA,NA,NA,8.34e+09,2.05e+11,160.11664,284.39632,187.72814,1,"None","parabolic","box sum"
"3972",3972,3973,43.20445,56.47867,126.87637,NA,NA,NA,2.32e+09,5.5e+10,111.64878,271.74896,186.29411,1,"None","parabolic","box sum"
"3977",3977,3978,51.66677,53.99056,127.09085,NA,NA,NA,2.93e+09,7.24e+10,319.44425,873.33357,255.42244,1,"None","parabolic","box sum"
"3981",3981,3982,20.04154,52.60835,126.88736,NA,NA,NA,3.22e+09,7.22e+10,306.39719,310.61709,112.9826,1,"None","parabolic","box sum"
"3982",3982,3983,29.28769,52.36849,127.01269,NA,NA,NA,3.41e+09,8.31e+10,1411.73601,191.0708,243.83214,1,"None","parabolic","box sum"
"3983",3983,3984,24.23293,52.42304,126.97083,NA,NA,NA,3.14e+09,8.05e+10,571.69893,545.36879,411.9347,1,"None","parabolic","box sum"
"3984",3984,3985,43.67398,52.14962,126.98506,NA,NA,NA,2.49e+09,5.56e+10,111.90283,173.96009,134.5773,1,"None","parabolic","box sum"
"3985",3985,3986,39.93745,52.16958,126.88646,NA,NA,NA,3.05e+09,7.22e+10,129.50819,505.27316,192.58451,1,"None","parabolic","box sum"
"3986",3986,3987,24.09936,52.09585,126.81617,NA,NA,NA,3.08e+09,7.88e+10,174.10663,535.25966,481.21783,1,"None","parabolic","box sum"
"3987",3987,3988,134.76719,51.54707,126.87341,NA,NA,NA,2.41e+09,5.1e+10,107.29325,175.02111,104.85011,1,"None","parabolic","box sum"
"3988",3988,3989,51.34638,51.35962,126.91783,NA,NA,NA,1.38e+10,3.49e+11,194.23541,222.63986,556.65743,1,"None","parabolic","box sum"
"3989",3989,3990,167.40022,51.11544,126.96604,NA,NA,NA,2.5e+09,5.41e+10,92.25804,153.97799,126.34552,1,"None","parabolic","box sum"
"3990",3990,3991,41.26464,50.88966,126.99321,NA,NA,NA,2.45e+09,5.86e+10,820.69977,144.41168,582.15556,1,"None","parabolic","box sum"
"3991",3991,3992,102.0407,47.34155,127.07857,NA,NA,NA,2.85e+09,6.84e+10,131.63344,178.01642,155.71389,1,"None","parabolic","box sum"
"3992",3992,3993,34.46525,47.1987,127.01424,NA,NA,NA,2.56e+09,5.29e+10,97.37054,142.73316,97.36767,1,"None","parabolic","box sum"
"3997",3997,3998,59.68788,69.27126,126.73974,NA,NA,NA,2.97e+09,6.78e+10,160.78353,167.27498,141.77895,1,"None","parabolic","box sum"
"4001",4001,4002,171.35904,67.31737,126.68114,NA,NA,NA,3.46e+09,8.57e+10,232.33475,228.37055,211.05769,1,"None","parabolic","box sum"
"4002",4002,4003,40.38872,66.05393,126.53952,NA,NA,NA,2.33e+09,5.19e+10,160.50749,124.27615,132.35867,1,"None","parabolic","box sum"
"4003",4003,4004,43.03779,65.37617,126.58434,NA,NA,NA,2.38e+09,4.99e+10,95.45782,114.95747,123.68169,1,"None","parabolic","box sum"
"4004",4004,4005,115.08818,65.30002,126.58013,NA,NA,NA,2.26e+09,5.12e+10,135.97676,160.03224,113.92158,1,"None","parabolic","box sum"
"4005",4005,4006,121.0176,64.45551,126.63939,NA,NA,NA,2.59e+09,5.33e+10,92.55575,135.88825,95.86105,1,"None","parabolic","box sum"
"4006",4006,4007,102.2098,64.34244,126.63729,NA,NA,NA,2.26e+09,4.82e+10,90.35234,185.78362,104.33275,1,"None","parabolic","box sum"
"4007",4007,4008,175.14505,61.59285,126.6552,NA,NA,NA,2.57e+09,5.85e+10,135.64362,202.31605,126.33947,1,"None","parabolic","box sum"
"4008",4008,4009,172.53233,60.49144,126.63513,NA,NA,NA,2.86e+09,6.75e+10,139.93961,1090.57319,510.88849,1,"None","parabolic","box sum"
"4009",4009,4010,170.18151,60.44839,126.58922,NA,NA,NA,3.04e+09,7.2e+10,190.98342,168.37877,170.29846,1,"None","parabolic","box sum"
"4010",4010,4011,173.32001,59.33021,126.70012,NA,NA,NA,7.5e+09,1.85e+11,526.07817,197.31802,290.51191,1,"None","parabolic","box sum"
"4011",4011,4012,52.71636,59.29616,126.58563,NA,NA,NA,6.39e+09,1.57e+11,155.87103,260.47054,240.37141,1,"None","parabolic","box sum"
"4012",4012,4013,33.56515,59.26534,126.47945,NA,NA,NA,1.02e+10,2.53e+11,228.32487,209.58799,292.84945,1,"None","parabolic","box sum"
"4017",4017,4018,57.19417,57.36742,126.52585,NA,NA,NA,2.27e+09,5.69e+10,381.48927,390.5094,806.69612,1,"None","parabolic","box sum"
"4021",4021,4022,24.94565,53.51414,126.54112,NA,NA,NA,3.25e+09,7.98e+10,577.2832,393.85456,229.33519,1,"None","parabolic","box sum"
"4022",4022,4023,21.80287,53.41483,126.4853,NA,NA,NA,2.53e+09,6.24e+10,847.45347,168.21522,401.38999,1,"None","parabolic","box sum"
"4023",4023,4024,42.06906,53.3986,126.68115,NA,NA,NA,4.26e+09,1.02e+11,173.77441,172.02622,207.06749,1,"None","parabolic","box sum"
"4024",4024,4025,31.76071,53.35505,126.71149,NA,NA,NA,5.16e+09,1.25e+11,825.26051,484.97772,145.5403,1,"None","parabolic","box sum"
"4025",4025,4026,131.19149,52.51568,126.57767,NA,NA,NA,2.61e+09,5.63e+10,114.00854,173.39891,103.68478,1,"None","parabolic","box sum"
"4026",4026,4027,52.3943,52.41813,126.55054,NA,NA,NA,2.41e+10,6.05e+11,176.4957,208.36425,637.62724,1,"None","parabolic","box sum"
"4027",4027,4028,30.46728,52.38135,126.67358,NA,NA,NA,4.96e+09,1.23e+11,1132.12916,292.16498,274.91033,1,"None","parabolic","box sum"
"4028",4028,4029,135.11419,52.00712,126.7115,NA,NA,NA,2.43e+09,5.53e+10,134.68818,181.64426,118.15462,1,"None","parabolic","box sum"
"4029",4029,4030,53.81107,51.52944,126.62493,NA,NA,NA,3.43e+09,8.11e+10,130.89815,743.81751,167.8687,1,"None","parabolic","box sum"
"4030",4030,4031,86.97062,50.62376,126.55648,NA,NA,NA,2.85e+09,6.47e+10,141.29965,133.35294,127.51544,1,"None","parabolic","box sum"
"4031",4031,4032,31.01069,49.52348,126.69328,NA,NA,NA,2.54e+09,5.84e+10,162.00738,125.43929,194.33293,1,"None","parabolic","box sum"
"4032",4032,4033,185.60917,49.33883,126.6387,NA,NA,NA,2.61e+09,6.02e+10,121.06621,159.54179,176.62892,1,"None","parabolic","box sum"
"4037",4037,4038,112.55531,45.55147,126.57916,NA,NA,NA,2.99e+09,6.8e+10,108.98489,178.77996,151.91916,1,"None","parabolic","box sum"
"4041",4041,4042,165.14391,72.99946,126.30121,NA,NA,NA,2.38e+09,5.15e+10,97.95101,129.78673,138.59233,1,"None","parabolic","box sum"
"4042",4042,4043,116.07832,72.94683,126.21139,NA,NA,NA,2.38e+09,5.29e+10,122.07593,167.96261,115.39191,1,"None","parabolic","box sum"
"4043",4043,4044,93.69866,72.7016,126.3159,NA,NA,NA,2.41e+09,5.18e+10,100.90163,139.80579,111.66665,1,"None","parabolic","box sum"
"4044",4044,4045,53.11257,71.93304,126.34236,NA,NA,NA,2.3e+09,5.16e+10,117.36497,172.31992,111.47222,1,"None","parabolic","box sum"
"4045",4045,4046,98.87988,68.52655,126.44081,NA,NA,NA,2.39e+09,5.31e+10,94.40863,221.22544,136.71416,1,"None","parabolic","box sum"
"4046",4046,4047,59.06437,68.07745,126.39588,NA,NA,NA,3.39e+09,7.85e+10,101.6308,328.70913,240.97055,1,"None","parabolic","box sum"
"4047",4047,4048,144.17582,66.85185,126.31411,NA,NA,NA,2.44e+09,5.54e+10,106.60804,193.74911,131.14098,1,"None","parabolic","box sum"
"4048",4048,4049,47.63736,66.44228,126.32162,NA,NA,NA,2.42e+09,5.32e+10,97.21908,133.19971,154.22583,1,"None","parabolic","box sum"
"4049",4049,4050,107.22938,65.54648,126.18125,NA,NA,NA,2.5e+09,5.21e+10,109.653,152.99791,117.3965,1,"None","parabolic","box sum"
"4050",4050,4051,36.98466,65.2189,126.21215,NA,NA,NA,2.32e+09,5.04e+10,105.14601,127.60963,151.12934,1,"None","parabolic","box sum"
"4051",4051,4052,48.84306,65.02698,126.2168,NA,NA,NA,2.34e+09,5.42e+10,99.75961,196.11399,157.16127,1,"None","parabolic","box sum"
"4052",4052,4053,161.34763,64.09429,126.28398,NA,NA,NA,2.36e+09,5.13e+10,87.857,129.75869,180.64144,1,"None","parabolic","box sum"
"4057",4057,4058,177.57035,61.75704,126.27594,NA,NA,NA,3.03e+09,6.46e+10,91.45328,167.49632,106.40118,1,"None","parabolic","box sum"
"4061",4061,4062,61.14155,60.86152,126.34717,NA,NA,NA,2.53e+09,5.86e+10,223.93758,156.88235,141.8165,1,"None","parabolic","box sum"
"4062",4062,4063,121.84599,60.43914,126.16603,NA,NA,NA,2.4e+09,5.25e+10,108.19098,163.43477,107.18265,1,"None","parabolic","box sum"
"4063",4063,4064,59.25072,59.27146,126.16339,NA,NA,NA,2.07e+10,4.99e+11,164.75554,173.80613,445.35691,1,"None","parabolic","box sum"
"4064",4064,4065,54.51257,59.10754,126.28324,NA,NA,NA,2.32e+09,5.36e+10,128.72649,144.92968,317.19267,1,"None","parabolic","box sum"
"4065",4065,4066,26.33921,58.03544,126.40956,NA,NA,NA,4.04e+09,9.51e+10,293.20111,190.60099,151.80525,1,"None","parabolic","box sum"
"4066",4066,4067,42.96405,55.7321,126.34257,NA,NA,NA,2.34e+09,5.4e+10,113.92793,198.68967,140.66786,1,"None","parabolic","box sum"
"4067",4067,4068,176.23147,53.40635,126.24672,NA,NA,NA,2.29e+09,5.14e+10,117.45749,198.58766,138.16676,1,"None","parabolic","box sum"
"4068",4068,4069,27.32394,53.02478,126.43408,NA,NA,NA,3.99e+09,9.81e+10,364.68516,225.11363,316.32087,1,"None","parabolic","box sum"
"4069",4069,4070,26.10916,52.78555,126.30704,NA,NA,NA,2.72e+09,6.53e+10,743.5826,362.3535,231.92391,1,"None","parabolic","box sum"
"4070",4070,4071,25.39292,52.72993,126.25013,NA,NA,NA,3.65e+09,9.05e+10,690.70302,298.15185,301.81891,1,"None","parabolic","box sum"
"4071",4071,4072,50.63517,52.69846,126.37075,NA,NA,NA,2.84e+09,6.68e+10,879.16607,167.98699,652.52683,1,"None","parabolic","box sum"
"4072",4072,4073,18.73624,52.49517,126.12662,NA,NA,NA,2.32e+09,5.54e+10,159.90412,183.11667,178.83524,1,"None","parabolic","box sum"
"4077",4077,4078,164.36216,51.79009,126.36233,NA,NA,NA,2.35e+09,5.24e+10,103.44643,165.69471,144.72398,1,"None","parabolic","box sum"
"4081",4081,4082,168.4715,51.61566,126.2167,NA,NA,NA,4.49e+09,1.03e+11,128.19457,316.1763,123.51063,1,"None","parabolic","box sum"
"4082",4082,4083,87.66083,51.50128,126.44595,NA,NA,NA,2.41e+09,5.19e+10,118.65477,130.93632,123.79122,1,"None","parabolic","box sum"
"4083",4083,4084,31.01313,51.43705,126.42841,NA,NA,NA,4.26e+09,1.01e+11,269.07344,439.24904,114.82906,1,"None","parabolic","box sum"
"4084",4084,4085,121.70945,51.29236,126.30446,NA,NA,NA,2.36e+09,5.19e+10,133.74525,179.30192,101.59799,1,"None","parabolic","box sum"
"4085",4085,4086,17.96583,50.95108,126.31601,NA,NA,NA,2.48e+09,5.47e+10,88.85978,160.09587,138.88606,1,"None","parabolic","box sum"
"4086",4086,4087,177.73815,50.80605,126.29107,NA,NA,NA,2.58e+09,6.38e+10,249.3917,165.80361,317.45553,1,"None","parabolic","box sum"
"4087",4087,4088,53.41225,50.47273,126.13928,NA,NA,NA,3.45e+09,8.08e+10,110.4689,201.13611,305.62177,1,"None","parabolic","box sum"
"4088",4088,4089,50.30579,50.34208,126.36316,NA,NA,NA,9.79e+09,2.33e+11,173.64983,170.08692,415.36456,1,"None","parabolic","box sum"
"4089",4089,4090,88.08847,49.73435,126.34666,NA,NA,NA,2.35e+09,5.32e+10,112.44025,154.0435,134.49907,1,"None","parabolic","box sum"
"4090",4090,4091,24.76469,49.73979,126.3372,NA,NA,NA,2.73e+09,6.21e+10,126.72094,174.43448,130.0931,1,"None","parabolic","box sum"
"4091",4091,4092,181.58864,48.82372,126.31169,NA,NA,NA,2.33e+09,5.11e+10,94.14587,186.7733,102.45582,1,"None","parabolic","box sum"
"4092",4092,4093,51.54498,46.75277,126.13305,NA,NA,NA,2.32e+09,5.23e+10,114.32366,156.28028,121.57446,1,"None","parabolic","box sum"
"4097",4097,4098,25.91402,41.61686,126.43638,NA,NA,NA,2.28e+09,5.01e+10,93.20066,147.01355,145.16041,1,"None","parabolic","box sum"
"4101",4101,4102,57.65201,71.97227,125.92372,NA,NA,NA,2.3e+09,5.12e+10,89.72942,192.68622,122.58583,1,"None","parabolic","box sum"
"4102",4102,4103,44.06159,71.5536,125.93363,NA,NA,NA,2.54e+09,5.59e+10,165.94275,162.21971,166.78411,1,"None","parabolic","box sum"
"4103",4103,4104,168.59731,70.39035,125.93766,NA,NA,NA,2.61e+09,5.97e+10,182.4867,163.8846,108.36989,1,"None","parabolic","box sum"
"4104",4104,4105,46.17718,70.34377,125.8336,NA,NA,NA,2.45e+09,5.58e+10,128.60191,219.43984,122.30295,1,"None","parabolic","box sum"
"4105",4105,4106,171.79976,68.4109,126.07885,NA,NA,NA,2.29e+09,5.27e+10,103.56032,394.11835,183.78237,1,"None","parabolic","box sum"
"4106",4106,4107,71.17673,67.72691,125.94604,NA,NA,NA,2.25e+09,4.73e+10,90.87266,104.49046,140.65576,1,"None","parabolic","box sum"
"4107",4107,4108,33.83805,67.60729,126.08451,NA,NA,NA,2.32e+09,4.93e+10,106.85843,105.8474,257.66528,1,"None","parabolic","box sum"
"4108",4108,4109,26.14173,67.1653,126.03954,NA,NA,NA,2.81e+09,6.37e+10,116.68098,156.54647,160.74133,1,"None","parabolic","box sum"
"4109",4109,4110,136.87731,65.3463,125.85615,NA,NA,NA,2.33e+09,5.45e+10,151.28343,163.77409,131.64395,1,"None","parabolic","box sum"
"4110",4110,4111,97.01194,64.25518,126.03831,NA,NA,NA,2.32e+09,5.16e+10,136.28455,152.33597,108.00189,1,"None","parabolic","box sum"
"4111",4111,4112,64.26455,64.00852,125.89964,NA,NA,NA,2.8e+09,5.98e+10,138.84462,146.18075,98.52132,1,"None","parabolic","box sum"
"4112",4112,4113,20.30869,60.75785,125.92949,NA,NA,NA,2.34e+09,5.45e+10,252.17162,597.90692,116.34883,1,"None","parabolic","box sum"
"4117",4117,4118,182.5929,58.2623,125.93413,NA,NA,NA,2.61e+09,5.58e+10,114.95315,140.95512,104.77668,1,"None","parabolic","box sum"
"4121",4121,4122,171.58757,56.09876,125.82595,NA,NA,NA,3.14e+09,7.53e+10,272.1636,158.79056,303.64451,1,"None","parabolic","box sum"
"4122",4122,4123,53.2005,55.79175,125.84774,NA,NA,NA,2.87e+09,6.98e+10,107.6328,320.92336,271.52762,1,"None","parabolic","box sum"
"4123",4123,4124,169.87094,54.87551,126.05806,NA,NA,NA,2.5e+09,5.69e+10,126.3304,143.38946,161.72266,1,"None","parabolic","box sum"
"4124",4124,4125,50.46304,54.07417,126.09012,NA,NA,NA,2.77e+09,6.42e+10,143.87926,143.15706,180.26718,1,"None","parabolic","box sum"
"4125",4125,4126,33.65092,53.26296,126.09237,NA,NA,NA,5.36e+09,1.36e+11,500.40054,342.29547,427.61138,1,"None","parabolic","box sum"
"4126",4126,4127,171.19045,51.23992,125.93959,NA,NA,NA,4.97e+09,1.28e+11,448.79183,745.39506,514.36132,1,"None","parabolic","box sum"
"4127",4127,4128,40.4896,50.41706,125.95391,NA,NA,NA,4.34e+09,1.06e+11,323.2355,216.80111,513.34536,1,"None","parabolic","box sum"
"4128",4128,4129,178.21196,50.38952,126.05311,NA,NA,NA,2.92e+09,7.04e+10,165.18014,239.92705,258.33744,1,"None","parabolic","box sum"
"4129",4129,4130,172.25356,50.39064,126.02456,NA,NA,NA,7.22e+09,1.75e+11,197.10389,266.31325,187.36014,1,"None","parabolic","box sum"
"4130",4130,4131,40.11092,50.38628,125.96817,NA,NA,NA,3.94e+09,9.28e+10,312.95614,425.5926,268.20228,1,"None","parabolic","box sum"
"4131",4131,4132,79.20095,49.02546,126.10166,NA,NA,NA,2.63e+09,5.74e+10,97.20931,200.38259,101.24084,1,"None","parabolic","box sum"
"4132",4132,4133,84.24367,46.41584,125.89613,NA,NA,NA,2.62e+09,5.76e+10,119.62213,129.7785,125.44805,1,"None","parabolic","box sum"
"4137",4137,4138,23.44726,42.45326,125.90071,NA,NA,NA,2.35e+09,4.99e+10,186.14726,118.62713,99.58005,1,"None","parabolic","box sum"
"4141",4141,4142,52.83196,39.63444,125.80873,NA,NA,NA,2.39e+09,5.37e+10,94.14114,173.84076,140.27441,1,"None","parabolic","box sum"
"4142",4142,4143,138.35735,39.17499,126.05474,NA,NA,NA,2.27e+09,4.65e+10,87.66158,127.45494,111.24045,1,"None","parabolic","box sum"
"4143",4143,4144,15.49322,73.48084,125.75467,NA,NA,NA,2.36e+09,5.62e+10,110.38096,194.02517,227.72384,1,"None","parabolic","box sum"
"4144",4144,4145,51.00202,71.89156,125.52167,NA,NA,NA,2.27e+09,5.3e+10,190.45638,268.5787,122.65426,1,"None","parabolic","box sum"
"4145",4145,4146,45.89007,70.75827,125.48878,NA,NA,NA,2.42e+09,5.31e+10,175.44774,220.61758,95.70438,1,"None","parabolic","box sum"
"4146",4146,4147,46.07092,70.58729,125.61876,NA,NA,NA,2.36e+09,5.61e+10,178.12018,287.85466,100.93418,1,"None","parabolic","box sum"
"4147",4147,4148,160.05752,69.96281,125.72584,NA,NA,NA,2.3e+09,5.33e+10,191.41397,258.20888,116.75563,1,"None","parabolic","box sum"
"4148",4148,4149,160.32594,69.67814,125.66942,NA,NA,NA,2.25e+09,5.31e+10,206.44826,200.30577,125.79831,1,"None","parabolic","box sum"
"4149",4149,4150,132.07012,67.69638,125.49034,NA,NA,NA,2.93e+09,6.54e+10,99.73396,173.98116,170.01036,1,"None","parabolic","box sum"
"4150",4150,4151,107.36858,65.45254,125.52075,NA,NA,NA,2.33e+09,5.46e+10,102.97924,177.1951,178.42677,1,"None","parabolic","box sum"
"4151",4151,4152,94.63373,64.20189,125.65398,NA,NA,NA,2.3e+09,4.68e+10,98.82279,126.09288,98.37028,1,"None","parabolic","box sum"
"4152",4152,4153,42.6698,61.90293,125.74128,NA,NA,NA,2.33e+09,5.18e+10,88.98925,212.41787,144.32782,1,"None","parabolic","box sum"
"4157",4157,4158,58.89797,58.95147,125.56697,NA,NA,NA,1.87e+10,4.66e+11,204.52699,195.76424,362.72672,1,"None","parabolic","box sum"
"4161",4161,4162,172.46304,57.85178,125.70409,NA,NA,NA,4.78e+09,1.2e+11,158.35049,552.61904,460.43986,1,"None","parabolic","box sum"
"4162",4162,4163,52.63321,57.79134,125.5391,NA,NA,NA,2.41e+09,5.58e+10,179.65915,146.40835,248.80701,1,"None","parabolic","box sum"
"4163",4163,4164,166.60988,56.28034,125.68683,NA,NA,NA,2.43e+09,5.29e+10,114.02075,133.96189,113.36312,1,"None","parabolic","box sum"
"4164",4164,4165,173.90292,55.74339,125.46846,NA,NA,NA,2.79e+09,6.15e+10,95.0575,170.40089,123.80165,1,"None","parabolic","box sum"
"4165",4165,4166,122.652,55.22002,125.70276,NA,NA,NA,2.34e+09,5.19e+10,91.30137,130.78821,166.71881,1,"None","parabolic","box sum"
"4166",4166,4167,42.16307,54.82594,125.72456,NA,NA,NA,2.43e+09,5.4e+10,106.87797,144.60319,343.40614,1,"None","parabolic","box sum"
"4167",4167,4168,30.35798,54.34468,125.74091,NA,NA,NA,2.38e+09,5.62e+10,177.67558,255.24616,364.7382,1,"None","parabolic","box sum"
"4168",4168,4169,178.61836,53.87782,125.70385,NA,NA,NA,2.32e+09,4.82e+10,99.90908,136.18678,101.14592,1,"None","parabolic","box sum"
"4169",4169,4170,154.2084,53.93954,125.48277,NA,NA,NA,2.48e+09,5.53e+10,106.38147,157.09931,128.42125,1,"None","parabolic","box sum"
"4170",4170,4171,173.84386,53.77317,125.49545,NA,NA,NA,3.75e+09,9.24e+10,651.26319,217.84127,243.43306,1,"None","parabolic","box sum"
"4171",4171,4172,166.66846,53.78524,125.62987,NA,NA,NA,2.38e+09,5.37e+10,95.23552,179.39788,144.69332,1,"None","parabolic","box sum"
"4172",4172,4173,26.04017,53.69549,125.62862,NA,NA,NA,2.4e+09,5.89e+10,192.52545,435.5194,510.14352,1,"None","parabolic","box sum"
"4177",4177,4178,37.4486,52.79261,125.59865,NA,NA,NA,2.5e+09,5.77e+10,116.68342,276.89803,131.52713,1,"None","parabolic","box sum"
"4181",4181,4182,139.27568,48.33271,125.62319,NA,NA,NA,2.47e+09,5.41e+10,99.06158,171.63444,118.52303,1,"None","parabolic","box sum"
"4182",4182,4183,96.13076,48.19077,125.64152,NA,NA,NA,2.37e+09,5.31e+10,116.07638,229.5897,129.42636,1,"None","parabolic","box sum"
"4183",4183,4184,153.46414,48.09148,125.53123,NA,NA,NA,2.33e+09,5.27e+10,120.42886,157.3897,146.97307,1,"None","parabolic","box sum"
"4184",4184,4185,171.03327,47.13929,125.59631,NA,NA,NA,2.31e+09,5.29e+10,116.24097,174.20375,143.59766,1,"None","parabolic","box sum"
"4185",4185,4186,51.62537,46.56473,125.77723,NA,NA,NA,2.5e+09,5.32e+10,98.42583,184.403,102.88599,1,"None","parabolic","box sum"
"4186",4186,4187,60.1126,44.36316,125.74963,NA,NA,NA,2.56e+09,5.91e+10,170.16393,314.56494,173.66427,1,"None","parabolic","box sum"
"4187",4187,4188,19.83273,44.39901,125.66383,NA,NA,NA,2.38e+09,5.24e+10,98.46248,141.85363,232.82138,1,"None","parabolic","box sum"
"4188",4188,4189,164.05628,42.94849,125.62444,NA,NA,NA,2.32e+09,4.8e+10,114.59543,129.75097,94.16875,1,"None","parabolic","box sum"
"4189",4189,4190,54.55277,42.9652,125.64386,NA,NA,NA,2.34e+09,5.15e+10,146.2781,153.13309,124.43751,1,"None","parabolic","box sum"
"4190",4190,4191,32.4993,41.27008,125.66811,NA,NA,NA,2.51e+09,5.4e+10,118.53996,140.58274,124.21846,1,"None","parabolic","box sum"
"4191",4191,4192,62.41726,39.84846,125.63453,NA,NA,NA,2.35e+09,5.1e+10,99.23441,182.14118,98.04255,1,"None","parabolic","box sum"
"4192",4192,4193,137.86821,70.69358,125.18427,NA,NA,NA,2.26e+09,5.12e+10,200.84078,171.17345,146.0827,1,"None","parabolic","box sum"
"4197",4197,4198,89.79972,67.39951,125.35124,NA,NA,NA,2.47e+09,5.48e+10,96.3641,161.28071,125.1007,1,"None","parabolic","box sum"
"4201",4201,4202,102.19264,63.22632,125.17195,NA,NA,NA,2.34e+09,5.1e+10,128.74359,117.88237,150.90048,1,"None","parabolic","box sum"
"4202",4202,4203,102.29499,63.10113,125.25375,NA,NA,NA,2.5e+09,5.4e+10,148.92123,117.49622,115.3287,1,"None","parabolic","box sum"
"4203",4203,4204,108.40094,61.57013,125.36029,NA,NA,NA,2.63e+09,6e+10,224.92936,181.87061,112.44041,1,"None","parabolic","box sum"
"4204",4204,4205,169.31186,60.25421,125.34745,NA,NA,NA,3.18e+09,7.37e+10,129.16467,149.48732,145.02814,1,"None","parabolic","box sum"
"4205",4205,4206,68.60664,59.9753,125.13487,NA,NA,NA,3.76e+09,8.61e+10,169.39933,189.53267,122.90397,1,"None","parabolic","box sum"
"4206",4206,4207,59.83177,59.84583,125.13965,NA,NA,NA,9.8e+09,2.42e+11,207.85166,191.29819,561.04234,1,"None","parabolic","box sum"
"4207",4207,4208,50.95582,59.64219,125.28796,NA,NA,NA,2.4e+09,5.6e+10,168.94497,155.14207,214.16065,1,"None","parabolic","box sum"
"4208",4208,4209,21.33432,59.37551,125.24283,NA,NA,NA,2.71e+09,6.08e+10,126.61834,152.74841,125.31599,1,"None","parabolic","box sum"
"4209",4209,4210,30.95513,59.23753,125.20161,NA,NA,NA,3.61e+09,8.84e+10,180.1868,205.73902,197.47302,1,"None","parabolic","box sum"
"4210",4210,4211,31.37301,58.94615,125.41743,NA,NA,NA,3.08e+09,7.63e+10,976.63188,201.56127,338.36973,1,"None","parabolic","box sum"
"4211",4211,4212,172.9878,58.83489,125.3333,NA,NA,NA,9.72e+09,2.44e+11,502.327,263.27601,188.91391,1,"None","parabolic","box sum"
"4212",4212,4213,175.70904,58.6399,125.22872,NA,NA,NA,3.17e+09,7.45e+10,148.84031,169.76106,192.04587,1,"None","parabolic","box sum"
"4217",4217,4218,25.56172,57.39647,125.19159,NA,NA,NA,2.89e+09,6.87e+10,172.33071,427.07565,541.15558,1,"None","parabolic","box sum"
"4221",4221,4222,170.85543,55.91353,125.30029,NA,NA,NA,2.52e+09,6.09e+10,242.8132,310.59998,308.63461,1,"None","parabolic","box sum"
"4222",4222,4223,63.77165,55.26908,125.43662,NA,NA,NA,2.41e+09,5.35e+10,86.18734,150.18326,233.32915,1,"None","parabolic","box sum"
"4223",4223,4224,29.6971,55.08756,125.12924,NA,NA,NA,2.67e+09,6.25e+10,119.2215,147.64941,179.86518,1,"None","parabolic","box sum"
"4224",4224,4225,171.30974,54.44165,125.35586,NA,NA,NA,2.45e+09,5.84e+10,393.65417,150.82455,638.82428,1,"None","parabolic","box sum"
"4225",4225,4226,41.43573,54.01955,125.16821,NA,NA,NA,2.55e+09,6.15e+10,267.78852,158.01513,158.31721,1,"None","parabolic","box sum"
"4226",4226,4227,35.52227,53.9955,125.36812,NA,NA,NA,3.57e+09,8.2e+10,178.65271,166.95225,125.60639,1,"None","parabolic","box sum"
"4227",4227,4228,28.55212,53.98019,125.32104,NA,NA,NA,4.99e+09,1.21e+11,160.81284,235.39716,160.41067,1,"None","parabolic","box sum"
"4228",4228,4229,83.36643,53.85138,125.22762,NA,NA,NA,2.41e+09,5.06e+10,97.00656,161.72683,100.45749,1,"None","parabolic","box sum"
"4229",4229,4230,41.09344,53.86717,125.19919,NA,NA,NA,3.16e+09,7.47e+10,209.11703,184.69507,206.08053,1,"None","parabolic","box sum"
"4230",4230,4231,23.99695,53.73438,125.17019,NA,NA,NA,4.6e+09,1.14e+11,209.1781,477.00191,332.05575,1,"None","parabolic","box sum"
"4231",4231,4232,156.47761,53.58909,125.22359,NA,NA,NA,2.63e+09,6.04e+10,177.39405,170.2534,126.54454,1,"None","parabolic","box sum"
"4232",4232,4233,26.40073,53.17249,125.37827,NA,NA,NA,2.26e+09,5.61e+10,1318.44009,630.32317,554.5477,1,"None","parabolic","box sum"
"4237",4237,4238,24.00264,52.73745,125.32355,NA,NA,NA,4.72e+09,1.19e+11,228.93802,470.48974,397.22371,1,"None","parabolic","box sum"
"4241",4241,4242,168.53693,52.41862,125.42877,NA,NA,NA,2.74e+09,6.12e+10,108.29907,193.7803,132.5846,1,"None","parabolic","box sum"
"4242",4242,4243,169.56759,52.29905,125.20306,NA,NA,NA,2.48e+09,5.91e+10,906.4697,181.58376,244.4607,1,"None","parabolic","box sum"
"4243",4243,4244,27.11308,52.17484,125.27985,NA,NA,NA,2.4e+09,5.67e+10,240.84185,470.44927,297.67475,1,"None","parabolic","box sum"
"4244",4244,4245,29.34308,51.97427,125.32271,NA,NA,NA,2.9e+09,6.86e+10,130.24592,187.62445,209.71838,1,"None","parabolic","box sum"
"4245",4245,4246,48.83042,51.25465,125.20834,NA,NA,NA,2.62e+09,5.85e+10,113.14134,162.20999,122.59355,1,"None","parabolic","box sum"
"4246",4246,4247,177.644,51.13482,125.19091,NA,NA,NA,3.28e+09,8.04e+10,168.51885,251.25533,203.32366,1,"None","parabolic","box sum"
"4247",4247,4248,87.55821,48.94378,125.34954,NA,NA,NA,2.31e+09,5.26e+10,150.255,162.27591,148.7703,1,"None","parabolic","box sum"
"4248",4248,4249,136.37555,48.85692,125.34183,NA,NA,NA,2.4e+09,5.32e+10,95.17567,166.63933,139.388,1,"None","parabolic","box sum"
"4249",4249,4250,184.6701,48.46446,125.27754,NA,NA,NA,2.29e+09,5.04e+10,99.20822,164.59155,131.5605,1,"None","parabolic","box sum"
"4250",4250,4251,186.91271,48.01226,125.36824,NA,NA,NA,2.33e+09,5.54e+10,152.7369,173.1903,150.00677,1,"None","parabolic","box sum"
"4251",4251,4252,31.17113,44.50274,125.13899,NA,NA,NA,2.61e+09,5.78e+10,125.26258,157.6997,115.60073,1,"None","parabolic","box sum"
"4252",4252,4253,88.55723,44.30134,125.315,NA,NA,NA,2.26e+09,4.99e+10,96.13692,164.89488,155.06697,1,"None","parabolic","box sum"
"4257",4257,4258,96.81397,42.108,125.26772,NA,NA,NA,2.38e+09,5.06e+10,94.29137,172.99086,99.0074,1,"None","parabolic","box sum"
"4261",4261,4262,176.97758,39.44404,125.3997,NA,NA,NA,2.26e+09,5.19e+10,179.84648,136.33531,156.97789,1,"None","parabolic","box sum"
"4262",4262,4263,190.108,70.77229,124.83004,NA,NA,NA,2.42e+09,5.49e+10,73.54862,178.21372,142.66118,1,"None","parabolic","box sum"
"4263",4263,4264,28.5254,70.46531,124.91825,NA,NA,NA,2.51e+09,5.28e+10,97.14336,119.36782,123.4858,1,"None","parabolic","box sum"
"4264",4264,4265,24.59697,67.80957,124.84283,NA,NA,NA,2.32e+09,5.18e+10,128.9952,231.91421,107.66226,1,"None","parabolic","box sum"
"4265",4265,4266,64.75738,67.07059,124.8679,NA,NA,NA,2.29e+09,5.46e+10,164.90944,217.78901,137.09468,1,"None","parabolic","box sum"
"4266",4266,4267,140.81899,64.19253,124.94107,NA,NA,NA,2.29e+09,4.72e+10,97.94216,155.10911,89.6593,1,"None","parabolic","box sum"
"4267",4267,4268,173.07764,60.12605,124.88249,NA,NA,NA,3.67e+09,9.18e+10,305.83229,741.10487,516.5616,1,"None","parabolic","box sum"
"4268",4268,4269,55.38482,60.11542,124.86398,NA,NA,NA,2.54e+09,5.82e+10,133.37028,140.55583,175.28939,1,"None","parabolic","box sum"
"4269",4269,4270,169.55549,59.98757,124.95476,NA,NA,NA,2.68e+09,6.4e+10,173.32646,164.951,200.87034,1,"None","parabolic","box sum"
"4270",4270,4271,26.54995,59.70705,124.78072,NA,NA,NA,2.61e+09,5.77e+10,181.71844,418.80736,111.2223,1,"None","parabolic","box sum"
"4271",4271,4272,53.86515,59.43928,124.89739,NA,NA,NA,3.47e+09,8.03e+10,133.64632,143.08593,155.61625,1,"None","parabolic","box sum"
"4272",4272,4273,39.59079,59.37935,124.80458,NA,NA,NA,3.4e+09,7.88e+10,131.79711,239.47498,126.00318,1,"None","parabolic","box sum"
"4277",4277,4278,111.30942,57.03634,124.84562,NA,NA,NA,2.47e+09,5.41e+10,104.90906,124.18926,166.24463,1,"None","parabolic","box sum"
"4281",4281,4282,72.64459,55.78359,124.88289,NA,NA,NA,2.36e+09,5.15e+10,86.98125,138.82411,158.02848,1,"None","parabolic","box sum"
"4282",4282,4283,46.52992,55.59284,124.84789,NA,NA,NA,2.63e+09,6.02e+10,143.16107,126.79279,150.01386,1,"None","parabolic","box sum"
"4283",4283,4284,20.07282,55.70204,124.9419,NA,NA,NA,2.73e+09,5.89e+10,114.88307,145.68132,112.36364,1,"None","parabolic","box sum"
"4284",4284,4285,35.86343,54.11599,125.06775,NA,NA,NA,2.77e+09,6.35e+10,654.47854,196.05756,119.53586,1,"None","parabolic","box sum"
"4285",4285,4286,53.84777,53.84165,124.95176,NA,NA,NA,1.39e+10,3.42e+11,190.49302,208.63211,665.25346,1,"None","parabolic","box sum"
"4286",4286,4287,174.02803,53.78235,125.02862,NA,NA,NA,3.9e+09,9.43e+10,650.4305,214.53846,180.77537,1,"None","parabolic","box sum"
"4287",4287,4288,37.87734,53.74271,125.00846,NA,NA,NA,2.35e+09,5.31e+10,144.65608,133.00538,127.02394,1,"None","parabolic","box sum"
"4288",4288,4289,28.29599,53.76334,125.10668,NA,NA,NA,4.58e+09,1.16e+11,181.02468,299.21287,461.37717,1,"None","parabolic","box sum"
"4289",4289,4290,170.15763,53.66989,124.89325,NA,NA,NA,2.71e+09,6.26e+10,114.0977,402.03398,414.44853,1,"None","parabolic","box sum"
"4290",4290,4291,53.57407,53.65028,124.96128,NA,NA,NA,1.34e+10,3.34e+11,228.66443,192.31749,891.01318,1,"None","parabolic","box sum"
"4291",4291,4292,39.88623,53.50273,124.8631,NA,NA,NA,2.53e+09,5.57e+10,239.17341,150.9468,117.07774,1,"None","parabolic","box sum"
"4292",4292,4293,23.79113,53.1826,124.97367,NA,NA,NA,4.36e+09,1.11e+11,236.03439,549.65252,482.48038,1,"None","parabolic","box sum"
"4297",4297,4298,171.69147,51.15031,124.81997,NA,NA,NA,7.48e+09,1.87e+11,453.46493,667.42682,479.41539,1,"None","parabolic","box sum"
"4301",4301,4302,142.06952,49.10061,125.09004,NA,NA,NA,2.39e+09,5.14e+10,93.67945,144.04368,126.30838,1,"None","parabolic","box sum"
"4302",4302,4303,179.92707,48.72575,125.08628,NA,NA,NA,2.39e+09,5.34e+10,126.28795,144.07873,127.81751,1,"None","parabolic","box sum"
"4303",4303,4304,25.45686,48.20592,124.99306,NA,NA,NA,2.86e+09,6.46e+10,95.77294,213.0335,136.62967,1,"None","parabolic","box sum"
"4304",4304,4305,48.15943,47.67707,124.79792,NA,NA,NA,2.53e+09,5.67e+10,87.86555,180.37838,154.92553,1,"None","parabolic","box sum"
"4305",4305,4306,78.62746,45.80632,124.87927,NA,NA,NA,2.39e+09,5.74e+10,132.27101,204.93835,209.98019,1,"None","parabolic","box sum"
"4306",4306,4307,185.94707,43.77638,124.87223,NA,NA,NA,2.33e+09,5.29e+10,88.8965,170.33893,179.14337,1,"None","parabolic","box sum"
"4307",4307,4308,77.46655,43.08463,124.93875,NA,NA,NA,2.29e+09,5.22e+10,120.2768,157.60958,133.95792,1,"None","parabolic","box sum"
"4308",4308,4309,83.6701,39.03089,125.00943,NA,NA,NA,2.27e+09,4.46e+10,91.65436,182.16205,78.8075,1,"None","parabolic","box sum"
"4309",4309,4310,52.55205,71.87665,124.61131,NA,NA,NA,2.39e+09,5.57e+10,124.60546,235.4617,130.53682,1,"None","parabolic","box sum"
"4310",4310,4311,111.20207,70.74015,124.47277,NA,NA,NA,2.44e+09,5.24e+10,97.18977,139.031,124.42437,1,"None","parabolic","box sum"
"4311",4311,4312,163.69557,70.57327,124.50581,NA,NA,NA,2.75e+09,6.49e+10,219.13501,148.38582,159.22928,1,"None","parabolic","box sum"
"4312",4312,4313,120.41602,70.65126,124.49177,NA,NA,NA,2.39e+09,5.57e+10,143.66918,197.08484,132.71707,1,"None","parabolic","box sum"
"4317",4317,4318,24.21419,67.38525,124.4994,NA,NA,NA,2.31e+09,5.25e+10,143.43711,199.11045,105.30198,1,"None","parabolic","box sum"
"4321",4321,4322,165.05912,64.33236,124.72411,NA,NA,NA,2.39e+09,5.33e+10,103.25283,168.82521,151.54845,1,"None","parabolic","box sum"
"4322",4322,4323,65.05288,62.57974,124.75126,NA,NA,NA,2.41e+09,5.23e+10,97.80292,186.15872,122.21742,1,"None","parabolic","box sum"
"4323",4323,4324,51.26002,59.86134,124.54774,NA,NA,NA,2.44e+09,5.88e+10,181.82837,174.14784,168.72695,1,"None","parabolic","box sum"
"4324",4324,4325,29.6308,59.80166,124.52728,NA,NA,NA,2.51e+09,5.76e+10,127.76891,151.90122,160.6437,1,"None","parabolic","box sum"
"4325",4325,4326,169.81938,59.71754,124.7515,NA,NA,NA,3.01e+09,6.95e+10,830.40874,140.46654,245.44078,1,"None","parabolic","box sum"
"4326",4326,4327,130.29656,59.73748,124.65962,NA,NA,NA,2.68e+09,6.06e+10,94.72009,173.32464,185.1705,1,"None","parabolic","box sum"
"4327",4327,4328,26.38894,59.67093,124.56529,NA,NA,NA,2.77e+09,6.39e+10,182.64915,237.43075,114.85973,1,"None","parabolic","box sum"
"4328",4328,4329,169.93658,59.5863,124.72116,NA,NA,NA,2.98e+09,7.33e+10,853.78676,159.46355,257.74351,1,"None","parabolic","box sum"
"4329",4329,4330,170.18826,59.50548,124.73766,NA,NA,NA,2.9e+09,7.24e+10,884.63492,187.00278,245.31353,1,"None","parabolic","box sum"
"4330",4330,4331,175.52355,58.40007,124.62168,NA,NA,NA,3.5e+09,8.31e+10,134.0619,158.72964,247.2693,1,"None","parabolic","box sum"
"4331",4331,4332,24.90465,58.22003,124.65321,NA,NA,NA,2.71e+09,6.55e+10,309.78537,251.86992,234.49406,1,"None","parabolic","box sum"
"4332",4332,4333,189.95255,57.85734,124.7248,NA,NA,NA,2.81e+09,6.18e+10,111.75858,129.52775,129.39444,1,"None","parabolic","box sum"
"4337",4337,4338,54.09901,54.12932,124.64029,NA,NA,NA,1.43e+10,3.47e+11,165.45907,197.13068,202.30395,1,"None","parabolic","box sum"
"4341",4341,4342,31.1397,53.65302,124.70769,NA,NA,NA,2.78e+09,6.76e+10,138.6834,457.58098,570.78764,1,"None","parabolic","box sum"
"4342",4342,4343,51.31012,53.46358,124.68575,NA,NA,NA,2.6e+09,6.21e+10,704.96416,325.43969,164.01702,1,"None","parabolic","box sum"
"4343",4343,4344,40.67227,52.72788,124.55954,NA,NA,NA,3.13e+09,7.61e+10,147.02805,584.11384,223.01266,1,"None","parabolic","box sum"
"4344",4344,4345,27.34081,52.7754,124.60523,NA,NA,NA,4.05e+09,9.62e+10,167.05912,389.72062,281.1271,1,"None","parabolic","box sum"
"4345",4345,4346,38.77725,52.27325,124.54912,NA,NA,NA,2.35e+09,5.59e+10,129.34696,547.32352,142.45674,1,"None","parabolic","box sum"
"4346",4346,4347,48.06452,52.13629,124.5363,NA,NA,NA,2.3e+09,5.03e+10,102.39785,175.50468,111.33933,1,"None","parabolic","box sum"
"4347",4347,4348,31.32711,52.1753,124.67705,NA,NA,NA,2.37e+09,5.9e+10,218.59026,410.64274,692.81,1,"None","parabolic","box sum"
"4348",4348,4349,23.27105,51.77714,124.51023,NA,NA,NA,3.22e+09,7.88e+10,154.54947,307.2325,175.86058,1,"None","parabolic","box sum"
"4349",4349,4350,91.40552,51.5343,124.68441,NA,NA,NA,2.58e+09,5.57e+10,85.91252,167.86182,126.34552,1,"None","parabolic","box sum"
"4350",4350,4351,176.69307,51.2243,124.49703,NA,NA,NA,2.58e+09,5.96e+10,487.52599,139.32312,155.35548,1,"None","parabolic","box sum"
"4351",4351,4352,172.62329,51.11923,124.44474,NA,NA,NA,5.73e+09,1.45e+11,509.0371,865.49628,528.00941,1,"None","parabolic","box sum"
"4352",4352,4353,171.94069,51.10654,124.6751,NA,NA,NA,7.44e+09,1.87e+11,460.19305,823.96996,635.47161,1,"None","parabolic","box sum"
"4357",4357,4358,179.80121,51.01141,124.69576,NA,NA,NA,3.48e+09,7.97e+10,168.46373,146.4653,127.0304,1,"None","parabolic","box sum"
"4361",4361,4362,179.51678,50.74363,124.49109,NA,NA,NA,3.15e+09,7.45e+10,558.70866,180.24611,125.59742,1,"None","parabolic","box sum"
"4362",4362,4363,85.04192,49.76089,124.64995,NA,NA,NA,2.4e+09,5.26e+10,123.41337,301.42295,102.6175,1,"None","parabolic","box sum"
"4363",4363,4364,81.02433,49.01963,124.64777,NA,NA,NA,2.32e+09,5.2e+10,120.97544,170.72779,116.82656,1,"None","parabolic","box sum"
"4364",4364,4365,173.52403,48.65472,124.53566,NA,NA,NA,2.56e+09,5.86e+10,90.53891,218.2827,427.94704,1,"None","parabolic","box sum"
"4365",4365,4366,17.27096,48.4797,124.5258,NA,NA,NA,2.68e+09,5.94e+10,128.63366,143.19545,121.34999,1,"None","parabolic","box sum"
"4366",4366,4367,172.7765,48.00688,124.59453,NA,NA,NA,2.81e+09,6.04e+10,112.41338,259.93878,101.95515,1,"None","parabolic","box sum"
"4367",4367,4368,141.59556,48.08078,124.47996,NA,NA,NA,2.59e+09,5.8e+10,115.34842,152.41379,154.09294,1,"None","parabolic","box sum"
"4368",4368,4369,119.84505,46.80208,124.55793,NA,NA,NA,2.47e+09,5.37e+10,102.36487,141.69049,206.70742,1,"None","parabolic","box sum"
"4369",4369,4370,67.85955,46.13743,124.68104,NA,NA,NA,2.31e+09,4.98e+10,84.03522,151.67361,126.75315,1,"None","parabolic","box sum"
"4370",4370,4371,48.61469,45.06011,124.64387,NA,NA,NA,2.25e+09,4.93e+10,92.98813,150.18451,122.50009,1,"None","parabolic","box sum"
"4371",4371,4372,34.19885,44.38688,124.56321,NA,NA,NA,2.52e+09,5.51e+10,99.59106,201.20412,118.98032,1,"None","parabolic","box sum"
"4372",4372,4373,51.40588,42.63891,124.54054,NA,NA,NA,2.51e+09,5.82e+10,136.36761,175.97407,159.25807,1,"None","parabolic","box sum"
"4377",4377,4378,55.41324,68.97267,124.39984,NA,NA,NA,2.86e+09,6.1e+10,94.88375,155.32951,106.8255,1,"None","parabolic","box sum"
"4381",4381,4382,24.10003,67.40039,124.31352,NA,NA,NA,2.42e+09,5.05e+10,174.46573,173.65228,84.03438,1,"None","parabolic","box sum"
"4382",4382,4383,30.3006,66.7379,124.27104,NA,NA,NA,2.31e+09,5.45e+10,219.02508,171.97928,225.46828,1,"None","parabolic","box sum"
"4383",4383,4384,76.25694,66.68177,124.15396,NA,NA,NA,2.83e+09,6.36e+10,100.3581,148.47866,167.87809,1,"None","parabolic","box sum"
"4384",4384,4385,172.95119,66.3391,124.30179,NA,NA,NA,2.35e+09,5.01e+10,86.67163,127.22953,138.9983,1,"None","parabolic","box sum"
"4385",4385,4386,20.59248,65.93951,124.11766,NA,NA,NA,2.34e+09,4.86e+10,91.93039,121.63235,118.50238,1,"None","parabolic","box sum"
"4386",4386,4387,129.81357,65.74423,124.16522,NA,NA,NA,2.3e+09,5.11e+10,99.38708,221.30753,119.56152,1,"None","parabolic","box sum"
"4387",4387,4388,154.18622,65.26154,124.15786,NA,NA,NA,2.92e+09,6.69e+10,112.85126,145.46666,171.84201,1,"None","parabolic","box sum"
"4388",4388,4389,53.03984,64.71194,124.22147,NA,NA,NA,2.92e+09,6.28e+10,137.26168,170.11623,96.78271,1,"None","parabolic","box sum"
"4389",4389,4390,189.07469,64.35811,124.20981,NA,NA,NA,2.68e+09,5.98e+10,122.52632,121.7038,208.74184,1,"None","parabolic","box sum"
"4390",4390,4391,149.82472,63.65752,124.31225,NA,NA,NA,2.87e+09,5.87e+10,91.09251,133.59222,97.77865,1,"None","parabolic","box sum"
"4391",4391,4392,51.34869,63.25938,124.39818,NA,NA,NA,2.78e+09,5.92e+10,118.09292,194.30622,96.06591,1,"None","parabolic","box sum"
"4392",4392,4393,127.21225,61.04091,124.26109,NA,NA,NA,2.35e+09,5.38e+10,102.5774,174.01662,156.37019,1,"None","parabolic","box sum"
"4397",4397,4398,39.83516,58.05872,124.1367,NA,NA,NA,2.28e+09,5.45e+10,240.2629,172.90053,287.5337,1,"None","parabolic","box sum"
"4401",4401,4402,59.9425,55.47012,124.29643,NA,NA,NA,2.4e+09,5.62e+10,120.98521,169.71767,140.64908,1,"None","parabolic","box sum"
"4402",4402,4403,102.89304,54.0198,124.22724,NA,NA,NA,2.26e+09,5.31e+10,123.5465,178.61724,269.40036,1,"None","parabolic","box sum"
"4403",4403,4404,40.62477,53.98167,124.30405,NA,NA,NA,2.93e+09,6.59e+10,205.34044,150.26629,140.60318,1,"None","parabolic","box sum"
"4404",4404,4405,136.82155,53.85437,124.35831,NA,NA,NA,2.35e+09,5.4e+10,109.56262,199.30404,150.61259,1,"None","parabolic","box sum"
"4405",4405,4406,27.4361,53.87877,124.40611,NA,NA,NA,3.19e+09,7.46e+10,339.76113,445.69862,147.83382,1,"None","parabolic","box sum"
"4406",4406,4407,51.06017,53.62256,124.24431,NA,NA,NA,2.28e+09,5.63e+10,283.71078,301.29653,306.67153,1,"None","parabolic","box sum"
"4407",4407,4408,27.78146,53.38448,124.42127,NA,NA,NA,3.7e+09,9.05e+10,398.22987,254.59278,440.11,1,"None","parabolic","box sum"
"4408",4408,4409,36.68858,53.06477,124.23822,NA,NA,NA,2.35e+09,5.48e+10,118.38118,213.99814,226.23473,1,"None","parabolic","box sum"
"4409",4409,4410,25.57231,52.81455,124.33996,NA,NA,NA,3.49e+09,8.2e+10,137.18107,460.52289,542.64092,1,"None","parabolic","box sum"
"4410",4410,4411,23.21716,51.5986,124.3963,NA,NA,NA,3.2e+09,7.79e+10,180.79017,453.31186,355.42223,1,"None","parabolic","box sum"
"4411",4411,4412,32.42619,51.48256,124.34201,NA,NA,NA,2.68e+09,6.22e+10,198.86943,678.31409,363.92063,1,"None","parabolic","box sum"
"4412",4412,4413,172.8256,51.16537,124.36139,NA,NA,NA,5.83e+09,1.45e+11,503.87177,857.35232,427.94892,1,"None","parabolic","box sum"
"4417",4417,4418,38.51569,50.62963,124.38788,NA,NA,NA,2.57e+09,6.07e+10,293.75807,206.79295,142.39103,1,"None","parabolic","box sum"
"4421",4421,4422,161.90106,48.21082,124.27089,NA,NA,NA,2.38e+09,5.39e+10,133.95716,145.70844,128.45901,1,"None","parabolic","box sum"
"4422",4422,4423,132.39806,47.60334,124.32381,NA,NA,NA,2.25e+09,4.7e+10,107.23584,118.95925,108.32357,1,"None","parabolic","box sum"
"4423",4423,4424,173.88294,43.00776,124.25564,NA,NA,NA,2.52e+09,5.35e+10,97.82032,128.50553,123.99796,1,"None","parabolic","box sum"
"4424",4424,4425,26.95928,42.02693,124.11135,NA,NA,NA,2.68e+09,5.99e+10,122.92725,185.22078,121.57008,1,"None","parabolic","box sum"
"4425",4425,4426,42.78637,41.65483,124.10843,NA,NA,NA,2.36e+09,5.37e+10,245.50274,166.1061,153.73453,1,"None","parabolic","box sum"
"4426",4426,4427,164.2977,41.27327,124.34459,NA,NA,NA,2.58e+09,5.53e+10,97.02122,134.86582,119.1881,1,"None","parabolic","box sum"
"4427",4427,4428,184.08337,39.77774,124.13499,NA,NA,NA,2.75e+09,5.88e+10,111.09831,159.09117,104.17274,1,"None","parabolic","box sum"
"4428",4428,4429,167.19436,69.46553,123.97472,NA,NA,NA,2.34e+09,4.68e+10,90.95449,189.43796,88.23967,1,"None","parabolic","box sum"
"4429",4429,4430,144.95126,68.85875,123.98166,NA,NA,NA,2.62e+09,6.01e+10,112.77919,178.21231,127.65208,1,"None","parabolic","box sum"
"4430",4430,4431,83.65448,67.92429,124.01596,NA,NA,NA,2.26e+09,4.88e+10,96.2444,176.39965,112.24097,1,"None","parabolic","box sum"
"4431",4431,4432,129.70185,66.08035,123.91835,NA,NA,NA,2.3e+09,5.14e+10,109.92538,247.01928,118.78672,1,"None","parabolic","box sum"
"4432",4432,4433,109.01078,66.00363,123.79776,NA,NA,NA,2.46e+09,5.74e+10,108.07617,245.98016,138.44234,1,"None","parabolic","box sum"
"4437",4437,4438,171.03614,60.87871,124.02563,NA,NA,NA,2.53e+09,6.02e+10,130.88991,154.75217,180.79832,1,"None","parabolic","box sum"
"4441",4441,4442,172.2351,58.25365,123.97319,NA,NA,NA,4.93e+09,1.25e+11,204.73615,582.39484,552.90338,1,"None","parabolic","box sum"
"4442",4442,4443,171.44722,57.00668,123.85558,NA,NA,NA,2.54e+09,5.93e+10,201.18278,157.79942,214.99532,1,"None","parabolic","box sum"
"4443",4443,4444,170.99499,56.80889,123.87553,NA,NA,NA,2.46e+09,5.82e+10,203.5862,172.39797,232.76755,1,"None","parabolic","box sum"
"4444",4444,4445,56.81968,56.68185,123.91431,NA,NA,NA,3.97e+09,9.46e+10,139.78755,159.02755,237.45057,1,"None","parabolic","box sum"
"4445",4445,4446,76.75512,56.65688,123.84285,NA,NA,NA,2.34e+09,5.31e+10,96.79159,168.0381,212.02067,1,"None","parabolic","box sum"
"4446",4446,4447,38.86431,54.01598,123.96122,NA,NA,NA,2.26e+09,5e+10,95.2917,242.34992,114.71996,1,"None","parabolic","box sum"
"4447",4447,4448,50.83171,53.88222,123.92931,NA,NA,NA,2.4e+09,5.79e+10,209.74239,939.24004,272.4326,1,"None","parabolic","box sum"
"4448",4448,4449,41.89896,53.74361,123.99553,NA,NA,NA,3.01e+09,7.23e+10,156.55502,231.19563,178.0619,1,"None","parabolic","box sum"
"4449",4449,4450,130.03842,53.47442,123.98027,NA,NA,NA,2.77e+09,5.9e+10,123.5636,158.2033,97.96557,1,"None","parabolic","box sum"
"4450",4450,4451,22.80412,53.1594,123.96955,NA,NA,NA,3.24e+09,7.92e+10,383.20657,242.31321,289.91026,1,"None","parabolic","box sum"
"4451",4451,4452,177.55771,53.05343,124.00816,NA,NA,NA,2.61e+09,6e+10,131.67848,182.41781,125.83357,1,"None","parabolic","box sum"
"4452",4452,4453,19.38942,52.74986,123.96438,NA,NA,NA,3.89e+09,9.15e+10,144.20171,186.28639,263.15898,1,"None","parabolic","box sum"
"4457",4457,4458,177.21666,51.12439,123.87737,NA,NA,NA,2.77e+09,6.7e+10,294.4532,209.43445,173.11895,1,"None","parabolic","box sum"
"4461",4461,4462,41.37668,50.7136,124.04651,NA,NA,NA,4.03e+09,9.94e+10,396.98403,287.4319,156.35288,1,"None","parabolic","box sum"
"4462",4462,4463,170.72866,50.23721,124.09879,NA,NA,NA,2.26e+09,5.2e+10,598.37995,383.74376,472.25609,1,"None","parabolic","box sum"
"4463",4463,4464,49.84096,49.90353,123.96422,NA,NA,NA,4.94e+09,1.16e+11,246.64353,212.94838,140.43754,1,"None","parabolic","box sum"
"4464",4464,4465,40.94475,49.93299,123.80469,NA,NA,NA,2.62e+09,6.44e+10,253.47119,595.13503,182.38276,1,"None","parabolic","box sum"
"4465",4465,4466,174.72428,49.52796,123.92899,NA,NA,NA,2.93e+09,7.07e+10,159.11173,538.71602,151.91102,1,"None","parabolic","box sum"
"4466",4466,4467,50.91551,48.80269,123.8051,NA,NA,NA,2.26e+09,5.27e+10,118.35186,143.32062,212.12852,1,"None","parabolic","box sum"
"4467",4467,4468,31.5403,48.81052,123.81615,NA,NA,NA,2.51e+09,5.4e+10,89.16757,193.73608,116.00441,1,"None","parabolic","box sum"
"4468",4468,4469,30.20326,47.61011,123.99083,NA,NA,NA,2.61e+09,5.58e+10,110.55929,143.86386,105.83228,1,"None","parabolic","box sum"
"4469",4469,4470,84.64478,47.23096,123.89346,NA,NA,NA,2.35e+09,5.16e+10,168.20235,151.71993,94.43036,1,"None","parabolic","box sum"
"4470",4470,4471,137.62851,46.95057,123.81207,NA,NA,NA,2.71e+09,5.65e+10,106.17444,144.70667,109.00658,1,"None","parabolic","box sum"
"4471",4471,4472,167.73925,46.67538,123.86684,NA,NA,NA,2.38e+09,5.16e+10,86.25574,160.83062,133.24216,1,"None","parabolic","box sum"
"4472",4472,4473,86.40992,45.04461,123.81153,NA,NA,NA,2.34e+09,5.14e+10,83.00924,164.03162,169.21198,1,"None","parabolic","box sum"
"4477",4477,4478,173.47495,38.99946,123.79806,NA,NA,NA,2.39e+09,5.49e+10,110.20661,158.76406,191.71751,1,"None","parabolic","box sum"
"4481",4481,4482,69.81673,69.71709,123.65232,NA,NA,NA,2.32e+09,5.25e+10,175.49415,148.00004,104.58642,1,"None","parabolic","box sum"
"4482",4482,4483,69.37008,69.37258,123.5229,NA,NA,NA,2.27e+09,5.54e+10,158.66072,275.91205,345.15727,1,"None","parabolic","box sum"
"4483",4483,4484,172.66635,68.36854,123.66575,NA,NA,NA,2.88e+09,6.49e+10,115.34171,195.91528,132.68599,1,"None","parabolic","box sum"
"4484",4484,4485,50.94663,68.21433,123.45713,NA,NA,NA,2.25e+09,5.37e+10,122.72694,186.49302,175.09016,1,"None","parabolic","box sum"
"4485",4485,4486,85.952,65.46987,123.71885,NA,NA,NA,2.51e+09,5.36e+10,99.90129,126.11218,130.43377,1,"None","parabolic","box sum"
"4486",4486,4487,180.41741,64.0441,123.60348,NA,NA,NA,2.49e+09,5.15e+10,225.01456,119.49915,117.85775,1,"None","parabolic","box sum"
"4487",4487,4488,179.75559,63.90247,123.54698,NA,NA,NA,2.34e+09,5.43e+10,240.6681,187.75922,216.84617,1,"None","parabolic","box sum"
"4488",4488,4489,52.4993,62.00873,123.57741,NA,NA,NA,2.38e+09,5.06e+10,107.05141,156.09857,111.12633,1,"None","parabolic","box sum"
"4489",4489,4490,131.42536,61.60908,123.54002,NA,NA,NA,2.55e+09,5.55e+10,131.72871,173.08161,106.46042,1,"None","parabolic","box sum"
"4490",4490,4491,64.4129,61.18141,123.74759,NA,NA,NA,2.38e+09,5.52e+10,135.15842,187.73711,121.27593,1,"None","parabolic","box sum"
"4491",4491,4492,37.53181,60.97688,123.50523,NA,NA,NA,2.28e+09,5.19e+10,99.60327,158.71817,187.92403,1,"None","parabolic","box sum"
"4492",4492,4493,172.13,59.71101,123.74564,NA,NA,NA,4.55e+09,1.14e+11,316.93732,599.1365,718.25179,1,"None","parabolic","box sum"
"4497",4497,4498,25.359,58.3617,123.62826,NA,NA,NA,2.5e+09,6.24e+10,335.61568,332.57791,578.04999,1,"None","parabolic","box sum"
"4501",4501,4502,115.57677,53.507,123.56317,NA,NA,NA,2.43e+09,5.06e+10,102.29281,164.07543,100.46229,1,"None","parabolic","box sum"
"4502",4502,4503,32.26268,53.28438,123.46432,NA,NA,NA,2.65e+09,6.74e+10,721.83668,336.40164,246.78469,1,"None","parabolic","box sum"
"4503",4503,4504,22.95168,53.13541,123.56593,NA,NA,NA,3.31e+09,8.01e+10,191.41641,234.31402,469.32817,1,"None","parabolic","box sum"
"4504",4504,4505,170.45607,52.96183,123.5305,NA,NA,NA,2.69e+09,6.63e+10,791.95672,204.48399,508.90872,1,"None","parabolic","box sum"
"4505",4505,4506,42.76092,52.92984,123.57519,NA,NA,NA,2.33e+09,5.42e+10,190.49791,334.55372,257.80129,1,"None","parabolic","box sum"
"4506",4506,4507,171.8817,52.81963,123.50966,NA,NA,NA,1.03e+10,2.59e+11,406.602,314.01211,720.39595,1,"None","parabolic","box sum"
"4507",4507,4508,59.09242,52.74027,123.57806,NA,NA,NA,3.37e+09,7.75e+10,133.45578,163.02902,140.1048,1,"None","parabolic","box sum"
"4508",4508,4509,52.74894,52.7697,123.46875,NA,NA,NA,1.79e+10,4.5e+11,192.00268,189.85122,835.78619,1,"None","parabolic","box sum"
"4509",4509,4510,33.83985,52.71363,123.56806,NA,NA,NA,4.41e+09,1.1e+11,604.74531,221.60888,816.53759,1,"None","parabolic","box sum"
"4510",4510,4511,30.88754,52.69621,123.56308,NA,NA,NA,4.13e+09,1.01e+11,174.51214,272.08233,249.96775,1,"None","parabolic","box sum"
"4511",4511,4512,24.90171,52.10374,123.48909,NA,NA,NA,2.57e+09,5.79e+10,111.85642,488.67857,139.07653,1,"None","parabolic","box sum"
"4512",4512,4513,23.84914,51.7226,123.43349,NA,NA,NA,2.3e+09,5.52e+10,270.06523,283.25874,181.46569,1,"None","parabolic","box sum"
"4517",4517,4518,19.6232,44.989,123.4977,NA,NA,NA,2.33e+09,5.41e+10,117.66055,154.07896,144.81953,1,"None","parabolic","box sum"
"4521",4521,4522,109.57578,39.87359,123.63815,NA,NA,NA,2.28e+09,4.86e+10,85.07097,160.11548,131.98316,1,"None","parabolic","box sum"
"4522",4522,4523,103.09176,39.09176,123.48023,NA,NA,NA,2.29e+09,5.17e+10,121.20873,197.54666,119.78391,1,"None","parabolic","box sum"
"4523",4523,4524,42.41483,69.60681,123.19219,NA,NA,NA,2.46e+09,5.38e+10,103.90995,154.4456,116.74583,1,"None","parabolic","box sum"
"4524",4524,4525,169.82048,68.77127,123.13249,NA,NA,NA,2.36e+09,5.3e+10,105.38083,156.8886,159.60875,1,"None","parabolic","box sum"
"4525",4525,4526,186.46407,65.63659,123.41095,NA,NA,NA,2.42e+09,5.59e+10,131.27641,166.73717,139.02041,1,"None","parabolic","box sum"
"4526",4526,4527,178.35321,63.08613,123.1051,NA,NA,NA,2.26e+09,4.91e+10,119.07219,176.3258,105.55482,1,"None","parabolic","box sum"
"4527",4527,4528,170.96229,63.04326,123.33405,NA,NA,NA,2.55e+09,5.77e+10,127.36096,194.12223,121.1808,1,"None","parabolic","box sum"
"4528",4528,4529,110.5167,62.77362,123.26189,NA,NA,NA,3.1e+09,6.78e+10,105.44037,161.37761,111.16242,1,"None","parabolic","box sum"
"4529",4529,4530,170.73302,62.56882,123.14023,NA,NA,NA,2.38e+09,5.62e+10,216.53769,294.82985,153.07656,1,"None","parabolic","box sum"
"4530",4530,4531,93.18877,62.44775,123.14865,NA,NA,NA,2.93e+09,6.19e+10,86.41819,154.40607,104.90435,1,"None","parabolic","box sum"
"4531",4531,4532,86.95202,62.41675,123.31901,NA,NA,NA,2.81e+09,6.16e+10,159.14929,174.54609,101.55857,1,"None","parabolic","box sum"
"4532",4532,4533,53.23501,61.50323,123.33164,NA,NA,NA,3.6e+09,8.33e+10,117.6068,187.31508,148.84436,1,"None","parabolic","box sum"
"4537",4537,4538,169.98602,58.77077,123.21133,NA,NA,NA,2.42e+09,5.63e+10,168.95016,361.49004,135.24154,1,"None","parabolic","box sum"
"4541",4541,4542,58.5817,58.62936,123.38626,NA,NA,NA,8.04e+09,1.97e+11,167.76753,221.08003,575.35216,1,"None","parabolic","box sum"
"4542",4542,4543,41.15014,58.50505,123.11312,NA,NA,NA,2.34e+09,5.59e+10,243.0184,255.24303,172.23024,1,"None","parabolic","box sum"
"4543",4543,4544,40.48349,58.49709,123.20409,NA,NA,NA,2.4e+09,5.57e+10,241.06903,467.05821,172.95414,1,"None","parabolic","box sum"
"4544",4544,4545,15.97097,58.46124,123.33289,NA,NA,NA,4.54e+09,1.09e+11,156.84571,175.32673,172.97083,1,"None","parabolic","box sum"
"4545",4545,4546,57.70136,57.80655,123.09863,NA,NA,NA,5.74e+09,1.41e+11,174.79306,200.33377,568.57297,1,"None","parabolic","box sum"
"4546",4546,4547,40.53261,57.66509,123.10711,NA,NA,NA,3.21e+09,7.1e+10,148.15663,340.54518,106.30083,1,"None","parabolic","box sum"
"4547",4547,4548,27.45526,57.36674,123.2747,NA,NA,NA,2.63e+09,6.17e+10,115.77958,183.55915,153.85678,1,"None","parabolic","box sum"
"4548",4548,4549,56.05145,56.04106,123.29094,NA,NA,NA,2.61e+09,6.09e+10,167.79685,136.56646,517.22792,1,"None","parabolic","box sum"
"4549",4549,4550,171.86969,55.49305,123.3867,NA,NA,NA,2.65e+09,6.21e+10,359.27585,165.66133,143.45393,1,"None","parabolic","box sum"
"4550",4550,4551,62.91673,55.00568,123.16305,NA,NA,NA,2.35e+09,5.32e+10,107.58638,164.38335,151.0292,1,"None","parabolic","box sum"
"4551",4551,4552,54.96028,54.84095,123.15443,NA,NA,NA,3.6e+09,8.77e+10,145.54282,161.71473,1211.17967,1,"None","parabolic","box sum"
"4552",4552,4553,161.95897,54.48653,123.34623,NA,NA,NA,2.32e+09,5.12e+10,112.54041,148.66745,112.00857,1,"None","parabolic","box sum"
"4557",4557,4558,24.66595,53.43326,123.15958,NA,NA,NA,2.42e+09,6e+10,325.26059,418.329,160.40191,1,"None","parabolic","box sum"
"4561",4561,4562,33.09705,52.76962,123.18905,NA,NA,NA,6.66e+09,1.62e+11,485.34303,213.63556,559.51923,1,"None","parabolic","box sum"
"4562",4562,4563,128.93699,52.40839,123.29901,NA,NA,NA,2.28e+09,5.18e+10,112.30223,216.86161,120.21303,1,"None","parabolic","box sum"
"4563",4563,4564,52.03432,52.09074,123.39533,NA,NA,NA,8.43e+09,2.15e+11,249.9169,292.75829,1127.01365,1,"None","parabolic","box sum"
"4564",4564,4565,108.39072,51.62266,123.28653,NA,NA,NA,2.55e+09,5.87e+10,127.43424,189.72397,162.25004,1,"None","parabolic","box sum"
"4565",4565,4566,40.91127,50.36826,123.38234,NA,NA,NA,2.86e+09,7.17e+10,352.00696,532.17465,168.61701,1,"None","parabolic","box sum"
"4566",4566,4567,142.28358,50.14953,123.26647,NA,NA,NA,3.32e+09,7.01e+10,100.89124,167.3432,95.21601,1,"None","parabolic","box sum"
"4567",4567,4568,119.4299,49.38539,123.1638,NA,NA,NA,2.49e+09,5.51e+10,122.28479,145.04087,126.61567,1,"None","parabolic","box sum"
"4568",4568,4569,49.57324,49.40015,123.31828,NA,NA,NA,2.43e+09,5.95e+10,118.17354,273.2631,275.69181,1,"None","parabolic","box sum"
"4569",4569,4570,19.60803,46.90386,123.1768,NA,NA,NA,2.36e+09,5.21e+10,122.42159,213.36895,118.2197,1,"None","parabolic","box sum"
"4570",4570,4571,133.8183,46.80362,123.12803,NA,NA,NA,2.33e+09,5.25e+10,111.54618,320.90604,106.41557,1,"None","parabolic","box sum"
"4571",4571,4572,115.31703,46.68813,123.2327,NA,NA,NA,2.49e+09,5.33e+10,89.11872,167.29313,111.12967,1,"None","parabolic","box sum"
"4572",4572,4573,127.95237,45.19376,123.3411,NA,NA,NA,2.36e+09,5.45e+10,165.45785,131.51628,137.0225,1,"None","parabolic","box sum"
"4577",4577,4578,60.95762,41.76643,123.39241,NA,NA,NA,2.32e+09,5.06e+10,121.64233,130.22661,116.00503,1,"None","parabolic","box sum"
"4581",4581,4582,46.94225,72.80027,122.87925,NA,NA,NA,2.33e+09,5.39e+10,138.08002,211.36634,129.24486,1,"None","parabolic","box sum"
"4582",4582,4583,106.34717,72.6497,123.05226,NA,NA,NA,2.35e+09,5.2e+10,137.58047,167.06049,103.99833,1,"None","parabolic","box sum"
"4583",4583,4584,25.86693,70.96783,122.78065,NA,NA,NA,2.54e+09,5.7e+10,106.23062,186.00794,130.62215,1,"None","parabolic","box sum"
"4584",4584,4585,157.38951,70.7316,122.81663,NA,NA,NA,2.6e+09,5.73e+10,98.69332,145.63261,123.79101,1,"None","parabolic","box sum"
"4585",4585,4586,186.60143,68.85204,122.98925,NA,NA,NA,2.36e+09,5.09e+10,89.47323,152.05528,124.4978,1,"None","parabolic","box sum"
"4586",4586,4587,40.55388,68.09875,122.90196,NA,NA,NA,2.51e+09,5.42e+10,94.02877,143.50118,124.8464,1,"None","parabolic","box sum"
"4587",4587,4588,97.49783,67.98554,122.81868,NA,NA,NA,2.39e+09,5.12e+10,101.46714,161.65861,105.4697,1,"None","parabolic","box sum"
"4588",4588,4589,169.45856,67.52655,122.90509,NA,NA,NA,2.62e+09,5.85e+10,112.9395,175.50625,115.00305,1,"None","parabolic","box sum"
"4589",4589,4590,84.9284,64.65416,122.89291,NA,NA,NA,2.31e+09,5.25e+10,107.32256,233.68536,113.21104,1,"None","parabolic","box sum"
"4590",4590,4591,18.40425,64.56069,122.89227,NA,NA,NA,2.35e+09,4.8e+10,76.72632,146.30999,109.13551,1,"None","parabolic","box sum"
"4591",4591,4592,124.64544,63.94777,123.05925,NA,NA,NA,2.65e+09,6.24e+10,130.24348,184.03438,179.49739,1,"None","parabolic","box sum"
"4592",4592,4593,179.69413,63.71241,123.08127,NA,NA,NA,2.29e+09,5.32e+10,88.22694,176.42823,268.88654,1,"None","parabolic","box sum"
"4597",4597,4598,31.50196,59.88952,122.75669,NA,NA,NA,2.37e+09,5.53e+10,159.20303,207.33348,142.17803,1,"None","parabolic","box sum"
"4601",4601,4602,172.38507,57.70641,122.95672,NA,NA,NA,5.13e+09,1.27e+11,225.52449,213.68396,396.02834,1,"None","parabolic","box sum"
"4602",4602,4603,25.33372,57.63461,122.9251,NA,NA,NA,3.78e+09,9.07e+10,145.92634,234.21931,212.37364,1,"None","parabolic","box sum"
"4603",4603,4604,31.73322,56.79919,122.80405,NA,NA,NA,2.99e+09,7.13e+10,139.3625,179.9019,184.93706,1,"None","parabolic","box sum"
"4604",4604,4605,75.11781,56.71168,122.87078,NA,NA,NA,2.32e+09,5.28e+10,89.97614,150.70772,184.77684,1,"None","parabolic","box sum"
"4605",4605,4606,155.63144,55.92512,122.95883,NA,NA,NA,2.3e+09,5.26e+10,92.40491,256.49995,138.57085,1,"None","parabolic","box sum"
"4606",4606,4607,25.03558,55.53461,122.93117,NA,NA,NA,2.35e+09,5.32e+10,168.21212,136.39539,131.85841,1,"None","parabolic","box sum"
"4607",4607,4608,171.14632,54.42128,122.88848,NA,NA,NA,3.52e+09,8.44e+10,173.11485,954.72896,144.72774,1,"None","parabolic","box sum"
"4608",4608,4609,28.53334,54.28137,122.96619,NA,NA,NA,2.42e+09,5.58e+10,104.1811,377.14314,379.50489,1,"None","parabolic","box sum"
"4609",4609,4610,171.3723,54.17514,122.93581,NA,NA,NA,3.08e+09,7.76e+10,272.25002,913.56981,1437.19703,1,"None","parabolic","box sum"
"4610",4610,4611,24.46853,53.50693,122.82855,NA,NA,NA,2.57e+09,6.39e+10,320.81467,260.27924,627.74906,1,"None","parabolic","box sum"
"4611",4611,4612,126.76122,53.35008,122.80601,NA,NA,NA,2.49e+09,5.58e+10,197.22664,143.10116,125.64519,1,"None","parabolic","box sum"
"4612",4612,4613,172.7771,52.89756,122.87035,NA,NA,NA,1.16e+10,2.94e+11,358.05139,261.14833,839.00368,1,"None","parabolic","box sum"
"4617",4617,4618,153.43159,52.37306,122.90335,NA,NA,NA,2.43e+09,5.31e+10,128.42419,116.65821,132.17551,1,"None","parabolic","box sum"
"4621",4621,4622,172.15569,51.43065,123.08161,NA,NA,NA,4.89e+09,1.23e+11,422.53495,709.22559,800.2747,1,"None","parabolic","box sum"
"4622",4622,4623,23.90819,51.2936,122.82647,NA,NA,NA,2.43e+09,5.79e+10,264.46385,285.80594,174.42697,1,"None","parabolic","box sum"
"4623",4623,4624,39.92173,50.034,122.80579,NA,NA,NA,2.25e+09,5.42e+10,460.0306,424.81863,160.95558,1,"None","parabolic","box sum"
"4624",4624,4625,87.20719,47.73159,123.03651,NA,NA,NA,3.03e+09,6.68e+10,123.03718,148.29987,116.07867,1,"None","parabolic","box sum"
"4625",4625,4626,171.83278,47.57106,122.9745,NA,NA,NA,2.49e+09,5.6e+10,131.03678,170.67689,121.20646,1,"None","parabolic","box sum"
"4626",4626,4627,25.81941,46.41397,122.84527,NA,NA,NA,2.28e+09,5.37e+10,117.32099,180.38547,139.94688,1,"None","parabolic","box sum"
"4627",4627,4628,17.02655,46.37982,122.88415,NA,NA,NA,2.73e+09,6.08e+10,119.84686,151.84051,131.67754,1,"None","parabolic","box sum"
"4628",4628,4629,170.08906,45.69336,122.96747,NA,NA,NA,2.4e+09,5.2e+10,111.38068,210.27601,100.66235,1,"None","parabolic","box sum"
"4629",4629,4630,105.84232,45.40984,122.78164,NA,NA,NA,2.47e+09,5.41e+10,156.62098,154.62178,99.4553,1,"None","parabolic","box sum"
"4630",4630,4631,128.07057,45.21779,123.00753,NA,NA,NA,2.28e+09,5.24e+10,187.38821,197.52371,130.26896,1,"None","parabolic","box sum"
"4631",4631,4632,123.19816,43.79073,122.82779,NA,NA,NA,2.34e+09,5.64e+10,142.07402,212.97091,167.74061,1,"None","parabolic","box sum"
"4632",4632,4633,90.4475,43.8212,122.85014,NA,NA,NA,2.29e+09,5.21e+10,118.7818,157.98634,195.21183,1,"None","parabolic","box sum"
"4637",4637,4638,41.01971,40.95196,123.00444,NA,NA,NA,5.03e+09,1.16e+11,106.78514,151.85511,392.20628,1,"None","parabolic","box sum"
"4641",4641,4642,41.26008,39.77586,122.87916,NA,NA,NA,2.47e+09,5.8e+10,185.5219,404.30456,137.301,1,"None","parabolic","box sum"
"4642",4642,4643,171.88451,39.27257,122.83428,NA,NA,NA,2.3e+09,5.44e+10,95.97936,300.31103,231.43804,1,"None","parabolic","box sum"
"4643",4643,4644,33.53893,39.24499,123.03168,NA,NA,NA,2.34e+09,4.63e+10,83.10695,154.96224,88.43097,1,"None","parabolic","box sum"
"4644",4644,4645,122.92752,73.41367,122.61434,NA,NA,NA,2.69e+09,5.75e+10,97.4255,150.28434,114.38659,1,"None","parabolic","box sum"
"4645",4645,4646,78.06214,73.43708,122.60492,NA,NA,NA,2.43e+09,4.97e+10,117.2526,113.56146,107.15657,1,"None","parabolic","box sum"
"4646",4646,4647,147.04439,72.7665,122.53863,NA,NA,NA,2.72e+09,5.78e+10,98.27988,203.04389,103.98874,1,"None","parabolic","box sum"
"4647",4647,4648,40.3968,72.22985,122.62239,NA,NA,NA,2.66e+09,5.67e+10,177.86368,175.4975,92.63834,1,"None","parabolic","box sum"
"4648",4648,4649,87.56678,71.9573,122.61213,NA,NA,NA,2.58e+09,5.35e+10,80.10962,141.60525,119.95497,1,"None","parabolic","box sum"
"4649",4649,4650,131.69801,71.69377,122.4521,NA,NA,NA,2.41e+09,5.37e+10,88.03166,187.49589,147.43599,1,"None","parabolic","box sum"
"4650",4650,4651,185.68893,70.12145,122.59776,NA,NA,NA,2.58e+09,5.86e+10,184.57233,168.36604,138.33845,1,"None","parabolic","box sum"
"4651",4651,4652,136.22482,69.95551,122.64701,NA,NA,NA,2.25e+09,4.89e+10,111.48267,169.6953,103.09523,1,"None","parabolic","box sum"
"4652",4652,4653,92.67571,69.22899,122.73992,NA,NA,NA,2.55e+09,5.85e+10,145.63809,140.0141,151.71763,1,"None","parabolic","box sum"
"4657",4657,4658,129.29297,61.91274,122.55858,NA,NA,NA,2.81e+09,6.35e+10,174.48649,143.44683,215.77117,1,"None","parabolic","box sum"
"4661",4661,4662,33.11954,60.10234,122.6355,NA,NA,NA,2.26e+09,5.25e+10,133.21638,553.67109,161.29062,1,"None","parabolic","box sum"
"4662",4662,4663,151.33318,59.61337,122.50813,NA,NA,NA,2.39e+09,5.39e+10,142.01539,172.74114,107.49057,1,"None","parabolic","box sum"
"4663",4663,4664,171.92026,59.1128,122.5211,NA,NA,NA,3.99e+09,9.76e+10,419.15959,714.56033,1006.89512,1,"None","parabolic","box sum"
"4664",4664,4665,65.33826,59.20714,122.53088,NA,NA,NA,2.46e+09,5.25e+10,88.79626,163.16023,115.20791,1,"None","parabolic","box sum"
"4665",4665,4666,33.18242,59.11464,122.69327,NA,NA,NA,3.58e+09,8.27e+10,118.21506,345.62936,660.16114,1,"None","parabolic","box sum"
"4666",4666,4667,80.02474,58.49735,122.65437,NA,NA,NA,2.27e+09,5.05e+10,106.16955,142.43317,143.81963,1,"None","parabolic","box sum"
"4667",4667,4668,58.03651,58.20817,122.58391,NA,NA,NA,4.75e+09,1.18e+11,261.51538,160.00178,614.65609,1,"None","parabolic","box sum"
"4668",4668,4669,174.6104,57.71358,122.42684,NA,NA,NA,2.32e+09,5.25e+10,103.25161,360.753,110.67531,1,"None","parabolic","box sum"
"4669",4669,4670,171.99285,57.13467,122.69799,NA,NA,NA,2.8e+09,6.68e+10,279.38089,767.67987,121.35249,1,"None","parabolic","box sum"
"4670",4670,4671,53.60928,56.39546,122.41443,NA,NA,NA,2.44e+09,5.57e+10,127.20217,149.85219,149.34567,1,"None","parabolic","box sum"
"4671",4671,4672,29.23171,54.47764,122.45213,NA,NA,NA,2.61e+09,5.97e+10,242.98175,144.06997,251.58495,1,"None","parabolic","box sum"
"4672",4672,4673,42.16239,53.20213,122.74709,NA,NA,NA,2.46e+09,6.19e+10,242.7448,267.51864,576.77367,1,"None","parabolic","box sum"
"4677",4677,4678,24.79893,52.67177,122.68891,NA,NA,NA,2.4e+09,5.66e+10,121.65943,290.62247,166.44135,1,"None","parabolic","box sum"
"4681",4681,4682,100.50692,48.12121,122.64289,NA,NA,NA,2.26e+09,5.14e+10,130.61234,183.74419,113.27758,1,"None","parabolic","box sum"
"4682",4682,4683,128.3821,44.88511,122.5079,NA,NA,NA,2.5e+09,5.65e+10,142.49785,159.94191,132.09873,1,"None","parabolic","box sum"
"4683",4683,4684,143.45737,43.86295,122.5675,NA,NA,NA,2.34e+09,5.01e+10,126.28001,179.74877,90.27785,1,"None","parabolic","box sum"
"4684",4684,4685,41.45254,40.09433,122.67481,NA,NA,NA,2.34e+09,5.52e+10,165.54213,230.9891,128.7058,1,"None","parabolic","box sum"
"4685",4685,4686,115.68233,40.05075,122.48017,NA,NA,NA,2.58e+09,5.54e+10,117.04007,140.80346,112.29938,1,"None","parabolic","box sum"
"4686",4686,4687,23.99149,39.50111,122.60925,NA,NA,NA,2.64e+09,5.83e+10,143.89392,136.00487,114.57017,1,"None","parabolic","box sum"
"4687",4687,4688,40.7203,39.32971,122.43022,NA,NA,NA,2.74e+09,6.3e+10,123.23749,155.23887,199.21809,1,"None","parabolic","box sum"
"4688",4688,4689,21.76859,39.18657,122.59927,NA,NA,NA,2.56e+09,5.31e+10,129.71583,115.25881,103.3437,1,"None","parabolic","box sum"
"4689",4689,4690,80.8556,39.02464,122.53353,NA,NA,NA,2.34e+09,4.75e+10,117.2013,126.64759,89.17052,1,"None","parabolic","box sum"
"4690",4690,4691,28.30271,39.12339,122.57454,NA,NA,NA,2.68e+09,5.78e+10,95.24529,128.03406,145.99758,1,"None","parabolic","box sum"
"4691",4691,4692,29.54922,73.36511,122.14472,NA,NA,NA,2.47e+09,5.87e+10,159.81129,165.82395,171.63819,1,"None","parabolic","box sum"
"4692",4692,4693,101.78757,72.77274,122.26381,NA,NA,NA,2.45e+09,5.52e+10,119.80411,177.91663,138.47864,1,"None","parabolic","box sum"
"4697",4697,4698,147.48341,67.11836,122.09215,NA,NA,NA,2.26e+09,5.06e+10,98.51133,167.36594,132.80886,1,"None","parabolic","box sum"
"4701",4701,4702,172.74777,64.97944,122.2039,NA,NA,NA,2.39e+09,5.19e+10,120.84597,139.20911,120.91148,1,"None","parabolic","box sum"
"4702",4702,4703,56.07208,64.42686,122.23842,NA,NA,NA,2.57e+09,5.47e+10,124.60302,156.43194,90.96003,1,"None","parabolic","box sum"
"4703",4703,4704,171.7543,64.17352,122.39785,NA,NA,NA,2.32e+09,5.13e+10,186.34513,142.10001,126.23703,1,"None","parabolic","box sum"
"4704",4704,4705,112.48606,63.95935,122.19332,NA,NA,NA,2.41e+09,5.37e+10,94.60283,161.35383,149.38906,1,"None","parabolic","box sum"
"4705",4705,4706,174.5716,61.63673,122.2958,NA,NA,NA,2.74e+09,6.36e+10,156.06127,149.79941,153.64629,1,"None","parabolic","box sum"
"4706",4706,4707,78.82673,61.36037,122.24408,NA,NA,NA,2.5e+09,5.26e+10,105.7787,135.48979,94.85739,1,"None","parabolic","box sum"
"4707",4707,4708,75.28736,61.21841,122.12744,NA,NA,NA,2.29e+09,5.22e+10,111.21885,143.92582,139.75245,1,"None","parabolic","box sum"
"4708",4708,4709,190.2722,60.80046,122.35309,NA,NA,NA,2.66e+09,4.07e+10,30.86657,139.10615,142.81368,1,"None","parabolic","box sum"
"4709",4709,4710,136.37953,59.71803,122.07786,NA,NA,NA,2.26e+09,5.01e+10,93.37287,144.01719,221.29741,1,"None","parabolic","box sum"
"4710",4710,4711,117.02924,59.14367,122.24144,NA,NA,NA,2.43e+09,5.35e+10,107.90273,138.66138,113.3604,1,"None","parabolic","box sum"
"4711",4711,4712,51.92069,58.87598,122.20813,NA,NA,NA,2.29e+09,4.92e+10,123.35963,153.19902,109.88778,1,"None","parabolic","box sum"
"4712",4712,4713,16.76817,57.41636,122.11845,NA,NA,NA,2.7e+09,5.89e+10,124.63722,166.86735,107.61219,1,"None","parabolic","box sum"
"4717",4717,4718,54.1874,54.1429,122.13042,NA,NA,NA,6.98e+09,1.73e+11,256.2218,186.38361,1241.28133,1,"None","parabolic","box sum"
"4721",4721,4722,25.68196,52.99195,122.36998,NA,NA,NA,4.88e+09,1.13e+11,109.17666,292.64438,157.38323,1,"None","parabolic","box sum"
"4722",4722,4723,174.05448,52.97272,122.09237,NA,NA,NA,3.7e+09,8.65e+10,124.6931,230.28398,138.64365,1,"None","parabolic","box sum"
"4723",4723,4724,59.54571,52.7945,122.23498,NA,NA,NA,2.35e+09,5.54e+10,196.05043,190.62018,159.44374,1,"None","parabolic","box sum"
"4724",4724,4725,42.43628,52.85162,122.18982,NA,NA,NA,3.28e+09,7.59e+10,109.51376,271.6313,159.75165,1,"None","parabolic","box sum"
"4725",4725,4726,32.20286,52.78278,122.30668,NA,NA,NA,5.87e+09,1.42e+11,413.44615,181.06931,181.46569,1,"None","parabolic","box sum"
"4726",4726,4727,117.96242,51.43763,122.3057,NA,NA,NA,2.32e+09,5.1e+10,187.53966,127.64519,131.58554,1,"None","parabolic","box sum"
"4727",4727,4728,173.70228,51.13209,122.15045,NA,NA,NA,3.08e+09,7.44e+10,319.95328,168.66207,670.18995,1,"None","parabolic","box sum"
"4728",4728,4729,172.12946,50.92295,122.1767,NA,NA,NA,4.16e+09,1.03e+11,154.4026,962.46654,760.36599,1,"None","parabolic","box sum"
"4729",4729,4730,37.25098,50.91995,122.11526,NA,NA,NA,2.25e+09,4.91e+10,119.02852,147.00562,217.55213,1,"None","parabolic","box sum"
"4730",4730,4731,171.6011,50.17219,122.2428,NA,NA,NA,2.29e+09,5.43e+10,442.86892,1080.81621,689.30274,1,"None","parabolic","box sum"
"4731",4731,4732,85.08213,49.42066,122.18162,NA,NA,NA,2.77e+09,5.95e+10,146.42712,130.46736,110.04341,1,"None","parabolic","box sum"
"4732",4732,4733,49.56144,49.25622,122.35644,NA,NA,NA,2.63e+09,6.23e+10,125.8342,170.32349,214.09848,1,"None","parabolic","box sum"
"4737",4737,4738,132.32666,42.07075,122.21866,NA,NA,NA,2.27e+09,4.67e+10,129.57415,121.44929,114.15815,1,"None","parabolic","box sum"
"4741",4741,4742,34.1422,73.14268,121.88022,NA,NA,NA,2.79e+09,6.1e+10,94.57352,150.28085,134.92799,1,"None","parabolic","box sum"
"4742",4742,4743,47.60036,71.80299,121.9683,NA,NA,NA,2.33e+09,5.33e+10,133.62433,143.49294,162.4862,1,"None","parabolic","box sum"
"4743",4743,4744,94.93059,71.57484,121.74893,NA,NA,NA,2.41e+09,5.37e+10,123.20573,150.66871,205.08689,1,"None","parabolic","box sum"
"4744",4744,4745,35.89133,71.17381,121.83901,NA,NA,NA,2.45e+09,5.33e+10,126.27879,155.21295,153.14394,1,"None","parabolic","box sum"
"4745",4745,4746,185.16169,70.52939,121.87846,NA,NA,NA,2.28e+09,5.09e+10,315.72179,187.52448,105.29697,1,"None","parabolic","box sum"
"4746",4746,4747,106.78504,68.31501,121.79524,NA,NA,NA,2.79e+09,6.15e+10,122.96512,153.69104,108.33985,1,"None","parabolic","box sum"
"4747",4747,4748,43.99606,68.26743,121.7542,NA,NA,NA,2.44e+09,5.47e+10,208.27671,117.74041,126.86956,1,"None","parabolic","box sum"
"4748",4748,4749,56.87875,67.2695,121.74436,NA,NA,NA,2.26e+09,4.89e+10,95.98058,210.5785,116.15211,1,"None","parabolic","box sum"
"4749",4749,4750,142.13934,66.90294,121.75374,NA,NA,NA,2.27e+09,4.75e+10,107.29019,129.86977,104.45917,1,"None","parabolic","box sum"
"4750",4750,4751,164.48923,66.0583,121.99093,NA,NA,NA,2.61e+09,5.76e+10,129.71827,184.96877,119.4883,1,"None","parabolic","box sum"
"4751",4751,4752,167.50463,65.61102,121.94568,NA,NA,NA,2.3e+09,5.11e+10,91.03968,129.63967,186.46872,1,"None","parabolic","box sum"
"4752",4752,4753,159.89875,64.53322,121.88093,NA,NA,NA,2.34e+09,5.19e+10,87.22248,195.61373,125.17434,1,"None","parabolic","box sum"
"4757",4757,4758,173.60032,59.05482,121.8813,NA,NA,NA,3.11e+09,7.56e+10,289.34849,327.04729,724.18338,1,"None","parabolic","box sum"
"4761",4761,4762,92.68646,57.01519,122.00426,NA,NA,NA,2.81e+09,5.86e+10,92.89897,177.52847,110.88413,1,"None","parabolic","box sum"
"4762",4762,4763,172.90697,55.63538,121.83219,NA,NA,NA,2.41e+09,5.75e+10,175.99645,1009.24081,166.81957,1,"None","parabolic","box sum"
"4763",4763,4764,16.11485,54.66923,121.94701,NA,NA,NA,2.55e+09,5.91e+10,178.05422,166.36354,140.84435,1,"None","parabolic","box sum"
"4764",4764,4765,43.03526,54.4952,121.82169,NA,NA,NA,2.35e+09,5.46e+10,162.50571,374.81624,141.42138,1,"None","parabolic","box sum"
"4765",4765,4766,34.44575,53.64884,121.94322,NA,NA,NA,3.18e+09,7.85e+10,253.30264,265.61064,641.48602,1,"None","parabolic","box sum"
"4766",4766,4767,170.93719,53.4425,121.90143,NA,NA,NA,3.33e+09,8.32e+10,730.79692,303.4119,293.75526,1,"None","parabolic","box sum"
"4767",4767,4768,42.77134,53.46172,121.9079,NA,NA,NA,2.92e+09,7.06e+10,246.50918,332.09622,139.07987,1,"None","parabolic","box sum"
"4768",4768,4769,43.62086,52.83287,121.93558,NA,NA,NA,2.38e+09,5.69e+10,149.61987,245.10866,161.23617,1,"None","parabolic","box sum"
"4769",4769,4770,40.5931,52.79161,121.78851,NA,NA,NA,2.51e+09,5.65e+10,152.55369,112.64235,230.0595,1,"None","parabolic","box sum"
"4770",4770,4771,174.55193,52.19241,121.74741,NA,NA,NA,2.31e+09,5.64e+10,772.31802,176.72718,199.77635,1,"None","parabolic","box sum"
"4771",4771,4772,145.92489,52.2526,121.87256,NA,NA,NA,2.3e+09,5.03e+10,102.42472,179.87812,120.63736,1,"None","parabolic","box sum"
"4772",4772,4773,34.28197,52.05335,121.85567,NA,NA,NA,2.96e+09,7.12e+10,151.75978,223.8031,263.88747,1,"None","parabolic","box sum"
"4777",4777,4778,172.56828,50.39059,121.86082,NA,NA,NA,2.53e+09,6.12e+10,460.08373,201.80243,602.15017,1,"None","parabolic","box sum"
"4781",4781,4782,20.99374,47.62272,121.91712,NA,NA,NA,2.57e+09,5.57e+10,147.10133,155.60436,89.82265,1,"None","parabolic","box sum"
"4782",4782,4783,167.50031,46.26325,121.8413,NA,NA,NA,2.45e+09,5.52e+10,114.99574,130.57667,160.44968,1,"None","parabolic","box sum"
"4783",4783,4784,124.27346,46.01279,121.73899,NA,NA,NA,2.27e+09,5.2e+10,120.8814,151.25513,163.26058,1,"None","parabolic","box sum"
"4784",4784,4785,82.26559,45.32049,121.93657,NA,NA,NA,2.26e+09,4.85e+10,132.31743,113.1497,114.37136,1,"None","parabolic","box sum"
"4785",4785,4786,173.51093,45.04435,121.84422,NA,NA,NA,2.43e+09,5.51e+10,140.43947,145.30247,133.92246,1,"None","parabolic","box sum"
"4786",4786,4787,171.08541,44.09054,121.85732,NA,NA,NA,2.33e+09,5.06e+10,91.37984,152.85939,124.50343,1,"None","parabolic","box sum"
"4787",4787,4788,127.04186,42.22871,121.88093,NA,NA,NA,2.79e+09,6.3e+10,98.89485,156.60697,163.11392,1,"None","parabolic","box sum"
"4788",4788,4789,154.04344,41.54234,121.90629,NA,NA,NA,2.28e+09,5.3e+10,137.20794,164.85441,192.04128,1,"None","parabolic","box sum"
"4789",4789,4790,32.03701,41.51046,121.85257,NA,NA,NA,2.67e+09,5.95e+10,137.91391,158.10984,131.15245,1,"None","parabolic","box sum"
"4790",4790,4791,141.53584,41.11748,121.86571,NA,NA,NA,2.32e+09,5.06e+10,90.73769,150.8767,146.98809,1,"None","parabolic","box sum"
"4791",4791,4792,55.44404,41.12072,121.85739,NA,NA,NA,3e+09,6.82e+10,167.86036,151.66777,148.80931,1,"None","parabolic","box sum"
"4792",4792,4793,110.62959,40.2325,122.04752,NA,NA,NA,2.39e+09,5.45e+10,130.62822,142.65555,140.6424,1,"None","parabolic","box sum"
"4797",4797,4798,35.98644,60.63824,121.50357,NA,NA,NA,2.81e+09,6.03e+10,96.97969,140.8529,124.72874,1,"None","parabolic","box sum"
"4801",4801,4802,25.3979,59.29262,121.57867,NA,NA,NA,2.64e+09,6.56e+10,119.3925,299.80201,327.38379,1,"None","parabolic","box sum"
"4802",4802,4803,169.25123,59.08417,121.54088,NA,NA,NA,2.44e+09,5.44e+10,110.96357,161.45584,118.40183,1,"None","parabolic","box sum"
"4803",4803,4804,33.75028,58.13955,121.41381,NA,NA,NA,2.69e+09,6.47e+10,212.43682,206.99322,152.00073,1,"None","parabolic","box sum"
"4804",4804,4805,115.91233,57.97847,121.54302,NA,NA,NA,2.66e+09,6.18e+10,165.66061,224.56393,120.86391,1,"None","parabolic","box sum"
"4805",4805,4806,152.88289,57.33086,121.51584,NA,NA,NA,2.61e+09,6.13e+10,159.25616,176.3548,139.50711,1,"None","parabolic","box sum"
"4806",4806,4807,50.75713,56.83412,121.62709,NA,NA,NA,2.4e+09,5.59e+10,119.27036,167.52553,208.57036,1,"None","parabolic","box sum"
"4807",4807,4808,64.84876,55.32313,121.49325,NA,NA,NA,2.39e+09,5.65e+10,120.98521,199.45884,232.64885,1,"None","parabolic","box sum"
"4808",4808,4809,43.64411,55.23967,121.41712,NA,NA,NA,2.27e+09,5.15e+10,99.29548,183.85518,148.74297,1,"None","parabolic","box sum"
"4809",4809,4810,26.77099,54.43266,121.701,NA,NA,NA,2.61e+09,5.81e+10,95.94394,193.73816,132.7396,1,"None","parabolic","box sum"
"4810",4810,4811,169.87403,54.34342,121.67881,NA,NA,NA,3.17e+09,7.71e+10,120.2255,392.0058,188.70467,1,"None","parabolic","box sum"
"4811",4811,4812,61.26418,54.11004,121.42385,NA,NA,NA,2.59e+09,6.05e+10,123.51108,165.97885,144.50097,1,"None","parabolic","box sum"
"4812",4812,4813,136.08215,53.72137,121.59242,NA,NA,NA,2.3e+09,5.06e+10,157.81307,128.49844,115.08775,1,"None","parabolic","box sum"
"4817",4817,4818,43.49123,53.05947,121.53338,NA,NA,NA,2.63e+09,6.22e+10,381.58698,227.41467,154.05935,1,"None","parabolic","box sum"
"4821",4821,4822,23.41892,51.93805,121.4967,NA,NA,NA,2.35e+09,5.62e+10,385.67869,162.21249,185.45151,1,"None","parabolic","box sum"
"4822",4822,4823,15.64919,51.54069,121.56684,NA,NA,NA,3.07e+09,6.99e+10,118.92348,152.97329,214.89164,1,"None","parabolic","box sum"
"4823",4823,4824,77.52088,51.23303,121.54471,NA,NA,NA,2.26e+09,5.04e+10,200.18611,179.54266,110.67218,1,"None","parabolic","box sum"
"4824",4824,4825,41.9256,50.69446,121.47911,NA,NA,NA,2.58e+09,6.03e+10,153.38669,227.89907,140.80054,1,"None","parabolic","box sum"
"4825",4825,4826,50.53659,50.66982,121.65912,NA,NA,NA,4.72e+09,1.14e+11,196.17989,171.3624,1029.35037,1,"None","parabolic","box sum"
"4826",4826,4827,17.60714,50.65443,121.55445,NA,NA,NA,2.35e+09,5.11e+10,134.28633,143.30769,110.5203,1,"None","parabolic","box sum"
"4827",4827,4828,32.83162,50.35879,121.46773,NA,NA,NA,2.44e+09,5.11e+10,81.33591,152.14801,121.38379,1,"None","parabolic","box sum"
"4828",4828,4829,21.16778,47.75563,121.68306,NA,NA,NA,2.41e+09,5.11e+10,126.58659,140.28901,97.25022,1,"None","parabolic","box sum"
"4829",4829,4830,189.81667,46.15575,121.66729,NA,NA,NA,2.66e+09,6.23e+10,123.34059,197.73233,137.5916,1,"None","parabolic","box sum"
"4830",4830,4831,85.59487,45.70285,121.52557,NA,NA,NA,2.42e+09,5.39e+10,103.83667,220.76064,114.0238,1,"None","parabolic","box sum"
"4831",4831,4832,62.63859,45.70953,121.59926,NA,NA,NA,2.49e+09,5.81e+10,117.36497,155.34317,195.73587,1,"None","parabolic","box sum"
"4832",4832,4833,129.48695,43.55008,121.54446,NA,NA,NA,2.68e+09,5.86e+10,106.21963,131.46579,137.33041,1,"None","parabolic","box sum"
"4837",4837,4838,22.87447,40.11326,121.55278,NA,NA,NA,2.77e+09,6.36e+10,134.50619,249.13204,123.98189,1,"None","parabolic","box sum"
"4841",4841,4842,142.75188,71.28204,121.2879,NA,NA,NA,2.31e+09,5.14e+10,110.60998,167.68064,132.11793,1,"None","parabolic","box sum"
"4842",4842,4843,170.76969,71.14938,121.13369,NA,NA,NA,2.52e+09,5.73e+10,109.44292,181.14567,238.72542,1,"None","parabolic","box sum"
"4843",4843,4844,160.2645,71.14646,121.24878,NA,NA,NA,2.33e+09,4.87e+10,135.74164,125.04552,118.78985,1,"None","parabolic","box sum"
"4844",4844,4845,72.33846,70.88272,121.22917,NA,NA,NA,2.32e+09,5.22e+10,134.23503,124.43772,150.35766,1,"None","parabolic","box sum"
"4845",4845,4846,125.7989,69.78458,121.354,NA,NA,NA,2.54e+09,5.88e+10,119.21662,148.57441,148.61488,1,"None","parabolic","box sum"
"4846",4846,4847,144.06218,68.28848,121.32059,NA,NA,NA,2.59e+09,5.34e+10,108.32045,131.67545,98.40304,1,"None","parabolic","box sum"
"4847",4847,4848,116.37601,67.85199,121.28769,NA,NA,NA,2.92e+09,6.26e+10,104.3179,130.25446,129.65751,1,"None","parabolic","box sum"
"4848",4848,4849,165.20151,67.5739,121.18006,NA,NA,NA,2.84e+09,5.77e+10,95.53996,140.78552,95.12025,1,"None","parabolic","box sum"
"4849",4849,4850,59.52824,67.3839,121.10911,NA,NA,NA,2.72e+09,6.24e+10,118.32988,147.9495,155.1041,1,"None","parabolic","box sum"
"4850",4850,4851,31.89563,66.58239,121.15341,NA,NA,NA,2.36e+09,5.34e+10,131.64565,147.53905,302.23948,1,"None","parabolic","box sum"
"4851",4851,4852,41.06216,65.67562,121.08895,NA,NA,NA,2.58e+09,5.56e+10,118.92104,121.16171,175.60399,1,"None","parabolic","box sum"
"4852",4852,4853,105.54361,65.35997,121.22289,NA,NA,NA,2.37e+09,5.06e+10,107.84166,123.05647,125.0546,1,"None","parabolic","box sum"
"4857",4857,4858,60.18086,60.0914,121.15118,NA,NA,NA,3.02e+09,6.71e+10,117.17443,114.07971,1024.31646,1,"None","parabolic","box sum"
"4861",4861,4862,115.68962,57.69745,121.16832,NA,NA,NA,2.51e+09,5.98e+10,184.9173,239.24738,124.16381,1,"None","parabolic","box sum"
"4862",4862,4863,171.01062,57.40535,121.32906,NA,NA,NA,2.87e+09,6.91e+10,133.90495,321.43927,166.24045,1,"None","parabolic","box sum"
"4863",4863,4864,158.56694,56.96114,121.13246,NA,NA,NA,2.5e+09,5.4e+10,92.53377,161.70681,115.84502,1,"None","parabolic","box sum"
"4864",4864,4865,162.38392,56.71031,121.20093,NA,NA,NA,2.25e+09,5.01e+10,136.31204,151.04756,143.31186,1,"None","parabolic","box sum"
"4865",4865,4866,27.86457,55.96593,121.20684,NA,NA,NA,2.42e+09,5.67e+10,110.5886,147.49858,273.98783,1,"None","parabolic","box sum"
"4866",4866,4867,171.389,55.17742,121.10315,NA,NA,NA,3.29e+09,7.82e+10,232.58942,234.50887,166.57466,1,"None","parabolic","box sum"
"4867",4867,4868,113.45825,54.84437,121.16793,NA,NA,NA,2.42e+09,5.16e+10,104.26904,146.62635,108.20007,1,"None","parabolic","box sum"
"4868",4868,4869,29.30378,54.56297,121.27317,NA,NA,NA,2.3e+09,5.56e+10,102.89863,259.368,238.93258,1,"None","parabolic","box sum"
"4869",4869,4870,166.14168,54.16793,121.31573,NA,NA,NA,2.3e+09,5.27e+10,96.7693,193.18616,182.24925,1,"None","parabolic","box sum"
"4870",4870,4871,159.7063,54.08611,121.14157,NA,NA,NA,2.33e+09,5.43e+10,84.00224,295.56334,177.04093,1,"None","parabolic","box sum"
"4871",4871,4872,42.54507,54.10983,121.31343,NA,NA,NA,4.11e+09,9.09e+10,142.44289,313.53396,110.21531,1,"None","parabolic","box sum"
"4872",4872,4873,23.75347,54.09831,121.19239,NA,NA,NA,2.45e+09,6e+10,277.07854,613.01929,155.9369,1,"None","parabolic","box sum"
"4877",4877,4878,53.01752,53.06707,121.3076,NA,NA,NA,1.83e+10,4.45e+11,161.60676,189.27252,994.67584,1,"None","parabolic","box sum"
"4881",4881,4882,169.68911,51.6173,121.1899,NA,NA,NA,2.44e+09,5.41e+10,113.94258,221.31222,222.99951,1,"None","parabolic","box sum"
"4882",4882,4883,167.79436,51.11251,121.18394,NA,NA,NA,2.31e+09,5.14e+10,77.25489,185.33093,156.43215,1,"None","parabolic","box sum"
"4883",4883,4884,41.78723,50.48066,121.08248,NA,NA,NA,2.66e+09,6.39e+10,227.39172,196.2741,161.2491,1,"None","parabolic","box sum"
"4884",4884,4885,27.72258,49.98052,121.26024,NA,NA,NA,2.54e+09,5.25e+10,100.53642,160.36373,96.34066,1,"None","parabolic","box sum"
"4885",4885,4886,157.36607,49.064,121.09293,NA,NA,NA,2.5e+09,5.62e+10,113.91571,129.1827,144.19806,1,"None","parabolic","box sum"
"4886",4886,4887,45.84367,49.18536,121.34619,NA,NA,NA,2.51e+09,5.44e+10,134.56481,142.63928,128.78674,1,"None","parabolic","box sum"
"4887",4887,4888,187.5879,49.0372,121.34845,NA,NA,NA,2.63e+09,5.54e+10,92.08853,173.57665,112.64277,1,"None","parabolic","box sum"
"4888",4888,4889,94.07411,48.38035,121.143,NA,NA,NA,2.32e+09,5.61e+10,198.69355,136.03866,288.82504,1,"None","parabolic","box sum"
"4889",4889,4890,86.74048,45.86672,121.39617,NA,NA,NA,3.2e+09,6.88e+10,91.06808,275.30587,104.39491,1,"None","parabolic","box sum"
"4890",4890,4891,183.01626,44.72857,121.15866,NA,NA,NA,2.26e+09,4.92e+10,109.30765,104.27475,162.7357,1,"None","parabolic","box sum"
"4891",4891,4892,16.82707,44.55507,121.1135,NA,NA,NA,2.36e+09,5.28e+10,152.98118,138.96763,148.10878,1,"None","parabolic","box sum"
"4892",4892,4893,181.01426,43.96376,121.15462,NA,NA,NA,2.6e+09,5.67e+10,86.40399,146.2692,139.90766,1,"None","parabolic","box sum"
"4897",4897,4898,29.91377,41.37147,121.15808,NA,NA,NA,2.93e+09,6.98e+10,119.31189,171.8781,179.89397,1,"None","parabolic","box sum"
"4901",4901,4902,164.23486,73.07788,120.92307,NA,NA,NA,2.26e+09,4.92e+10,126.42231,130.90463,113.81102,1,"None","parabolic","box sum"
"4902",4902,4903,149.1705,72.83985,120.8236,NA,NA,NA,2.63e+09,6.13e+10,124.71356,138.32353,188.00497,1,"None","parabolic","box sum"
"4903",4903,4904,42.75425,69.9178,120.9001,NA,NA,NA,2.56e+09,5.34e+10,118.31522,126.08104,107.05143,1,"None","parabolic","box sum"
"4904",4904,4905,90.97922,69.48606,120.91131,NA,NA,NA,2.49e+09,5.22e+10,107.29935,142.76648,101.46511,1,"None","parabolic","box sum"
"4905",4905,4906,17.29932,68.67474,120.90606,NA,NA,NA,2.42e+09,5.41e+10,98.10827,148.89579,187.8773,1,"None","parabolic","box sum"
"4906",4906,4907,18.4924,68.38701,120.94978,NA,NA,NA,2.28e+09,5.03e+10,90.33768,237.97764,115.14199,1,"None","parabolic","box sum"
"4907",4907,4908,186.42489,67.91989,120.87453,NA,NA,NA,2.41e+09,5.21e+10,96.72831,223.2486,105.21978,1,"None","parabolic","box sum"
"4908",4908,4909,54.22877,67.25241,120.8949,NA,NA,NA,2.26e+09,4.84e+10,105.0141,189.91777,92.31645,1,"None","parabolic","box sum"
"4909",4909,4910,123.84429,64.9062,120.87409,NA,NA,NA,2.71e+09,5.74e+10,94.93139,156.34568,110.24368,1,"None","parabolic","box sum"
"4910",4910,4911,172.85212,63.22271,120.97229,NA,NA,NA,2.76e+09,6.69e+10,171.61374,174.23087,308.96506,1,"None","parabolic","box sum"
"4911",4911,4912,180.70625,62.84375,120.92087,NA,NA,NA,2.3e+09,5.07e+10,122.25868,149.23489,118.00963,1,"None","parabolic","box sum"
"4912",4912,4913,53.10726,62.88881,121.05457,NA,NA,NA,3e+09,6.72e+10,101.73096,170.22857,134.58711,1,"None","parabolic","box sum"
"4917",4917,4918,139.95819,60.64365,120.89823,NA,NA,NA,2.49e+09,5.18e+10,81.62661,265.74039,100.33691,1,"None","parabolic","box sum"
"4921",4921,4922,25.37783,56.81813,120.88158,NA,NA,NA,2.51e+09,5.78e+10,136.46288,168.34164,197.42358,1,"None","parabolic","box sum"
"4922",4922,4923,28.24044,53.33951,120.779,NA,NA,NA,4.24e+09,1.05e+11,184.19789,233.32936,739.76305,1,"None","parabolic","box sum"
"4923",4923,4924,171.21354,53.04818,120.8928,NA,NA,NA,3.84e+09,9.8e+10,578.72873,433.42447,1119.81535,1,"None","parabolic","box sum"
"4924",4924,4925,55.87282,53.11818,120.80971,NA,NA,NA,2.64e+09,5.64e+10,109.07406,163.03277,96.97652,1,"None","parabolic","box sum"
"4925",4925,4926,38.76376,52.89643,121.04494,NA,NA,NA,2.38e+09,5.59e+10,258.39102,212.30376,180.16475,1,"None","parabolic","box sum"
"4926",4926,4927,106.00375,52.80144,120.85627,NA,NA,NA,2.5e+09,5.56e+10,123.68208,152.20141,121.06878,1,"None","parabolic","box sum"
"4927",4927,4928,39.43695,52.73102,121.04885,NA,NA,NA,2.46e+09,5.87e+10,304.56996,135.14078,275.49154,1,"None","parabolic","box sum"
"4928",4928,4929,24.2359,52.75574,120.92185,NA,NA,NA,2.62e+09,6.49e+10,284.01858,354.14112,169.44855,1,"None","parabolic","box sum"
"4929",4929,4930,22.5092,52.08662,120.79902,NA,NA,NA,2.33e+09,5.3e+10,556.44112,143.54634,153.35673,1,"None","parabolic","box sum"
"4930",4930,4931,169.48933,51.9664,120.87454,NA,NA,NA,2.38e+09,5.71e+10,137.17069,191.86395,296.37861,1,"None","parabolic","box sum"
"4931",4931,4932,24.18044,51.96146,120.82046,NA,NA,NA,2.55e+09,6.15e+10,572.6101,427.14846,199.1021,1,"None","parabolic","box sum"
"4932",4932,4933,42.9341,51.84422,120.89837,NA,NA,NA,2.27e+09,5.41e+10,399.60273,205.31762,323.4157,1,"None","parabolic","box sum"
"4937",4937,4938,162.83558,48.47495,120.79599,NA,NA,NA,2.34e+09,5.01e+10,194.77528,320.45919,97.37623,1,"None","parabolic","box sum"
"4941",4941,4942,24.05314,40.48468,120.87426,NA,NA,NA,3.46e+09,8.06e+10,220.13168,212.2128,135.50001,1,"None","parabolic","box sum"
"4942",4942,4943,53.22459,40.33053,120.97327,NA,NA,NA,2.4e+09,5.39e+10,100.3239,176.74804,123.35896,1,"None","parabolic","box sum"
"4943",4943,4944,28.1397,40.34287,120.73647,NA,NA,NA,6.64e+09,1.58e+11,250.01461,226.53222,175.0474,1,"None","parabolic","box sum"
"4944",4944,4945,95.97236,39.95544,120.90104,NA,NA,NA,2.27e+09,4.81e+10,85.86977,167.71871,126.31506,1,"None","parabolic","box sum"
"4945",4945,4946,78.3514,73.20629,120.43581,NA,NA,NA,2.29e+09,4.96e+10,93.74785,212.41277,111.52959,1,"None","parabolic","box sum"
"4946",4946,4947,94.59162,71.6762,120.45796,NA,NA,NA,2.66e+09,6.26e+10,133.69884,159.23856,187.98202,1,"None","parabolic","box sum"
"4947",4947,4948,53.68104,69.10066,120.44107,NA,NA,NA,2.31e+09,5.33e+10,135.44667,145.36396,157.40472,1,"None","parabolic","box sum"
"4948",4948,4949,27.29642,67.27464,120.45493,NA,NA,NA,2.95e+09,6.42e+10,100.54131,212.93201,107.24586,1,"None","parabolic","box sum"
"4949",4949,4950,107.70328,67.16895,120.42462,NA,NA,NA,2.25e+09,5.08e+10,107.11614,212.96851,116.04947,1,"None","parabolic","box sum"
"4950",4950,4951,151.35447,66.77242,120.68647,NA,NA,NA,2.65e+09,5.75e+10,89.3459,171.59376,120.66281,1,"None","parabolic","box sum"
"4951",4951,4952,109.29894,65.96556,120.66125,NA,NA,NA,2.69e+09,6e+10,114.10137,137.94228,152.22478,1,"None","parabolic","box sum"
"4952",4952,4953,65.00645,65.38398,120.67683,NA,NA,NA,2.26e+09,5.13e+10,182.73465,133.64406,135.24091,1,"None","parabolic","box sum"
"4957",4957,4958,111.58668,61.84745,120.48292,NA,NA,NA,2.34e+09,5.31e+10,99.46281,230.3282,166.90886,1,"None","parabolic","box sum"
"4961",4961,4962,120.45313,59.73092,120.42672,NA,NA,NA,2.3e+09,5.17e+10,99.70465,190.10761,150.86877,1,"None","parabolic","box sum"
"4962",4962,4963,171.04722,58.68669,120.43952,NA,NA,NA,2.44e+09,5.6e+10,131.79558,443.75139,264.2926,1,"None","parabolic","box sum"
"4963",4963,4964,172.7894,58.33295,120.62245,NA,NA,NA,3.72e+09,9.13e+10,251.51725,361.95067,240.1728,1,"None","parabolic","box sum"
"4964",4964,4965,136.10932,58.39806,120.46182,NA,NA,NA,2.56e+09,5.62e+10,112.23506,194.17521,108.84011,1,"None","parabolic","box sum"
"4965",4965,4966,175.26493,57.96486,120.44723,NA,NA,NA,2.44e+09,5.24e+10,116.15211,120.68471,115.30304,1,"None","parabolic","box sum"
"4966",4966,4967,159.93691,57.78994,120.47409,NA,NA,NA,2.5e+09,5.38e+10,79.00486,139.00101,149.7702,1,"None","parabolic","box sum"
"4967",4967,4968,52.83269,57.86633,120.49596,NA,NA,NA,2.56e+09,6.06e+10,104.41805,165.63442,227.03874,1,"None","parabolic","box sum"
"4968",4968,4969,65.31916,55.6861,120.61783,NA,NA,NA,2.29e+09,4.45e+10,241.47454,128.41499,75.14274,1,"None","parabolic","box sum"
"4969",4969,4970,170.76731,55.10591,120.60228,NA,NA,NA,4.56e+09,1.05e+11,217.02503,170.65394,207.33327,1,"None","parabolic","box sum"
"4970",4970,4971,129.56857,55.01116,120.53348,NA,NA,NA,2.27e+09,5.28e+10,142.83862,173.88332,139.34314,1,"None","parabolic","box sum"
"4971",4971,4972,62.98754,54.73385,120.41448,NA,NA,NA,5.27e+09,1.25e+11,252.18627,227.30201,124.56936,1,"None","parabolic","box sum"
"4972",4972,4973,57.25802,54.62694,120.43495,NA,NA,NA,2.6e+09,5.9e+10,108.00166,325.3721,119.67981,1,"None","parabolic","box sum"
"4977",4977,4978,50.88856,52.49361,120.54806,NA,NA,NA,2.8e+09,6.35e+10,116.20463,455.51193,395.17927,1,"None","parabolic","box sum"
"4981",4981,4982,18.2955,52.06225,120.59182,NA,NA,NA,2.6e+09,6.06e+10,152.30941,231.30912,139.32979,1,"None","parabolic","box sum"
"4982",4982,4983,171.29139,51.96719,120.61678,NA,NA,NA,2.94e+09,7.12e+10,170.60517,806.84841,1061.27492,1,"None","parabolic","box sum"
"4983",4983,4984,25.89511,51.59637,120.43384,NA,NA,NA,2.49e+09,5.75e+10,161.67516,328.16046,130.19782,1,"None","parabolic","box sum"
"4984",4984,4985,75.41836,50.72234,120.65244,NA,NA,NA,2.8e+09,5.86e+10,99.11226,182.863,91.87961,1,"None","parabolic","box sum"
"4985",4985,4986,41.59588,50.24218,120.54894,NA,NA,NA,2.98e+09,6.73e+10,196.25562,178.62058,103.17409,1,"None","parabolic","box sum"
"4986",4986,4987,41.14165,49.99568,120.47042,NA,NA,NA,2.46e+09,5.59e+10,211.86764,160.19183,134.95678,1,"None","parabolic","box sum"
"4987",4987,4988,158.54675,49.79483,120.67655,NA,NA,NA,2.28e+09,4.86e+10,96.38364,155.9273,113.31409,1,"None","parabolic","box sum"
"4988",4988,4989,173.34333,49.40597,120.53308,NA,NA,NA,2.9e+09,6.62e+10,110.80174,168.91408,153,1,"None","parabolic","box sum"
"4989",4989,4990,128.85383,49.31053,120.51389,NA,NA,NA,2.48e+09,5.65e+10,123.79689,197.44319,126.95926,1,"None","parabolic","box sum"
"4990",4990,4991,189.65426,48.00205,120.43475,NA,NA,NA,2.33e+09,5.24e+10,129.15039,122.21783,151.38698,1,"None","parabolic","box sum"
"4991",4991,4992,173.73371,48.0395,120.55884,NA,NA,NA,2.49e+09,5.31e+10,102.28639,182.31809,98.11389,1,"None","parabolic","box sum"
"4992",4992,4993,119.97431,47.73007,120.66207,NA,NA,NA,2.56e+09,5.9e+10,228.37739,157.59331,185.99391,1,"None","parabolic","box sum"
"4997",4997,4998,118.80801,45.9723,120.49938,NA,NA,NA,2.55e+09,5.12e+10,109.09604,195.87189,78.11594,1,"None","parabolic","box sum"
"5001",5001,5002,40.21347,41.69591,120.55362,NA,NA,NA,2.7e+09,5.94e+10,173.13928,146.95764,135.56594,1,"None","parabolic","box sum"
"5002",5002,5003,173.87432,40.37286,120.56269,NA,NA,NA,2.6e+09,5.57e+10,139.87152,183.97784,84.98567,1,"None","parabolic","box sum"
"5003",5003,5004,40.3821,40.38287,120.61347,NA,NA,NA,6.32e+10,1.42e+12,129.19307,145.68174,139.51212,1,"None","parabolic","box sum"
"5004",5004,5005,51.10477,39.41613,120.62612,NA,NA,NA,2.96e+09,6.58e+10,274.21801,131.30558,116.56433,1,"None","parabolic","box sum"
"5005",5005,5006,51.76412,39.1533,120.48648,NA,NA,NA,3.23e+09,7.86e+10,254.95398,202.45498,176.64748,1,"None","parabolic","box sum"
"5006",5006,5007,174.76189,39.1067,120.52787,NA,NA,NA,2.35e+09,4.95e+10,120.86643,131.11949,106.44019,1,"None","parabolic","box sum"
"5007",5007,5008,120.96371,73.07096,120.34296,NA,NA,NA,2.42e+09,5.42e+10,173.81105,144.00679,123.50124,1,"None","parabolic","box sum"
"5008",5008,5009,92.6109,72.46257,120.3492,NA,NA,NA,2.73e+09,6.46e+10,131.4771,212.22043,165.85535,1,"None","parabolic","box sum"
"5009",5009,5010,146.22843,71.26921,120.07333,NA,NA,NA,2.64e+09,5.85e+10,117.52375,149.66023,111.46075,1,"None","parabolic","box sum"
"5010",5010,5011,65.18389,70.1973,120.18632,NA,NA,NA,2.69e+09,5.99e+10,147.20882,145.76153,130.38224,1,"None","parabolic","box sum"
"5011",5011,5012,119.05764,65.84685,120.36902,NA,NA,NA,2.44e+09,5.59e+10,113.09249,216.98709,195.93072,1,"None","parabolic","box sum"
"5012",5012,5013,53.38649,64.41587,120.27106,NA,NA,NA,2.25e+09,5e+10,121.76203,166.54962,108.82425,1,"None","parabolic","box sum"
"5017",5017,5018,51.53453,58.83493,120.24481,NA,NA,NA,2.45e+09,5.94e+10,138.13865,252.71794,283.3401,1,"None","parabolic","box sum"
"5021",5021,5022,169.60019,57.43027,120.30059,NA,NA,NA,2.62e+09,6.08e+10,115.89164,131.52233,201.20329,1,"None","parabolic","box sum"
"5022",5022,5023,174.50254,56.73308,120.28175,NA,NA,NA,2.66e+09,6.03e+10,123.03962,163.70723,128.11583,1,"None","parabolic","box sum"
"5023",5023,5024,26.35228,55.76343,120.36218,NA,NA,NA,2.36e+09,5.07e+10,95.60194,140.65868,117.42049,1,"None","parabolic","box sum"
"5024",5024,5025,174.48905,55.12488,120.31724,NA,NA,NA,3.25e+09,7.67e+10,142.16593,206.99698,150.78866,1,"None","parabolic","box sum"
"5025",5025,5026,53.28479,55.12152,120.29197,NA,NA,NA,2.36e+09,5.4e+10,693.42187,220.86078,108.42746,1,"None","parabolic","box sum"
"5026",5026,5027,172.74185,54.66184,120.18012,NA,NA,NA,6.06e+09,1.48e+11,352.52727,798.63268,192.76935,1,"None","parabolic","box sum"
"5027",5027,5028,54.6965,54.7044,120.15476,NA,NA,NA,1.5e+10,3.59e+11,193.50501,178.19417,179.3716,1,"None","parabolic","box sum"
"5028",5028,5029,40.55165,53.4484,120.21301,NA,NA,NA,2.52e+09,5.88e+10,128.0425,275.9071,247.89286,1,"None","parabolic","box sum"
"5029",5029,5030,33.60538,53.17687,120.17125,NA,NA,NA,2.69e+09,6.8e+10,383.59253,307.77699,1045.98001,1,"None","parabolic","box sum"
"5030",5030,5031,171.41073,53.0118,120.31564,NA,NA,NA,4.15e+09,1.01e+11,515.73255,542.97972,1161.77851,1,"None","parabolic","box sum"
"5031",5031,5032,32.70669,53.02634,120.10312,NA,NA,NA,2.8e+09,6.57e+10,392.23276,184.55321,885.35216,1,"None","parabolic","box sum"
"5032",5032,5033,60.25167,52.78961,120.23873,NA,NA,NA,2.25e+09,4.97e+10,95.96348,144.67996,202.66402,1,"None","parabolic","box sum"
"5037",5037,5038,55.05984,49.18496,120.21476,NA,NA,NA,2.74e+09,5.97e+10,265.61686,163.04779,121.66166,1,"None","parabolic","box sum"
"5041",5041,5042,54.62118,44.20938,120.21516,NA,NA,NA,2.63e+09,5.91e+10,107.75494,179.62068,122.19697,1,"None","parabolic","box sum"
"5042",5042,5043,43.19064,43.30863,120.28184,NA,NA,NA,2.25e+09,4.94e+10,85.2493,160.59279,188.03835,1,"None","parabolic","box sum"
"5043",5043,5044,147.46676,42.21103,120.20392,NA,NA,NA,2.68e+09,5.88e+10,163.71918,157.21905,100.18921,1,"None","parabolic","box sum"
"5044",5044,5045,90.74717,39.22616,120.14737,NA,NA,NA,2.25e+09,4.77e+10,119.51342,124.14837,101.5327,1,"None","parabolic","box sum"
"5045",5045,5046,38.77472,72.96357,119.9071,NA,NA,NA,2.39e+09,5.13e+10,106.17444,185.78924,94.05714,1,"None","parabolic","box sum"
"5046",5046,5047,136.45631,72.61667,119.96742,NA,NA,NA,2.26e+09,4.92e+10,91.03632,140.27199,156.48264,1,"None","parabolic","box sum"
"5047",5047,5048,27.74729,72.63599,119.92175,NA,NA,NA,2.31e+09,5.19e+10,99.08051,237.93592,128.51053,1,"None","parabolic","box sum"
"5048",5048,5049,170.65074,72.22792,119.88404,NA,NA,NA,2.42e+09,5.44e+10,127.82509,143.74283,126.64634,1,"None","parabolic","box sum"
"5049",5049,5050,26.75752,71.46111,119.74435,NA,NA,NA,2.33e+09,5.27e+10,159.82839,115.06944,129.21774,1,"None","parabolic","box sum"
"5050",5050,5051,107.47738,69.49626,119.96451,NA,NA,NA,2.33e+09,5.08e+10,130.17264,122.13027,118.82365,1,"None","parabolic","box sum"
"5051",5051,5052,171.59151,68.90598,120.01344,NA,NA,NA,2.31e+09,4.71e+10,85.18853,151.46677,105.86441,1,"None","parabolic","box sum"
"5052",5052,5053,40.46767,68.80026,119.75783,NA,NA,NA,2.31e+09,5.15e+10,91.87421,156.13957,162.21833,1,"None","parabolic","box sum"
"5057",5057,5058,172.79449,63.70775,119.72253,NA,NA,NA,2.8e+09,6.78e+10,158.83142,241.59557,346.05139,1,"None","parabolic","box sum"
"5061",5061,5062,25.15397,61.72104,119.72452,NA,NA,NA,2.65e+09,6.06e+10,290.34302,239.85508,128.69412,1,"None","parabolic","box sum"
"5062",5062,5063,104.05944,60.34963,119.9764,NA,NA,NA,2.5e+09,5.35e+10,131.36595,158.14427,96.6711,1,"None","parabolic","box sum"
"5063",5063,5064,120.42623,59.97613,119.95633,NA,NA,NA,2.47e+09,5.71e+10,122.80023,168.67521,152.14384,1,"None","parabolic","box sum"
"5064",5064,5065,49.66364,59.6677,119.91329,NA,NA,NA,2.37e+09,5.44e+10,116.08737,221.14491,156.77595,1,"None","parabolic","box sum"
"5065",5065,5066,25.46614,59.21816,119.93817,NA,NA,NA,4.98e+09,1.13e+11,126.87484,167.36218,200.20777,1,"None","parabolic","box sum"
"5066",5066,5067,172.20513,59.01849,119.79378,NA,NA,NA,6.96e+09,1.69e+11,192.71171,215.22042,187.11126,1,"None","parabolic","box sum"
"5067",5067,5068,51.64285,58.98643,119.86661,NA,NA,NA,2.68e+09,6.57e+10,170.3105,223.75116,208.43017,1,"None","parabolic","box sum"
"5068",5068,5069,39.87944,58.98086,119.78084,NA,NA,NA,3.22e+09,7.34e+10,116.17776,154.85793,162.05645,1,"None","parabolic","box sum"
"5069",5069,5070,133.07663,58.32371,120.05086,NA,NA,NA,2.56e+09,5.63e+10,126.53407,126.05846,160.21812,1,"None","parabolic","box sum"
"5070",5070,5071,57.98075,58.05643,119.7232,NA,NA,NA,5.91e+09,1.39e+11,167.13484,175.69849,185.52577,1,"None","parabolic","box sum"
"5071",5071,5072,18.48069,57.75528,119.97174,NA,NA,NA,3.54e+09,8.39e+10,129.22238,178.15787,176.61035,1,"None","parabolic","box sum"
"5072",5072,5073,116.36059,57.62866,119.79071,NA,NA,NA,2.33e+09,5.24e+10,149.67972,146.24417,109.76261,1,"None","parabolic","box sum"
"5077",5077,5078,51.63844,54.92677,119.72165,NA,NA,NA,2.65e+09,5.95e+10,886.06213,157.53531,126.62631,1,"None","parabolic","box sum"
"5081",5081,5082,171.36401,51.71481,119.79278,NA,NA,NA,2.55e+09,6.46e+10,929.53749,323.48204,1267.32373,1,"None","parabolic","box sum"
"5082",5082,5083,170.56505,51.59423,119.7871,NA,NA,NA,2.95e+09,6.85e+10,116.38937,346.99559,163.7646,1,"None","parabolic","box sum"
"5083",5083,5084,33.93339,51.60056,119.87996,NA,NA,NA,4.29e+09,1.03e+11,242.44678,218.68408,203.73046,1,"None","parabolic","box sum"
"5084",5084,5085,53.27067,51.28013,119.8393,NA,NA,NA,2.4e+09,5.65e+10,156.8848,188.11721,151.57598,1,"None","parabolic","box sum"
"5085",5085,5086,54.10858,49.40734,119.95562,NA,NA,NA,2.46e+09,5.49e+10,139.72648,138.06266,118.46399,1,"None","parabolic","box sum"
"5086",5086,5087,93.72324,48.78524,119.87219,NA,NA,NA,2.64e+09,6.28e+10,151.27366,161.06009,177.81699,1,"None","parabolic","box sum"
"5087",5087,5088,62.75807,48.17691,119.91418,NA,NA,NA,2.63e+09,6.11e+10,128.91947,209.2275,143.56428,1,"None","parabolic","box sum"
"5088",5088,5089,121.54457,47.48265,119.94323,NA,NA,NA,2.51e+09,5.36e+10,77.82681,170.70109,119.00556,1,"None","parabolic","box sum"
"5089",5089,5090,38.44595,46.80353,119.82907,NA,NA,NA,2.58e+09,5.57e+10,153.38669,129.50313,115.49497,1,"None","parabolic","box sum"
"5090",5090,5091,157.60778,46.25685,120.00482,NA,NA,NA,2.43e+09,5.4e+10,108.64351,176.11343,105.78972,1,"None","parabolic","box sum"
"5091",5091,5092,17.57991,45.30111,119.90884,NA,NA,NA,2.64e+09,5.88e+10,128.92924,134.77528,250.68164,1,"None","parabolic","box sum"
"5092",5092,5093,61.24326,41.09363,119.79251,NA,NA,NA,2.35e+09,4.86e+10,104.5573,112.12331,116.52219,1,"None","parabolic","box sum"
"5097",5097,5098,110.88929,73.14235,119.49808,NA,NA,NA,2.89e+09,5.72e+10,86.60384,151.81477,88.55551,1,"None","parabolic","box sum"
"5101",5101,5102,128.63256,68.97264,119.3842,NA,NA,NA,2.89e+09,6.4e+10,95.13414,138.05624,158.50455,1,"None","parabolic","box sum"
"5102",5102,5103,19.80843,67.96208,119.58517,NA,NA,NA,3.64e+09,8.04e+10,102.15112,178.38724,132.85601,1,"None","parabolic","box sum"
"5103",5103,5104,123.46846,67.44437,119.51983,NA,NA,NA,2.42e+09,5.41e+10,350.94311,171.57519,116.56684,1,"None","parabolic","box sum"
"5104",5104,5105,90.86808,67.14421,119.50022,NA,NA,NA,2.37e+09,5.4e+10,141.29843,159.29927,116.49173,1,"None","parabolic","box sum"
"5105",5105,5106,74.32858,67.13163,119.50873,NA,NA,NA,2.4e+09,5.37e+10,204.50256,134.06776,120.45252,1,"None","parabolic","box sum"
"5106",5106,5107,100.43978,66.93067,119.49984,NA,NA,NA,2.44e+09,5.28e+10,114.59848,193.30654,97.36788,1,"None","parabolic","box sum"
"5107",5107,5108,143.40777,64.85319,119.54221,NA,NA,NA,2.42e+09,5.33e+10,96.07951,139.47436,170.14492,1,"None","parabolic","box sum"
"5108",5108,5109,169.95325,64.71159,119.55467,NA,NA,NA,2.37e+09,5.6e+10,241.60034,228.5535,116.10579,1,"None","parabolic","box sum"
"5109",5109,5110,109.88645,63.4102,119.58479,NA,NA,NA,2.46e+09,5.45e+10,118.30178,149.76728,126.87373,1,"None","parabolic","box sum"
"5110",5110,5111,153.33698,62.66377,119.61216,NA,NA,NA,2.35e+09,5.21e+10,142.27067,152.91572,119.75074,1,"None","parabolic","box sum"
"5111",5111,5112,61.80578,61.97254,119.60029,NA,NA,NA,3.34e+09,7.58e+10,135.66897,186.4078,125.03332,1,"None","parabolic","box sum"
"5112",5112,5113,25.83604,61.80506,119.53709,NA,NA,NA,5.01e+09,1.17e+11,227.8583,227.49832,123.13116,1,"None","parabolic","box sum"
"5117",5117,5118,154.51457,60.65503,119.52479,NA,NA,NA,2.78e+09,6.26e+10,104.49378,153.08678,138.76444,1,"None","parabolic","box sum"
"5121",5121,5122,24.57755,59.57854,119.52861,NA,NA,NA,2.32e+09,5.24e+10,286.04611,256.46719,173.43229,1,"None","parabolic","box sum"
"5122",5122,5123,103.35646,59.38337,119.47965,NA,NA,NA,2.47e+09,5.39e+10,87.70066,135.29202,319.40317,1,"None","parabolic","box sum"
"5123",5123,5124,59.94096,58.56033,119.49658,NA,NA,NA,2.33e+09,5.24e+10,110.47623,180.36148,116.6845,1,"None","parabolic","box sum"
"5124",5124,5125,18.98823,58.40318,119.54242,NA,NA,NA,2.85e+09,6.79e+10,246.0255,229.41196,175.88019,1,"None","parabolic","box sum"
"5125",5125,5126,165.27403,57.78287,119.60126,NA,NA,NA,3.06e+09,6.96e+10,119.75037,220.56454,125.11176,1,"None","parabolic","box sum"
"5126",5126,5127,113.96574,56.68389,119.66317,NA,NA,NA,2.41e+09,5.36e+10,106.44559,228.08349,118.16609,1,"None","parabolic","box sum"
"5127",5127,5128,76.22017,56.34915,119.6818,NA,NA,NA,2.26e+09,4.96e+10,187.49081,128.85913,133.67295,1,"None","parabolic","box sum"
"5128",5128,5129,170.00164,55.71019,119.44529,NA,NA,NA,2.66e+09,6.41e+10,239.3896,223.4543,146.75528,1,"None","parabolic","box sum"
"5129",5129,5130,161.07258,55.79421,119.59599,NA,NA,NA,2.3e+09,5.1e+10,108.47313,154.52164,125.29367,1,"None","parabolic","box sum"
"5130",5130,5131,61.21437,55.75738,119.58117,NA,NA,NA,3.3e+09,7.51e+10,137.90414,162.58007,128.05116,1,"None","parabolic","box sum"
"5131",5131,5132,169.71814,55.54183,119.40324,NA,NA,NA,2.32e+09,5.63e+10,302.70762,247.54342,144.8018,1,"None","parabolic","box sum"
"5132",5132,5133,55.35125,55.38941,119.5411,NA,NA,NA,7.12e+09,1.78e+11,185.87855,184.2407,325.98293,1,"None","parabolic","box sum"
"5137",5137,5138,53.05137,53.05939,119.59233,NA,NA,NA,1.36e+10,3.34e+11,143.06336,186.01477,1056.22327,1,"None","parabolic","box sum"
"5141",5141,5142,17.7142,51.55708,119.38421,NA,NA,NA,2.63e+09,5.89e+10,108.57572,211.23397,114.92252,1,"None","parabolic","box sum"
"5142",5142,5143,25.38503,51.37454,119.48719,NA,NA,NA,2.73e+09,6.34e+10,139.53838,229.42406,158.03516,1,"None","parabolic","box sum"
"5143",5143,5144,172.87889,48.55256,119.58168,NA,NA,NA,2.88e+09,6.54e+10,112.10834,158.76073,154.32847,1,"None","parabolic","box sum"
"5144",5144,5145,102.53994,46.73071,119.42687,NA,NA,NA,2.27e+09,5.04e+10,92.15391,161.94338,146.17825,1,"None","parabolic","box sum"
"5145",5145,5146,173.726,43.2996,119.48145,NA,NA,NA,2.56e+09,6.01e+10,163.42696,235.51565,219.3554,1,"None","parabolic","box sum"
"5146",5146,5147,74.31717,42.43883,119.49732,NA,NA,NA,2.46e+09,4.66e+10,80.44917,138.06349,78.96793,1,"None","parabolic","box sum"
"5147",5147,5148,62.59603,41.74056,119.50932,NA,NA,NA,2.26e+09,5.17e+10,123.07138,194.22716,144.40459,1,"None","parabolic","box sum"
"5148",5148,5149,70.40563,40.26494,119.63742,NA,NA,NA,2.27e+09,4.99e+10,105.40984,160.82811,110.6751,1,"None","parabolic","box sum"
"5149",5149,5150,61.13822,73.5815,119.37376,NA,NA,NA,2.43e+09,3.52e+10,134.02007,133.23089,107.16325,1,"None","parabolic","box sum"
"5150",5150,5151,144.85632,73.10469,119.26013,NA,NA,NA,2.26e+09,4.64e+10,111.80818,147.22031,94.32709,1,"None","parabolic","box sum"
"5151",5151,5152,92.14001,72.15094,119.05541,NA,NA,NA,2.43e+09,5.47e+10,179.61273,142.60408,137.15518,1,"None","parabolic","box sum"
"5152",5152,5153,59.64816,71.01452,119.17212,NA,NA,NA,2.63e+09,5.72e+10,102.53709,134.80793,119.02642,1,"None","parabolic","box sum"
"5157",5157,5158,130.77269,67.58961,119.25,NA,NA,NA,2.94e+09,6.52e+10,93.04554,152.327,130.03927,1,"None","parabolic","box sum"
"5161",5161,5162,20.14075,61.84905,119.32239,NA,NA,NA,5.08e+09,1.15e+11,124.68852,180.67628,129.86445,1,"None","parabolic","box sum"
"5162",5162,5163,168.95838,61.69233,119.24829,NA,NA,NA,5e+09,1.13e+11,134.22251,184.31851,114.97092,1,"None","parabolic","box sum"
"5163",5163,5164,92.90136,61.31217,119.25471,NA,NA,NA,2.28e+09,4.93e+10,98.29392,129.4201,136.50763,1,"None","parabolic","box sum"
"5164",5164,5165,108.65449,59.82252,119.275,NA,NA,NA,2.33e+09,5.32e+10,112.63201,226.23307,260.18411,1,"None","parabolic","box sum"
"5165",5165,5166,172.69992,57.22235,119.31826,NA,NA,NA,3.22e+09,7.64e+10,120.80597,215.50643,175.47673,1,"None","parabolic","box sum"
"5166",5166,5167,132.12142,56.94906,119.28555,NA,NA,NA,2.59e+09,5.65e+10,120.22428,193.88044,103.66267,1,"None","parabolic","box sum"
"5167",5167,5168,107.28922,56.0256,119.14266,NA,NA,NA,2.33e+09,5.07e+10,91.90841,155.81527,139.62185,1,"None","parabolic","box sum"
"5168",5168,5169,15.02097,55.62922,119.10508,NA,NA,NA,2.93e+09,6.44e+10,115.60125,147.18503,110.76438,1,"None","parabolic","box sum"
"5169",5169,5170,61.43322,55.45287,119.10796,NA,NA,NA,3.23e+09,7.6e+10,157.49062,205.05059,168.365,1,"None","parabolic","box sum"
"5170",5170,5171,173.64523,54.88098,119.15155,NA,NA,NA,2.89e+09,6.65e+10,538.82843,141.67589,146.13819,1,"None","parabolic","box sum"
"5171",5171,5172,54.06015,54.04381,119.29944,NA,NA,NA,8.5e+09,2.13e+11,193.26806,219.93119,1236.79191,1,"None","parabolic","box sum"
"5172",5172,5173,95.69942,53.53312,119.2574,NA,NA,NA,2.77e+09,5.93e+10,103.58139,166.9001,101.28403,1,"None","parabolic","box sum"
"5177",5177,5178,39.33143,51.78064,119.09352,NA,NA,NA,7.03e+09,1.67e+11,223.99377,197.17282,141.75642,1,"None","parabolic","box sum"
"5181",5181,5182,174.59381,51.26168,119.31376,NA,NA,NA,3.4e+09,8.2e+10,976.29446,213.41443,159.10828,1,"None","parabolic","box sum"
"5182",5182,5183,107.96109,51.28308,119.34167,NA,NA,NA,2.33e+09,5.19e+10,96.92961,139.83047,155.54011,1,"None","parabolic","box sum"
"5183",5183,5184,36.61754,51.34146,119.28105,NA,NA,NA,3.73e+09,8.57e+10,127.9741,192.16353,138.9401,1,"None","parabolic","box sum"
"5184",5184,5185,40.08566,51.12452,119.19424,NA,NA,NA,2.63e+09,6.45e+10,473.1705,349.13892,164.12592,1,"None","parabolic","box sum"
"5185",5185,5186,171.3188,50.93522,119.06239,NA,NA,NA,5.46e+09,1.3e+11,278.52896,232.97679,128.14713,1,"None","parabolic","box sum"
"5186",5186,5187,40.53687,50.88644,119.29112,NA,NA,NA,3.3e+09,7.75e+10,206.45925,142.96889,193.35347,1,"None","parabolic","box sum"
"5187",5187,5188,58.16856,50.77208,119.15622,NA,NA,NA,2.66e+09,5.95e+10,136.86594,187.60026,132.25979,1,"None","parabolic","box sum"
"5188",5188,5189,96.18508,46.07857,119.22066,NA,NA,NA,2.28e+09,5.15e+10,119.34731,144.61988,145.21319,1,"None","parabolic","box sum"
"5189",5189,5190,146.0127,45.28064,119.13894,NA,NA,NA,2.35e+09,5.21e+10,150.54997,134.27836,111.31805,1,"None","parabolic","box sum"
"5190",5190,5191,75.20227,44.3891,119.25062,NA,NA,NA,2.4e+09,5.05e+10,113.72517,130.38307,108.53887,1,"None","parabolic","box sum"
"5191",5191,5192,124.05338,44.21504,119.27979,NA,NA,NA,2.7e+09,5.69e+10,94.14847,137.23069,126.8608,1,"None","parabolic","box sum"
"5192",5192,5193,104.85627,43.78918,119.07302,NA,NA,NA,2.35e+09,5.52e+10,160.18382,151.44247,168.6241,1,"None","parabolic","box sum"
"5197",5197,5198,48.52152,39.15664,119.30254,NA,NA,NA,2.32e+09,5.14e+10,96.49113,195.16593,113.41047,1,"None","parabolic","box sum"
"5201",5201,5202,32.61689,71.00215,118.84385,NA,NA,NA,2.26e+09,5.02e+10,96.10028,149.85693,172.29241,1,"None","parabolic","box sum"
"5202",5202,5203,150.28471,70.88847,118.91633,NA,NA,NA,2.31e+09,5.18e+10,148.04426,304.62571,110.12977,1,"None","parabolic","box sum"
"5203",5203,5204,142.87051,69.57484,118.8593,NA,NA,NA,2.63e+09,5.75e+10,235.77362,164.51661,116.88769,1,"None","parabolic","box sum"
"5204",5204,5205,38.66274,69.21016,118.84398,NA,NA,NA,2.32e+09,4.86e+10,93.42295,127.20001,118.78359,1,"None","parabolic","box sum"
"5205",5205,5206,151.11394,69.04471,118.86427,NA,NA,NA,2.29e+09,5.34e+10,195.91546,224.94262,115.59552,1,"None","parabolic","box sum"
"5206",5206,5207,139.63043,68.43789,118.78211,NA,NA,NA,2.84e+09,6.01e+10,88.45122,177.85297,112.34778,1,"None","parabolic","box sum"
"5207",5207,5208,164.61269,67.82749,118.7762,NA,NA,NA,2.27e+09,4.95e+10,101.81432,184.94499,108.82092,1,"None","parabolic","box sum"
"5208",5208,5209,31.80932,66.37277,118.77289,NA,NA,NA,2.26e+09,5.23e+10,132.84996,164.46826,306.40179,1,"None","parabolic","box sum"
"5209",5209,5210,169.45173,66.09263,118.94896,NA,NA,NA,2.85e+09,6.04e+10,127.65654,154.25284,101.60238,1,"None","parabolic","box sum"
"5210",5210,5211,58.96864,66.06578,118.71087,NA,NA,NA,2.53e+09,5.83e+10,132.40292,159.79661,143.61477,1,"None","parabolic","box sum"
"5211",5211,5212,151.56851,65.71638,118.88722,NA,NA,NA,2.4e+09,5.28e+10,124.73005,167.87705,102.07009,1,"None","parabolic","box sum"
"5212",5212,5213,171.67904,63.07455,118.89008,NA,NA,NA,2.3e+09,5.43e+10,167.82585,197.28214,161.69679,1,"None","parabolic","box sum"
"5217",5217,5218,112.27176,60.15731,118.76303,NA,NA,NA,2.42e+09,5.55e+10,125.629,225.63955,136.4513,1,"None","parabolic","box sum"
"5221",5221,5222,64.26319,57.66602,119.01366,NA,NA,NA,2.52e+09,5.88e+10,127.74204,148.57024,547.91433,1,"None","parabolic","box sum"
"5222",5222,5223,188.74509,56.25514,118.7469,NA,NA,NA,2.64e+09,6.22e+10,110.44928,160.66039,190.51212,1,"None","parabolic","box sum"
"5223",5223,5224,44.17198,56.05828,118.71178,NA,NA,NA,2.25e+09,5.14e+10,291.10273,147.136,133.48186,1,"None","parabolic","box sum"
"5224",5224,5225,171.87798,55.83141,119.01794,NA,NA,NA,3.55e+09,8.43e+10,140.30481,213.2394,143.9327,1,"None","parabolic","box sum"
"5225",5225,5226,170.79186,55.3107,118.86948,NA,NA,NA,2.4e+09,5.86e+10,120.8533,426.23347,590.93851,1,"None","parabolic","box sum"
"5226",5226,5227,28.00505,55.36564,118.89768,NA,NA,NA,2.71e+09,6.06e+10,127.3805,174.03436,128.24851,1,"None","parabolic","box sum"
"5227",5227,5228,64.35184,54.6682,118.98345,NA,NA,NA,2.91e+09,7.17e+10,273.82716,242.46883,183.23934,1,"None","parabolic","box sum"
"5228",5228,5229,37.67089,54.50637,118.8641,NA,NA,NA,2.38e+09,5e+10,151.19304,155.79712,91.10314,1,"None","parabolic","box sum"
"5229",5229,5230,166.52991,53.69692,118.80773,NA,NA,NA,2.5e+09,5.56e+10,137.1142,131.00433,122.70266,1,"None","parabolic","box sum"
"5230",5230,5231,113.38705,53.55846,118.89338,NA,NA,NA,2.51e+09,5.32e+10,119.79923,124.54015,102.37759,1,"None","parabolic","box sum"
"5231",5231,5232,188.0299,53.504,118.84744,NA,NA,NA,2.31e+09,5.16e+10,112.1028,168.08754,132.57813,1,"None","parabolic","box sum"
"5232",5232,5233,40.92262,53.43006,118.82295,NA,NA,NA,2.8e+09,6.58e+10,133.66097,156.42422,184.32206,1,"None","parabolic","box sum"
"5237",5237,5238,33.29906,52.68063,118.96612,NA,NA,NA,2.96e+09,7e+10,272.87202,319.06354,166.07898,1,"None","parabolic","box sum"
"5241",5241,5242,45.76394,52.01457,118.70708,NA,NA,NA,2.9e+09,6.62e+10,237.9007,166.06939,110.72975,1,"None","parabolic","box sum"
"5242",5242,5243,34.36938,51.52001,119.03966,NA,NA,NA,2.28e+09,5.35e+10,577.38824,219.28406,312.00773,1,"None","parabolic","box sum"
"5243",5243,5244,69.5423,51.45773,118.83149,NA,NA,NA,2.42e+09,5.55e+10,119.50487,201.96432,116.80341,1,"None","parabolic","box sum"
"5244",5244,5245,171.71292,51.14772,118.85941,NA,NA,NA,5.98e+09,1.48e+11,640.67573,287.64093,178.75034,1,"None","parabolic","box sum"
"5245",5245,5246,171.44948,51.04734,118.95048,NA,NA,NA,5.76e+09,1.42e+11,647.15926,243.94333,148.65702,1,"None","parabolic","box sum"
"5246",5246,5247,51.05104,50.97338,119.01662,NA,NA,NA,1.16e+10,2.81e+11,195.35667,202.89266,178.90638,1,"None","parabolic","box sum"
"5247",5247,5248,81.02444,50.91131,118.87271,NA,NA,NA,2.94e+09,6.35e+10,124.19019,148.84102,102.84656,1,"None","parabolic","box sum"
"5248",5248,5249,43.05485,50.93374,118.8226,NA,NA,NA,4.29e+09,1.02e+11,151.05136,192.24864,147.95315,1,"None","parabolic","box sum"
"5249",5249,5250,175.0547,50.75091,118.73646,NA,NA,NA,4.57e+09,1.08e+11,140.39031,251.60956,133.62664,1,"None","parabolic","box sum"
"5250",5250,5251,110.16662,50.57179,118.75187,NA,NA,NA,2.39e+09,5.15e+10,98.98157,132.32821,131.76703,1,"None","parabolic","box sum"
"5251",5251,5252,100.77923,50.23344,118.96435,NA,NA,NA,2.56e+09,5.62e+10,111.91016,130.78487,123.72655,1,"None","parabolic","box sum"
"5252",5252,5253,65.37515,49.54565,118.97243,NA,NA,NA,2.27e+09,5.02e+10,130.74914,124.48466,142.94595,1,"None","parabolic","box sum"
"5257",5257,5258,55.40121,46.40123,118.75456,NA,NA,NA,2.33e+09,5.35e+10,111.32145,277.4471,139.30351,1,"None","parabolic","box sum"
"5261",5261,5262,24.72759,44.71127,118.91681,NA,NA,NA,2.51e+09,5.58e+10,106.89995,245.36777,99.10315,1,"None","parabolic","box sum"
"5262",5262,5263,24.62284,44.55848,119.01188,NA,NA,NA,2.65e+09,5.91e+10,106.33078,250.0003,115.64308,1,"None","parabolic","box sum"
"5263",5263,5264,172.8968,44.28516,118.83051,NA,NA,NA,3.07e+09,6.63e+10,100.0897,142.74234,115.61096,1,"None","parabolic","box sum"
"5264",5264,5265,104.62477,43.581,118.72928,NA,NA,NA,2.72e+09,6.16e+10,112.98012,183.96366,137.89743,1,"None","parabolic","box sum"
"5265",5265,5266,120.79097,43.24942,118.95104,NA,NA,NA,2.26e+09,4.83e+10,119.84931,125.68879,104.54428,1,"None","parabolic","box sum"
"5266",5266,5267,40.34871,43.28399,118.94342,NA,NA,NA,2.61e+09,6.14e+10,179.41242,156.19642,241.70446,1,"None","parabolic","box sum"
"5267",5267,5268,173.96101,42.99791,118.99507,NA,NA,NA,2.46e+09,5.76e+10,128.72496,195.20849,133.17019,1,"None","parabolic","box sum"
"5268",5268,5269,29.65477,41.08087,118.72715,NA,NA,NA,2.87e+09,6.3e+10,102.08028,148.11838,124.60357,1,"None","parabolic","box sum"
"5269",5269,5270,76.99911,40.88579,118.80986,NA,NA,NA,2.49e+09,5.3e+10,80.87666,297.19973,108.15877,1,"None","parabolic","box sum"
"5270",5270,5271,52.8412,40.8153,118.86937,NA,NA,NA,2.29e+09,5.46e+10,117.96101,159.94483,340.34532,1,"None","parabolic","box sum"
"5271",5271,5272,153.98608,39.88135,118.98303,NA,NA,NA,2.46e+09,5.38e+10,139.24708,112.2514,127.1562,1,"None","parabolic","box sum"
"5272",5272,5273,173.90436,39.44027,118.90944,NA,NA,NA,2.28e+09,5e+10,99.01333,341.07339,112.6436,1,"None","parabolic","box sum"
"5277",5277,5278,39.38199,63.43483,118.59402,NA,NA,NA,2.47e+09,5.29e+10,92.23574,151.09387,234.6983,1,"None","parabolic","box sum"
"5281",5281,5282,173.41343,59.24839,118.54998,NA,NA,NA,6.64e+09,1.55e+11,251.96459,192.31206,123.78913,1,"None","parabolic","box sum"
"5282",5282,5283,59.24656,59.28157,118.45855,NA,NA,NA,1.37e+10,3.24e+11,165.11464,179.51241,176.40257,1,"None","parabolic","box sum"
"5283",5283,5284,56.28359,59.16962,118.48805,NA,NA,NA,2.93e+09,6.64e+10,141.33629,151.25492,133.33833,1,"None","parabolic","box sum"
"5284",5284,5285,33.68669,59.20845,118.3876,NA,NA,NA,5.28e+09,1.23e+11,180.01824,197.69332,146.1336,1,"None","parabolic","box sum"
"5285",5285,5286,170.3203,58.94595,118.47439,NA,NA,NA,2.54e+09,5.95e+10,276.42906,200.40929,135.55717,1,"None","parabolic","box sum"
"5286",5286,5287,184.75981,58.40352,118.54871,NA,NA,NA,2.26e+09,4.76e+10,96.66495,125.37733,106.2516,1,"None","parabolic","box sum"
"5287",5287,5288,142.03344,57.48378,118.42629,NA,NA,NA,2.34e+09,5.33e+10,145.65274,125.99671,140.71625,1,"None","parabolic","box sum"
"5288",5288,5289,70.95731,56.23034,118.5596,NA,NA,NA,2.4e+09,5.21e+10,100.86865,146.00572,120.88728,1,"None","parabolic","box sum"
"5289",5289,5290,132.19366,55.87881,118.45552,NA,NA,NA,3.13e+09,7.12e+10,135.00574,169.20343,140.57106,1,"None","parabolic","box sum"
"5290",5290,5291,20.35887,55.69224,118.69828,NA,NA,NA,2.33e+09,5.46e+10,114.88062,199.66203,168.67793,1,"None","parabolic","box sum"
"5291",5291,5292,129.14041,55.19479,118.61893,NA,NA,NA,2.52e+09,5.37e+10,90.43661,166.77409,112.98615,1,"None","parabolic","box sum"
"5292",5292,5293,177.27698,54.65734,118.47016,NA,NA,NA,2.36e+09,5.17e+10,120.34367,108.91896,253.86429,1,"None","parabolic","box sum"
"5297",5297,5298,62.3085,52.54222,118.56987,NA,NA,NA,2.77e+09,6.84e+10,233.21539,162.02933,216.98678,1,"None","parabolic","box sum"
"5301",5301,5302,15.9353,51.18832,118.53415,NA,NA,NA,2.66e+09,6.05e+10,128.97077,138.29798,158.93763,1,"None","parabolic","box sum"
"5302",5302,5303,158.16683,51.04369,118.56561,NA,NA,NA,2.28e+09,5.13e+10,141.81875,167.9073,134.96721,1,"None","parabolic","box sum"
"5303",5303,5304,41.77022,50.96036,118.5624,NA,NA,NA,2.79e+09,6.35e+10,146.53948,196.8019,113.17348,1,"None","parabolic","box sum"
"5304",5304,5305,38.3386,51.03058,118.49925,NA,NA,NA,2.4e+09,5.8e+10,334.34297,193.24166,137.59494,1,"None","parabolic","box sum"
"5305",5305,5306,64.07332,50.54882,118.48911,NA,NA,NA,2.5e+09,5.27e+10,104.71852,123.83211,109.83354,1,"None","parabolic","box sum"
"5306",5306,5307,57.83368,50.61663,118.62967,NA,NA,NA,3.03e+09,6.81e+10,133.17241,162.51081,130.25373,1,"None","parabolic","box sum"
"5307",5307,5308,49.65364,49.77573,118.45645,NA,NA,NA,2.41e+09,5.41e+10,140.27123,122.6626,204.35673,1,"None","parabolic","box sum"
"5308",5308,5309,23.84764,48.50388,118.50375,NA,NA,NA,2.82e+09,6.56e+10,132.95989,174.50708,148.37039,1,"None","parabolic","box sum"
"5309",5309,5310,114.2788,47.50673,118.57775,NA,NA,NA,2.67e+09,6.09e+10,129.40804,192.29662,145.91247,1,"None","parabolic","box sum"
"5310",5310,5311,99.78586,44.74083,118.67402,NA,NA,NA,2.27e+09,5.05e+10,116.68708,156.76928,119.59678,1,"None","parabolic","box sum"
"5311",5311,5312,134.86614,43.85843,118.5038,NA,NA,NA,2.43e+09,5.35e+10,203.92606,139.29057,122.14065,1,"None","parabolic","box sum"
"5312",5312,5313,102.01414,42.50019,118.60526,NA,NA,NA,2.62e+09,5.5e+10,95.99646,164.56902,102.69177,1,"None","parabolic","box sum"
"5317",5317,5318,83.93265,69.60513,118.06523,NA,NA,NA,2.29e+09,4.9e+10,115.6379,173.39109,114.07012,1,"None","parabolic","box sum"
"5321",5321,5322,152.66529,63.34454,118.10037,NA,NA,NA,2.31e+09,4.91e+10,110.54524,140.88961,106.41724,1,"None","parabolic","box sum"
"5322",5322,5323,61.84913,63.37094,118.26324,NA,NA,NA,2.46e+09,5.26e+10,102.69831,125.24569,121.11968,1,"None","parabolic","box sum"
"5323",5323,5324,93.61321,61.98836,118.10783,NA,NA,NA,2.25e+09,4.8e+10,97.76017,148.4749,122.59001,1,"None","parabolic","box sum"
"5324",5324,5325,123.77059,61.00213,118.30458,NA,NA,NA,2.57e+09,5.78e+10,150.27821,266.83083,105.57818,1,"None","parabolic","box sum"
"5325",5325,5326,101.77849,60.03927,118.32423,NA,NA,NA,2.29e+09,5.13e+10,110.52753,151.29936,122.69306,1,"None","parabolic","box sum"
"5326",5326,5327,171.26773,59.43633,118.27236,NA,NA,NA,3.19e+09,7.64e+10,242.09165,185.74712,174.90888,1,"None","parabolic","box sum"
"5327",5327,5328,31.76482,59.46269,118.18721,NA,NA,NA,5.36e+09,1.25e+11,155.97363,186.92267,148.76926,1,"None","parabolic","box sum"
"5328",5328,5329,21.58504,59.49159,118.19977,NA,NA,NA,4.29e+09,9.57e+10,129.79156,149.75768,138.68016,1,"None","parabolic","box sum"
"5329",5329,5330,52.48019,59.28578,118.35502,NA,NA,NA,2.29e+09,5.44e+10,175.32071,238.93091,229.76619,1,"None","parabolic","box sum"
"5330",5330,5331,15.33743,59.19957,118.08638,NA,NA,NA,2.29e+09,5.33e+10,100.01122,231.46474,280.49541,1,"None","parabolic","box sum"
"5331",5331,5332,168.7899,58.7372,118.18638,NA,NA,NA,2.27e+09,5e+10,119.37021,149.06028,140.2331,1,"None","parabolic","box sum"
"5332",5332,5333,27.22813,58.25713,118.3315,NA,NA,NA,2.62e+09,5.84e+10,92.62171,174.93954,153.25451,1,"None","parabolic","box sum"
"5337",5337,5338,26.60433,55.02763,118.25514,NA,NA,NA,2.58e+09,5.55e+10,113.62502,150.44987,103.40065,1,"None","parabolic","box sum"
"5341",5341,5342,34.07913,53.96853,118.28564,NA,NA,NA,2.45e+09,5.53e+10,257.20626,134.43816,180.53901,1,"None","parabolic","box sum"
"5342",5342,5343,172.86164,53.86581,118.25412,NA,NA,NA,7.33e+09,1.8e+11,387.16301,309.60071,213.05603,1,"None","parabolic","box sum"
"5343",5343,5344,19.36088,53.00939,118.30763,NA,NA,NA,2.81e+09,6.93e+10,138.94234,234.12335,200.26618,1,"None","parabolic","box sum"
"5344",5344,5345,33.86268,52.45542,118.31253,NA,NA,NA,2.46e+09,6.06e+10,179.04844,294.39133,1136.55367,1,"None","parabolic","box sum"
"5345",5345,5346,159.92531,52.21441,118.09705,NA,NA,NA,2.45e+09,5.4e+10,112.0836,219.01202,109.56568,1,"None","parabolic","box sum"
"5346",5346,5347,38.23491,51.01826,118.35041,NA,NA,NA,2.33e+09,5.4e+10,242.52495,139.64146,139.63729,1,"None","parabolic","box sum"
"5347",5347,5348,166.42546,50.65148,118.0635,NA,NA,NA,2.26e+09,5.18e+10,123.50528,151.3707,165.39764,1,"None","parabolic","box sum"
"5348",5348,5349,50.44693,50.33859,118.33884,NA,NA,NA,3.91e+09,9.71e+10,160.11908,177.21784,1028.62355,1,"None","parabolic","box sum"
"5349",5349,5350,187.38823,50.11876,118.20414,NA,NA,NA,3.07e+09,6.68e+10,107.24947,157.79275,114.70973,1,"None","parabolic","box sum"
"5350",5350,5351,41.03623,50.0194,118.15849,NA,NA,NA,2.26e+09,5.29e+10,371.02914,186.33604,340.30068,1,"None","parabolic","box sum"
"5351",5351,5352,40.91829,49.96184,118.23971,NA,NA,NA,2.27e+09,5.29e+10,225.87229,338.27376,129.04793,1,"None","parabolic","box sum"
"5352",5352,5353,27.76592,46.6792,118.19488,NA,NA,NA,2.52e+09,5.12e+10,98.82646,116.83303,118.28166,1,"None","parabolic","box sum"
"5357",5357,5358,43.16999,42.99907,118.03094,NA,NA,NA,2.46e+09,5.65e+10,195.85744,163.39076,133.72386,1,"None","parabolic","box sum"
"5361",5361,5362,38.72432,38.92423,118.30536,NA,NA,NA,2.56e+09,4.06e+10,144.1553,156.03954,128.9528,1,"None","parabolic","box sum"
"5362",5362,5363,87.84947,73.40298,117.82258,NA,NA,NA,2.33e+09,5.06e+10,145.67229,128.17036,111.5225,1,"None","parabolic","box sum"
"5363",5363,5364,18.07575,72.58927,117.98607,NA,NA,NA,2.41e+09,5.4e+10,129.35918,141.85269,147.58432,1,"None","parabolic","box sum"
"5364",5364,5365,97.24656,71.78719,117.7342,NA,NA,NA,2.81e+09,5.92e+10,107.58761,120.9266,116.38033,1,"None","parabolic","box sum"
"5365",5365,5366,33.70075,68.84897,117.8194,NA,NA,NA,3.29e+09,7.71e+10,145.11288,193.79501,242.50847,1,"None","parabolic","box sum"
"5366",5366,5367,178.73501,67.28369,117.89263,NA,NA,NA,2.3e+09,5.08e+10,114.38916,159.87995,112.05488,1,"None","parabolic","box sum"
"5367",5367,5368,145.52062,67.10518,117.77676,NA,NA,NA,2.3e+09,4.75e+10,131.05266,176.33832,98.81735,1,"None","parabolic","box sum"
"5368",5368,5369,89.29608,66.37505,117.71207,NA,NA,NA,2.81e+09,6.06e+10,115.50354,147.38509,124.90815,1,"None","parabolic","box sum"
"5369",5369,5370,56.11954,64.47894,117.69262,NA,NA,NA,2.42e+09,5.27e+10,99.4225,139.40281,129.68129,1,"None","parabolic","box sum"
"5370",5370,5371,64.1721,64.18299,117.70763,NA,NA,NA,3.86e+09,8.99e+10,149.12398,192.01103,139.96106,1,"None","parabolic","box sum"
"5371",5371,5372,31.68093,63.87386,117.82595,NA,NA,NA,3.4e+09,7.64e+10,119.33632,142.98683,156.66872,1,"None","parabolic","box sum"
"5372",5372,5373,48.33228,62.5609,117.79406,NA,NA,NA,2.57e+09,5.83e+10,93.20066,155.06613,189.56292,1,"None","parabolic","box sum"
"5377",5377,5378,132.12137,57.82142,117.97325,NA,NA,NA,2.73e+09,6.59e+10,164.24866,193.17198,166.78244,1,"None","parabolic","box sum"
"5381",5381,5382,170.84072,54.09962,117.98598,NA,NA,NA,3.06e+09,7.33e+10,696.014,185.32717,310.53072,1,"None","parabolic","box sum"
"5382",5382,5383,62.52712,52.50929,117.98449,NA,NA,NA,2.91e+09,7.38e+10,246.9953,341.59201,230.6816,1,"None","parabolic","box sum"
"5383",5383,5384,159.77215,51.96382,117.77251,NA,NA,NA,2.83e+09,6.3e+10,160.42383,141.97254,116.8443,1,"None","parabolic","box sum"
"5384",5384,5385,159.47331,51.71365,117.86308,NA,NA,NA,2.54e+09,5.59e+10,189.74491,136.26522,116.10538,1,"None","parabolic","box sum"
"5385",5385,5386,147.90154,50.98614,117.91346,NA,NA,NA,2.99e+09,6.59e+10,103.76643,126.4686,169.48736,1,"None","parabolic","box sum"
"5386",5386,5387,30.40329,50.66103,117.91351,NA,NA,NA,2.28e+09,5.34e+10,138.83241,149.33336,184.75014,1,"None","parabolic","box sum"
"5387",5387,5388,123.26538,49.31198,117.77516,NA,NA,NA,2.47e+09,5.85e+10,141.03583,142.75277,216.91167,1,"None","parabolic","box sum"
"5388",5388,5389,148.32648,49.09201,117.78626,NA,NA,NA,2.26e+09,4.98e+10,103.04458,235.05795,106.13602,1,"None","parabolic","box sum"
"5389",5389,5390,140.54452,48.67828,117.99883,NA,NA,NA,2.42e+09,5.32e+10,97.83651,177.45066,129.60702,1,"None","parabolic","box sum"
"5390",5390,5391,55.4008,48.53637,117.91912,NA,NA,NA,2.37e+09,5.39e+10,129.68896,197.92676,119.38608,1,"None","parabolic","box sum"
"5391",5391,5392,96.17907,46.9446,117.82688,NA,NA,NA,3.32e+09,7.76e+10,142.00684,175.28021,141.59077,1,"None","parabolic","box sum"
"5392",5392,5393,22.12849,46.89649,117.77075,NA,NA,NA,2.34e+09,5.1e+10,189.09085,160.92116,99.00719,1,"None","parabolic","box sum"
"5397",5397,5398,118.33859,39.41212,117.79319,NA,NA,NA,2.45e+09,5.34e+10,116.17776,138.88627,120.75293,1,"None","parabolic","box sum"
"5401",5401,5402,44.46863,69.2963,117.6344,NA,NA,NA,2.38e+09,5.42e+10,170.34959,131.62825,151.35401,1,"None","parabolic","box sum"
"5402",5402,5403,171.36903,68.5492,117.44753,NA,NA,NA,2.32e+09,5.14e+10,130.80197,169.32276,108.50132,1,"None","parabolic","box sum"
"5403",5403,5404,96.03503,68.11055,117.49681,NA,NA,NA,2.69e+09,6e+10,148.82596,139.36932,122.44481,1,"None","parabolic","box sum"
"5404",5404,5405,59.86123,68.16034,117.393,NA,NA,NA,2.58e+09,6.06e+10,128.93413,219.80059,257.15083,1,"None","parabolic","box sum"
"5405",5405,5406,102.5051,67.00266,117.42915,NA,NA,NA,2.31e+09,5.39e+10,124.77035,259.98019,131.37108,1,"None","parabolic","box sum"
"5406",5406,5407,115.86867,65.52274,117.42608,NA,NA,NA,2.82e+09,5.9e+10,90.95083,134.35784,108.39742,1,"None","parabolic","box sum"
"5407",5407,5408,43.86697,64.74,117.36461,NA,NA,NA,2.64e+09,5.92e+10,99.30036,133.43492,181.63508,1,"None","parabolic","box sum"
"5408",5408,5409,103.85035,64.63938,117.64148,NA,NA,NA,2.55e+09,5.75e+10,100.24573,324.42686,189.83787,1,"None","parabolic","box sum"
"5409",5409,5410,100.63739,63.92089,117.65914,NA,NA,NA,2.43e+09,5.7e+10,117.2245,306.06925,145.18815,1,"None","parabolic","box sum"
"5410",5410,5411,169.88741,63.12339,117.49961,NA,NA,NA,2.25e+09,5.04e+10,118.48164,251.65609,127.30432,1,"None","parabolic","box sum"
"5411",5411,5412,130.46845,63.15511,117.57822,NA,NA,NA,2.63e+09,5.49e+10,100.86254,123.40736,116.49758,1,"None","parabolic","box sum"
"5412",5412,5413,30.37145,62.43549,117.59907,NA,NA,NA,3.3e+09,7.06e+10,104.26171,153.18441,105.19433,1,"None","parabolic","box sum"
"5417",5417,5418,64.03663,57.52686,117.49177,NA,NA,NA,3.84e+09,9.05e+10,126.00275,164.61408,209.3848,1,"None","parabolic","box sum"
"5421",5421,5422,100.12068,56.31392,117.68245,NA,NA,NA,2.5e+09,5.41e+10,136.6351,176.3767,92.91601,1,"None","parabolic","box sum"
"5422",5422,5423,70.29571,56.16717,117.44503,NA,NA,NA,2.43e+09,5.18e+10,110.99655,123.89156,109.7964,1,"None","parabolic","box sum"
"5423",5423,5424,173.71094,56.04695,117.52468,NA,NA,NA,2.3e+09,5.21e+10,110.15012,161.46836,150.34097,1,"None","parabolic","box sum"
"5424",5424,5425,172.46319,55.69678,117.51157,NA,NA,NA,2.85e+09,6.8e+10,142.6203,418.91313,338.84704,1,"None","parabolic","box sum"
"5425",5425,5426,45.94942,55.49746,117.39977,NA,NA,NA,2.5e+09,5.94e+10,118.99432,279.86789,146.68143,1,"None","parabolic","box sum"
"5426",5426,5427,58.91402,55.07134,117.53642,NA,NA,NA,2.35e+09,5.33e+10,179.95961,169.01964,113.66749,1,"None","parabolic","box sum"
"5427",5427,5428,162.63563,54.77194,117.47094,NA,NA,NA,2.3e+09,4.72e+10,97.13236,123.2655,103.12527,1,"None","parabolic","box sum"
"5428",5428,5429,157.0268,54.42573,117.62722,NA,NA,NA,2.69e+09,5.91e+10,216.18226,135.979,120.31567,1,"None","parabolic","box sum"
"5429",5429,5430,171.64458,53.91669,117.5199,NA,NA,NA,9.69e+09,2.26e+11,338.11437,185.80908,164.84481,1,"None","parabolic","box sum"
"5430",5430,5431,63.43312,53.8571,117.49293,NA,NA,NA,9.25e+09,2.15e+11,158.28942,186.3302,270.00993,1,"None","parabolic","box sum"
"5431",5431,5432,52.61226,53.8425,117.50014,NA,NA,NA,4.49e+09,1.05e+11,461.67462,446.34199,134.53996,1,"None","parabolic","box sum"
"5432",5432,5433,129.2212,53.62646,117.46366,NA,NA,NA,2.27e+09,5.18e+10,122.33731,178.13492,183.64155,1,"None","parabolic","box sum"
"5437",5437,5438,176.83902,50.28687,117.49595,NA,NA,NA,2.46e+09,5.58e+10,93.54326,313.10922,172.8636,1,"None","parabolic","box sum"
"5441",5441,5442,167.51799,72.62009,117.03419,NA,NA,NA,2.37e+09,5.63e+10,170.27386,213.48921,214.80131,1,"None","parabolic","box sum"
"5442",5442,5443,109.98158,72.43998,117.21389,NA,NA,NA,2.35e+09,5.29e+10,200.12015,145.99375,124.62318,1,"None","parabolic","box sum"
"5443",5443,5444,130.73489,70.92703,117.15547,NA,NA,NA,3.17e+09,7.16e+10,111.3874,189.96315,113.15304,1,"None","parabolic","box sum"
"5444",5444,5445,104.59504,70.91587,117.13708,NA,NA,NA,2.29e+09,4.98e+10,83.9485,229.94745,111.96184,1,"None","parabolic","box sum"
"5445",5445,5446,28.05227,70.65915,117.11336,NA,NA,NA,2.61e+09,6.01e+10,107.79647,185.78149,141.41971,1,"None","parabolic","box sum"
"5446",5446,5447,69.74998,69.98742,117.10961,NA,NA,NA,2.31e+09,4.69e+10,93.25684,149.15729,98.93084,1,"None","parabolic","box sum"
"5447",5447,5448,96.26328,68.38011,117.25219,NA,NA,NA,2.32e+09,5.26e+10,124.38561,144.57712,219.86276,1,"None","parabolic","box sum"
"5448",5448,5449,59.85425,68.44248,117.29422,NA,NA,NA,2.59e+09,5.85e+10,103.58506,237.90243,112.46127,1,"None","parabolic","box sum"
"5449",5449,5450,102.40484,66.77733,117.08456,NA,NA,NA,2.77e+09,6.54e+10,122.88206,193.98475,164.97248,1,"None","parabolic","box sum"
"5450",5450,5451,127.68611,66.24276,117.25139,NA,NA,NA,2.38e+09,5.39e+10,172.95118,173.02841,142.43484,1,"None","parabolic","box sum"
"5451",5451,5452,171.11734,64.28196,117.2426,NA,NA,NA,2.29e+09,5.21e+10,193.22256,126.51491,178.92224,1,"None","parabolic","box sum"
"5452",5452,5453,63.54171,64.02381,117.26627,NA,NA,NA,2.79e+09,6.39e+10,279.88045,258.97747,106.44978,1,"None","parabolic","box sum"
"5457",5457,5458,170.99832,57.79058,117.20492,NA,NA,NA,4.77e+09,1.09e+11,129.79644,172.95185,145.05756,1,"None","parabolic","box sum"
"5461",5461,5462,57.49336,57.52801,117.29512,NA,NA,NA,5.97e+09,1.45e+11,175.48438,182.03396,255.27704,1,"None","parabolic","box sum"
"5462",5462,5463,48.791,57.31997,117.34148,NA,NA,NA,2.62e+09,5.75e+10,85.21754,175.44043,138.51911,1,"None","parabolic","box sum"
"5463",5463,5464,71.56711,56.78967,117.20091,NA,NA,NA,2.5e+09,5.63e+10,119.61968,128.85141,137.5019,1,"None","parabolic","box sum"
"5464",5464,5465,134.56415,55.87601,117.06443,NA,NA,NA,2.51e+09,5.25e+10,82.11028,157.19652,128.61276,1,"None","parabolic","box sum"
"5465",5465,5466,59.56159,55.73937,117.04617,NA,NA,NA,2.85e+09,6.36e+10,112.50621,212.18485,127.61891,1,"None","parabolic","box sum"
"5466",5466,5467,59.29905,55.4016,117.25187,NA,NA,NA,2.37e+09,5.4e+10,199.09906,170.14533,167.05531,1,"None","parabolic","box sum"
"5467",5467,5468,96.00874,55.16286,117.22811,NA,NA,NA,2.54e+09,5.75e+10,111.4729,178.4274,141.96795,1,"None","parabolic","box sum"
"5468",5468,5469,86.06403,54.944,117.2656,NA,NA,NA,2.86e+09,6.48e+10,100.11138,138.96847,191.53225,1,"None","parabolic","box sum"
"5469",5469,5470,170.32796,54.4777,117.1017,NA,NA,NA,2.58e+09,6.34e+10,183.48307,272.60345,467.23616,1,"None","parabolic","box sum"
"5470",5470,5471,45.2068,54.08306,117.09724,NA,NA,NA,2.33e+09,4.85e+10,92.16735,129.03583,106.37176,1,"None","parabolic","box sum"
"5471",5471,5472,53.83291,53.86533,117.33817,NA,NA,NA,1.44e+10,3.41e+11,150.97075,176.69046,398.14663,1,"None","parabolic","box sum"
"5472",5472,5473,158.71275,52.96298,117.03408,NA,NA,NA,2.39e+09,5.66e+10,138.44339,216.7936,166.97562,1,"None","parabolic","box sum"
"5477",5477,5478,181.3216,51.70089,117.07245,NA,NA,NA,2.65e+09,5.59e+10,78.07842,152.25565,120.36741,1,"None","parabolic","box sum"
"5481",5481,5482,162.78597,49.99895,117.25936,NA,NA,NA,2.34e+09,4.94e+10,97.29664,221.63266,116.61357,1,"None","parabolic","box sum"
"5482",5482,5483,123.23236,49.36383,117.25329,NA,NA,NA,2.47e+09,5.93e+10,143.73025,139.4195,211.43466,1,"None","parabolic","box sum"
"5483",5483,5484,129.75585,47.66851,117.34828,NA,NA,NA,2.32e+09,4.98e+10,108.05785,124.31484,136.14464,1,"None","parabolic","box sum"
"5484",5484,5485,169.30202,46.51813,117.22427,NA,NA,NA,2.66e+09,6.03e+10,122.95504,165.75021,239.58576,1,"None","parabolic","box sum"
"5485",5485,5486,22.50348,43.57962,117.18039,NA,NA,NA,2.59e+09,5.5e+10,96.62059,195.97369,98.43725,1,"None","parabolic","box sum"
"5486",5486,5487,172.35325,43.08373,117.08689,NA,NA,NA,2.54e+09,5.6e+10,102.78076,168.70296,278.46932,1,"None","parabolic","box sum"
"5487",5487,5488,57.66815,42.08241,117.11675,NA,NA,NA,2.59e+09,5.79e+10,153.34761,128.60984,135.81795,1,"None","parabolic","box sum"
"5488",5488,5489,44.89696,41.90302,117.09948,NA,NA,NA,2.63e+09,5.88e+10,107.04164,164.10881,129.76557,1,"None","parabolic","box sum"
"5489",5489,5490,176.1843,39.86747,117.15614,NA,NA,NA,2.38e+09,4.89e+10,185.75672,133.67712,84.87469,1,"None","parabolic","box sum"
"5490",5490,5491,172.00644,39.7957,117.20516,NA,NA,NA,2.72e+09,5.97e+10,103.04672,167.64736,109.64161,1,"None","parabolic","box sum"
"5491",5491,5492,136.73997,73.31121,116.71915,NA,NA,NA,2.47e+09,5.76e+10,103.03542,384.80395,138.88335,1,"None","parabolic","box sum"
"5492",5492,5493,23.74915,73.16444,116.83786,NA,NA,NA,2.78e+09,6.03e+10,102.62259,176.47407,111.34309,1,"None","parabolic","box sum"
"5497",5497,5498,120.95888,68.71575,116.74439,NA,NA,NA,2.39e+09,5.39e+10,155.33483,134.35315,112.15711,1,"None","parabolic","box sum"
"5501",5501,5502,56.64775,63.37099,116.70632,NA,NA,NA,2.27e+09,4.83e+10,118.80867,138.05389,119.16786,1,"None","parabolic","box sum"
"5502",5502,5503,125.78559,62.05497,116.94414,NA,NA,NA,2.75e+09,5.81e+10,89.38376,152.87796,106.04089,1,"None","parabolic","box sum"
"5503",5503,5504,111.50561,61.53985,116.87684,NA,NA,NA,2.43e+09,5.04e+10,99.37365,161.79547,113.28071,1,"None","parabolic","box sum"
"5504",5504,5505,179.90337,60.53587,116.92537,NA,NA,NA,2.28e+09,5e+10,104.3863,138.16029,287.20033,1,"None","parabolic","box sum"
"5505",5505,5506,28.87339,59.87102,116.76393,NA,NA,NA,2.42e+09,5.35e+10,137.36184,137.96878,119.08442,1,"None","parabolic","box sum"
"5506",5506,5507,138.24616,57.55603,116.88838,NA,NA,NA,2.27e+09,4.81e+10,93.51456,138.89024,117.93286,1,"None","parabolic","box sum"
"5507",5507,5508,183.8201,57.01458,116.79167,NA,NA,NA,2.47e+09,5.61e+10,89.69598,173.79174,173.51532,1,"None","parabolic","box sum"
"5508",5508,5509,71.4479,56.60074,116.96303,NA,NA,NA,2.3e+09,5.41e+10,125.07204,154.89465,177.67346,1,"None","parabolic","box sum"
"5509",5509,5510,126.65917,55.53478,116.83205,NA,NA,NA,2.83e+09,5.87e+10,83.12161,172.849,110.91375,1,"None","parabolic","box sum"
"5510",5510,5511,34.47432,55.09767,116.90086,NA,NA,NA,2.35e+09,5.25e+10,131.24015,128.71915,130.69475,1,"None","parabolic","box sum"
"5511",5511,5512,134.59935,54.76723,116.79226,NA,NA,NA,2.29e+09,5.09e+10,90.50501,140.39999,238.76965,1,"None","parabolic","box sum"
"5512",5512,5513,31.90783,54.08373,116.78131,NA,NA,NA,2.7e+09,6.16e+10,110.91594,407.28027,137.67838,1,"None","parabolic","box sum"
"5517",5517,5518,128.26099,46.82998,116.89635,NA,NA,NA,2.55e+09,5.62e+10,109.84354,159.74915,117.62786,1,"None","parabolic","box sum"
"5521",5521,5522,174.26687,43.66672,116.9598,NA,NA,NA,5e+09,1.13e+11,114.33496,182.44535,129.46475,1,"None","parabolic","box sum"
"5522",5522,5523,43.67692,43.65273,116.86725,NA,NA,NA,7.5e+09,1.65e+11,191.20144,153.93585,106.07302,1,"None","parabolic","box sum"
"5523",5523,5524,169.92748,43.49223,116.83298,NA,NA,NA,2.82e+09,6.7e+10,272.28452,177.50907,138.61883,1,"None","parabolic","box sum"
"5524",5524,5525,186.63073,42.04903,116.94448,NA,NA,NA,2.25e+09,5.23e+10,104.96494,150.96432,207.61114,1,"None","parabolic","box sum"
"5525",5525,5526,189.9515,39.8041,116.90011,NA,NA,NA,2.32e+09,5.32e+10,95.44017,170.83752,141.53528,1,"None","parabolic","box sum"
"5526",5526,5527,167.56909,72.75204,116.59807,NA,NA,NA,2.35e+09,5.49e+10,125.78809,244.52772,285.24268,1,"None","parabolic","box sum"
"5527",5527,5528,175.89851,69.70899,116.63291,NA,NA,NA,2.28e+09,5.08e+10,156.27471,150.06185,124.51845,1,"None","parabolic","box sum"
"5528",5528,5529,102.85308,69.44313,116.42663,NA,NA,NA,2.36e+09,5.58e+10,170.68547,283.28711,130.66262,1,"None","parabolic","box sum"
"5529",5529,5530,141.64836,69.22507,116.50758,NA,NA,NA,2.33e+09,4.94e+10,83.11917,146.38305,132.72834,1,"None","parabolic","box sum"
"5530",5530,5531,88.45347,69.12574,116.41302,NA,NA,NA,2.37e+09,4.85e+10,100.59383,133.41286,96.85802,1,"None","parabolic","box sum"
"5531",5531,5532,19.38011,69.02534,116.66059,NA,NA,NA,2.26e+09,5.03e+10,108.1409,285.95317,122.24078,1,"None","parabolic","box sum"
"5532",5532,5533,174.33353,66.15694,116.45233,NA,NA,NA,2.3e+09,4.87e+10,85.53877,122.80665,136.57063,1,"None","parabolic","box sum"
"5537",5537,5538,153.87816,63.27956,116.5604,NA,NA,NA,2.28e+09,4.9e+10,126.06993,132.38475,110.16399,1,"None","parabolic","box sum"
"5541",5541,5542,18.95639,60.84117,116.46478,NA,NA,NA,2.79e+09,6.32e+10,127.07026,134.23789,158.69522,1,"None","parabolic","box sum"
"5542",5542,5543,61.01601,59.5879,116.36103,NA,NA,NA,2.35e+09,5.39e+10,101.46225,246.16092,145.4531,1,"None","parabolic","box sum"
"5543",5543,5544,57.52979,59.29414,116.47107,NA,NA,NA,2.3e+09,5.15e+10,123.05672,195.54332,122.76316,1,"None","parabolic","box sum"
"5544",5544,5545,95.76215,59.00606,116.44878,NA,NA,NA,2.72e+09,6.06e+10,129.40559,198.66088,104.56222,1,"None","parabolic","box sum"
"5545",5545,5546,16.18079,58.88024,116.3809,NA,NA,NA,2.36e+09,5.09e+10,101.41339,182.92871,109.26569,1,"None","parabolic","box sum"
"5546",5546,5547,26.93534,58.47085,116.59659,NA,NA,NA,2.38e+09,5.15e+10,106.31856,114.76168,137.3421,1,"None","parabolic","box sum"
"5547",5547,5548,37.50628,58.00694,116.49528,NA,NA,NA,2.48e+09,5.55e+10,147.19416,277.11874,107.4332,1,"None","parabolic","box sum"
"5548",5548,5549,171.45608,56.5726,116.43076,NA,NA,NA,2.69e+09,6.24e+10,569.07535,396.60141,113.66624,1,"None","parabolic","box sum"
"5549",5549,5550,27.24353,54.94938,116.56998,NA,NA,NA,2.37e+09,5.01e+10,95.61171,150.44653,116.20927,1,"None","parabolic","box sum"
"5550",5550,5551,19.45341,54.95842,116.4262,NA,NA,NA,2.26e+09,5.2e+10,177.43863,198.80837,108.83552,1,"None","parabolic","box sum"
"5551",5551,5552,170.51433,54.82735,116.55383,NA,NA,NA,3.7e+09,8.78e+10,143.77514,239.20065,144.64575,1,"None","parabolic","box sum"
"5552",5552,5553,124.11555,53.58884,116.38719,NA,NA,NA,2.34e+09,5.05e+10,127.70173,134.93717,121.15473,1,"None","parabolic","box sum"
"5557",5557,5558,132.98434,51.98705,116.47783,NA,NA,NA,2.45e+09,5.35e+10,109.22063,174.17747,108.0215,1,"None","parabolic","box sum"
"5561",5561,5562,53.76761,49.79529,116.53136,NA,NA,NA,2.53e+09,5.4e+10,125.41404,120.42415,118.20781,1,"None","parabolic","box sum"
"5562",5562,5563,61.07545,46.90017,116.63518,NA,NA,NA,2.55e+09,5.64e+10,114.29435,177.84119,104.39616,1,"None","parabolic","box sum"
"5563",5563,5564,53.58478,45.41808,116.65984,NA,NA,NA,2.68e+09,5.82e+10,96.54731,157.65673,116.03069,1,"None","parabolic","box sum"
"5564",5564,5565,73.16061,42.6196,116.50707,NA,NA,NA,2.27e+09,4.57e+10,105.71519,119.38399,88.9886,1,"None","parabolic","box sum"
"5565",5565,5566,15.43887,40.85142,116.43876,NA,NA,NA,2.5e+09,5.59e+10,95.37965,207.47471,159.70618,1,"None","parabolic","box sum"
"5566",5566,5567,59.56943,40.52689,116.42843,NA,NA,NA,2.55e+09,5.58e+10,94.7323,165.24827,125.49269,1,"None","parabolic","box sum"
"5567",5567,5568,51.74299,38.92423,116.50664,NA,NA,NA,2.76e+09,3.81e+10,90.025,129.47977,122.37471,1,"None","parabolic","box sum"
"5568",5568,5569,112.95386,73.39842,116.0991,NA,NA,NA,2.32e+09,4.66e+10,71.25564,170.95214,99.84291,1,"None","parabolic","box sum"
"5569",5569,5570,27.04636,72.0308,116.03608,NA,NA,NA,3.08e+09,7.06e+10,142.29876,132.87747,127.39235,1,"None","parabolic","box sum"
"5570",5570,5571,99.34768,70.58219,116.22435,NA,NA,NA,3e+09,6.55e+10,100.06496,137.83073,129.79561,1,"None","parabolic","box sum"
"5571",5571,5572,102.62507,69.08411,116.19904,NA,NA,NA,2.33e+09,5.53e+10,136.74869,300.97537,145.2595,1,"None","parabolic","box sum"
"5572",5572,5573,114.66858,66.91139,116.08748,NA,NA,NA,2.84e+09,6.39e+10,137.79788,144.30946,129.58741,1,"None","parabolic","box sum"
"5577",5577,5578,29.042,61.56134,116.07018,NA,NA,NA,2.39e+09,4.81e+10,87.89975,135.50627,98.61749,1,"None","parabolic","box sum"
"5581",5581,5582,56.3642,53.41602,116.09955,NA,NA,NA,2.43e+09,5.4e+10,88.80115,142.30257,173.15066,1,"None","parabolic","box sum"
"5582",5582,5583,24.78059,51.52914,116.27175,NA,NA,NA,2.33e+09,5.18e+10,97.76139,170.6602,243.66838,1,"None","parabolic","box sum"
"5583",5583,5584,145.79034,50.83149,116.17602,NA,NA,NA,2.63e+09,5.63e+10,125.16609,292.54383,95.51328,1,"None","parabolic","box sum"
"5584",5584,5585,96.01876,50.51786,116.19678,NA,NA,NA,2.6e+09,6.02e+10,117.60192,191.22475,172.09339,1,"None","parabolic","box sum"
"5585",5585,5586,80.15157,49.817,116.12638,NA,NA,NA,2.53e+09,5.38e+10,128.62389,119.97271,133.68046,1,"None","parabolic","box sum"
"5586",5586,5587,179.86182,49.38938,116.19895,NA,NA,NA,2.3e+09,4.71e+10,94.02282,135.35106,97.22644,1,"None","parabolic","box sum"
"5587",5587,5588,53.8234,48.06177,116.22567,NA,NA,NA,2.39e+09,5.44e+10,124.83997,177.97554,115.37898,1,"None","parabolic","box sum"
"5588",5588,5589,96.45498,47.88923,116.29125,NA,NA,NA,2.29e+09,4.26e+10,75.55377,115.13615,104.2009,1,"None","parabolic","box sum"
"5589",5589,5590,182.71653,47.59744,116.33364,NA,NA,NA,2.75e+09,5.95e+10,103.62216,140.0007,130.10895,1,"None","parabolic","box sum"
"5590",5590,5591,55.81171,46.2968,116.11304,NA,NA,NA,2.32e+09,4.89e+10,124.47111,169.85452,86.85404,1,"None","parabolic","box sum"
"5591",5591,5592,17.12746,45.01769,116.25653,NA,NA,NA,2.28e+09,5.15e+10,176.19035,147.14289,125.16892,1,"None","parabolic","box sum"
"5592",5592,5593,28.76825,44.87102,116.24672,NA,NA,NA,2.6e+09,5.95e+10,126.29101,332.0812,134.40979,1,"None","parabolic","box sum"
"5597",5597,5598,111.10902,42.85476,116.26039,NA,NA,NA,2.66e+09,5.94e+10,129.98698,151.88557,111.7478,1,"None","parabolic","box sum"
"5601",5601,5602,40.34148,40.32692,116.01448,NA,NA,NA,4.34e+09,1.03e+11,155.83683,186.51086,851.03291,1,"None","parabolic","box sum"
"5602",5602,5603,69.24797,39.1112,116.03623,NA,NA,NA,2.43e+09,5.37e+10,130.5244,150.67935,111.34768,1,"None","parabolic","box sum"
"5603",5603,5604,44.72525,39.03405,116.3317,NA,NA,NA,2.57e+09,5.61e+10,113.818,138.21203,110.64714,1,"None","parabolic","box sum"
"5604",5604,5605,178.20878,72.1482,115.84237,NA,NA,NA,2.34e+09,5.05e+10,108.27037,161.46158,105.66664,1,"None","parabolic","box sum"
"5605",5605,5606,189.03831,71.00306,115.98161,NA,NA,NA,2.62e+09,5.95e+10,101.94963,181.66575,141.38842,1,"None","parabolic","box sum"
"5606",5606,5607,169.08865,68.86042,115.86612,NA,NA,NA,2.32e+09,5.18e+10,132.27284,145.90115,118.21115,1,"None","parabolic","box sum"
"5607",5607,5608,163.82653,67.20138,115.89879,NA,NA,NA,3.69e+09,8.52e+10,134.33946,169.28031,155.50381,1,"None","parabolic","box sum"
"5608",5608,5609,109.37426,67.09791,115.86603,NA,NA,NA,2.51e+09,5.63e+10,102.38197,142.64888,137.89701,1,"None","parabolic","box sum"
"5609",5609,5610,55.41489,65.00636,115.90294,NA,NA,NA,2.32e+09,5.28e+10,85.45938,176.29273,170.26299,1,"None","parabolic","box sum"
"5610",5610,5611,166.38648,64.92937,115.83797,NA,NA,NA,2.53e+09,5.52e+10,96.27341,191.00581,115.03184,1,"None","parabolic","box sum"
"5611",5611,5612,64.59102,64.69793,115.89642,NA,NA,NA,2.76e+09,6.4e+10,119.79068,169.81916,183.05326,1,"None","parabolic","box sum"
"5612",5612,5613,89.71228,63.58975,115.91675,NA,NA,NA,2.73e+09,6.1e+10,103.4336,145.29246,152.54521,1,"None","parabolic","box sum"
"5617",5617,5618,78.83325,59.77617,115.7646,NA,NA,NA,2.37e+09,5.46e+10,121.41271,143.02981,194.28557,1,"None","parabolic","box sum"
"5621",5621,5622,152.14146,56.83692,115.82021,NA,NA,NA,2.61e+09,5.42e+10,97.90124,153.30249,106.99302,1,"None","parabolic","box sum"
"5622",5622,5623,44.22882,56.65725,115.88859,NA,NA,NA,2.39e+09,5.42e+10,153.14729,152.63826,246.78093,1,"None","parabolic","box sum"
"5623",5623,5624,183.61011,56.44583,115.96666,NA,NA,NA,2.56e+09,5.52e+10,90.74303,167.85118,131.85507,1,"None","parabolic","box sum"
"5624",5624,5625,129.2867,55.78985,115.93112,NA,NA,NA,2.29e+09,4.99e+10,94.43183,157.92897,124.94904,1,"None","parabolic","box sum"
"5625",5625,5626,164.02398,55.57822,115.73378,NA,NA,NA,2.26e+09,4.96e+10,116.36585,178.88677,106.83948,1,"None","parabolic","box sum"
"5626",5626,5627,170.85646,55.48862,115.82137,NA,NA,NA,2.62e+09,6.37e+10,119.83831,695.01424,525.29907,1,"None","parabolic","box sum"
"5627",5627,5628,141.72255,54.7684,115.84238,NA,NA,NA,2.44e+09,4.87e+10,77.10862,125.19103,108.22678,1,"None","parabolic","box sum"
"5628",5628,5629,63.29954,54.03191,115.7792,NA,NA,NA,5.62e+09,1.42e+11,192.70621,248.06726,454.99957,1,"None","parabolic","box sum"
"5629",5629,5630,37.21919,53.72543,115.7514,NA,NA,NA,2.53e+09,5.57e+10,184.51057,133.05837,113.56527,1,"None","parabolic","box sum"
"5630",5630,5631,20.47593,53.3406,115.85573,NA,NA,NA,2.76e+09,6.13e+10,118.73294,158.30135,118.20197,1,"None","parabolic","box sum"
"5631",5631,5632,172.43535,53.25089,115.78351,NA,NA,NA,3.39e+09,8.5e+10,173.17867,546.3376,1349.15429,1,"None","parabolic","box sum"
"5632",5632,5633,78.09823,52.99934,115.77758,NA,NA,NA,2.53e+09,5.63e+10,118.645,132.09999,125.88823,1,"None","parabolic","box sum"
"5637",5637,5638,79.78779,49.47675,115.71853,NA,NA,NA,2.28e+09,5.09e+10,123.94102,235.79019,105.88151,1,"None","parabolic","box sum"
"5641",5641,5642,160.27081,46.37246,115.70552,NA,NA,NA,2.38e+09,5.32e+10,114.90688,202.27975,110.08054,1,"None","parabolic","box sum"
"5642",5642,5643,145.3146,44.83787,115.8027,NA,NA,NA,2.46e+09,5.47e+10,120.18825,152.7192,189.12649,1,"None","parabolic","box sum"
"5643",5643,5644,155.3539,42.45899,115.94603,NA,NA,NA,2.81e+09,6.35e+10,124.87051,136.28441,154.11526,1,"None","parabolic","box sum"
"5644",5644,5645,22.88569,42.04938,115.70767,NA,NA,NA,2.36e+09,5.61e+10,129.17108,239.27575,275.26665,1,"None","parabolic","box sum"
"5645",5645,5646,25.59301,41.09903,116.00471,NA,NA,NA,2.35e+09,5.4e+10,118.16377,123.14701,225.18706,1,"None","parabolic","box sum"
"5646",5646,5647,116.13544,40.79347,115.72918,NA,NA,NA,2.26e+09,5.03e+10,127.35607,162.78577,105.64911,1,"None","parabolic","box sum"
"5647",5647,5648,39.70189,40.36851,115.70984,NA,NA,NA,2.33e+09,5.58e+10,300.66879,352.61279,145.20609,1,"None","parabolic","box sum"
"5648",5648,5649,39.05672,39.76865,115.70096,NA,NA,NA,2.61e+09,5.92e+10,146.18283,163.38241,126.51449,1,"None","parabolic","box sum"
"5649",5649,5650,187.07893,72.61536,115.48103,NA,NA,NA,2.5e+09,5.53e+10,115.03051,185.59693,115.84753,1,"None","parabolic","box sum"
"5650",5650,5651,59.67111,68.05422,115.44114,NA,NA,NA,2.29e+09,5.2e+10,104.21774,144.07289,257.74246,1,"None","parabolic","box sum"
"5651",5651,5652,15.54421,66.45996,115.62614,NA,NA,NA,2.97e+09,6.99e+10,126.43513,272.69764,137.14266,1,"None","parabolic","box sum"
"5652",5652,5653,168.76618,66.38643,115.41467,NA,NA,NA,2.66e+09,5.82e+10,87.98281,145.81744,145.81108,1,"None","parabolic","box sum"
"5657",5657,5658,61.75585,61.4848,115.50495,NA,NA,NA,2.72e+09,6.13e+10,95.3601,229.86633,140.62905,1,"None","parabolic","box sum"
"5661",5661,5662,102.39343,56.53776,115.35402,NA,NA,NA,2.46e+09,5.53e+10,202.54587,152.80077,140.37871,1,"None","parabolic","box sum"
"5662",5662,5663,172.74161,56.32233,115.52225,NA,NA,NA,8.9e+09,2.05e+11,188.7174,194.66045,127.58553,1,"None","parabolic","box sum"
"5663",5663,5664,170.78399,56.34332,115.4731,NA,NA,NA,3.38e+09,8.31e+10,185.01532,654.1605,205.21748,1,"None","parabolic","box sum"
"5664",5664,5665,56.284,56.27467,115.4539,NA,NA,NA,1.26e+10,2.88e+11,147.99784,160.84543,137.69424,1,"None","parabolic","box sum"
"5665",5665,5666,28.13173,56.22696,115.39942,NA,NA,NA,4.99e+09,1.11e+11,197.72864,166.05374,102.55367,1,"None","parabolic","box sum"
"5666",5666,5667,113.02961,55.23639,115.58548,NA,NA,NA,2.53e+09,5.48e+10,81.59119,153.32294,133.28785,1,"None","parabolic","box sum"
"5667",5667,5668,172.53562,55.01574,115.63354,NA,NA,NA,2.94e+09,7.27e+10,162.53808,1060.75338,163.42789,1,"None","parabolic","box sum"
"5668",5668,5669,77.93929,54.41852,115.6316,NA,NA,NA,2.27e+09,5.27e+10,121.83531,151.52258,165.51822,1,"None","parabolic","box sum"
"5669",5669,5670,172.53366,54.08173,115.5096,NA,NA,NA,6.48e+09,1.5e+11,213.39532,293.08248,121.15681,1,"None","parabolic","box sum"
"5670",5670,5671,64.53735,54.17316,115.33418,NA,NA,NA,5.47e+09,1.27e+11,140.80376,223.9266,125.76848,1,"None","parabolic","box sum"
"5671",5671,5672,54.09203,54.05266,115.43489,NA,NA,NA,1.55e+10,3.67e+11,163.2581,178.92516,441.80292,1,"None","parabolic","box sum"
"5672",5672,5673,62.95221,53.48889,115.50613,NA,NA,NA,3.91e+09,9.67e+10,281.42675,310.87118,175.89813,1,"None","parabolic","box sum"
"5677",5677,5678,136.652,52.36599,115.48315,NA,NA,NA,2.46e+09,5.78e+10,180.97582,136.01279,165.24577,1,"None","parabolic","box sum"
"5681",5681,5682,51.01714,50.94052,115.64909,NA,NA,NA,2.3e+09,5.41e+10,120.42092,281.58647,1613.07889,1,"None","parabolic","box sum"
"5682",5682,5683,50.74275,49.84003,115.50137,NA,NA,NA,2.4e+09,5.49e+10,157.01427,160.32702,140.49596,1,"None","parabolic","box sum"
"5683",5683,5684,141.63821,48.29419,115.36609,NA,NA,NA,2.52e+09,5.26e+10,97.59161,137.22694,106.64213,1,"None","parabolic","box sum"
"5684",5684,5685,46.19012,48.11196,115.59623,NA,NA,NA,2.77e+09,6.44e+10,102.78626,199.21225,162.48035,1,"None","parabolic","box sum"
"5685",5685,5686,56.35223,46.74215,115.36126,NA,NA,NA,3.37e+09,7.57e+10,112.70896,160.69585,132.06494,1,"None","parabolic","box sum"
"5686",5686,5687,172.56682,46.62381,115.64909,NA,NA,NA,4.62e+09,1.09e+11,155.3269,197.37768,139.14329,1,"None","parabolic","box sum"
"5687",5687,5688,46.69427,46.6753,115.61572,NA,NA,NA,8.19e+09,1.91e+11,158.80241,166.40735,143.906,1,"None","parabolic","box sum"
"5688",5688,5689,64.537,46.6023,115.5534,NA,NA,NA,2.76e+09,5.91e+10,114.3774,148.83435,115.05145,1,"None","parabolic","box sum"
"5689",5689,5690,187.15864,44.89724,115.51214,NA,NA,NA,2.67e+09,6.02e+10,105.03723,148.18013,137.45683,1,"None","parabolic","box sum"
"5690",5690,5691,93.97375,44.81958,115.41224,NA,NA,NA,2.35e+09,5.29e+10,87.84112,157.72557,202.89975,1,"None","parabolic","box sum"
"5691",5691,5692,17.57587,44.79665,115.58198,NA,NA,NA,2.34e+09,5.16e+10,119.04806,147.02898,153.14478,1,"None","parabolic","box sum"
"5692",5692,5693,95.11776,44.67367,115.57541,NA,NA,NA,2.25e+09,4.82e+10,163.93109,115.82124,107.91218,1,"None","parabolic","box sum"
"5697",5697,5698,175.21975,42.53412,115.56666,NA,NA,NA,2.28e+09,5.04e+10,119.52044,177.47235,116.54472,1,"None","parabolic","box sum"
"5701",5701,5702,163.81669,71.66151,115.04927,NA,NA,NA,2.46e+09,5.3e+10,93.48402,130.06368,129.65083,1,"None","parabolic","box sum"
"5702",5702,5703,92.024,70.19569,115.13586,NA,NA,NA,2.33e+09,5.14e+10,112.92027,129.59555,139.56261,1,"None","parabolic","box sum"
"5703",5703,5704,107.96642,69.34111,115.08141,NA,NA,NA,2.46e+09,4.92e+10,139.35761,137.28436,83.09895,1,"None","parabolic","box sum"
"5704",5704,5705,124.19997,68.86538,115.11741,NA,NA,NA,2.49e+09,5.31e+10,86.05787,162.66738,114.75521,1,"None","parabolic","box sum"
"5705",5705,5706,52.3293,67.22103,115.14403,NA,NA,NA,2.3e+09,4.72e+10,91.349,125.04083,112.68324,1,"None","parabolic","box sum"
"5706",5706,5707,120.02806,66.56911,115.22851,NA,NA,NA,2.56e+09,5.83e+10,117.10603,246.74557,126.06221,1,"None","parabolic","box sum"
"5707",5707,5708,113.94161,66.56318,115.16326,NA,NA,NA,2.41e+09,5.6e+10,114.4055,148.0099,161.91542,1,"None","parabolic","box sum"
"5708",5708,5709,172.5774,64.70832,115.15072,NA,NA,NA,3.49e+09,8.14e+10,111.54374,183.92204,162.45198,1,"None","parabolic","box sum"
"5709",5709,5710,40.89172,64.62811,115.2022,NA,NA,NA,2.91e+09,6.24e+10,102.5493,183.69214,103.63472,1,"None","parabolic","box sum"
"5710",5710,5711,54.19605,64.39345,115.21184,NA,NA,NA,2.53e+09,5.62e+10,102.98657,181.32925,148.16427,1,"None","parabolic","box sum"
"5711",5711,5712,62.88619,63.56093,115.21132,NA,NA,NA,3.05e+09,6.92e+10,177.09664,324.84472,124.11749,1,"None","parabolic","box sum"
"5712",5712,5713,121.46388,62.8757,115.13833,NA,NA,NA,2.8e+09,6.09e+10,148.55358,135.48541,104.828,1,"None","parabolic","box sum"
"5717",5717,5718,105.72567,60.60035,115.1476,NA,NA,NA,2.32e+09,5.36e+10,106.22696,185.15903,126.9747,1,"None","parabolic","box sum"
"5721",5721,5722,172.81155,57.64587,115.24187,NA,NA,NA,3.76e+09,9.37e+10,169.15169,654.38998,225.34269,1,"None","parabolic","box sum"
"5722",5722,5723,88.59601,57.48332,115.30552,NA,NA,NA,2.87e+09,5.87e+10,93.9164,164.46367,93.46092,1,"None","parabolic","box sum"
"5723",5723,5724,168.21829,57.3389,115.18783,NA,NA,NA,3.1e+09,6.71e+10,129.00405,144.33888,96.66568,1,"None","parabolic","box sum"
"5724",5724,5725,59.98928,56.3899,115.04012,NA,NA,NA,2.42e+09,5.72e+10,212.09482,216.21302,118.49904,1,"None","parabolic","box sum"
"5725",5725,5726,30.18302,56.45645,115.1682,NA,NA,NA,2.75e+09,6.15e+10,98.75073,151.23865,159.99031,1,"None","parabolic","box sum"
"5726",5726,5727,87.19768,56.3252,114.99414,NA,NA,NA,2.27e+09,4.95e+10,101.96547,141.73806,122.94132,1,"None","parabolic","box sum"
"5727",5727,5728,26.04772,56.3207,115.11704,NA,NA,NA,2.3e+09,5.14e+10,135.90592,142.58692,131.31726,1,"None","parabolic","box sum"
"5728",5728,5729,133.26766,55.50299,115.15186,NA,NA,NA,2.33e+09,4.77e+10,83.92407,123.42072,113.99001,1,"None","parabolic","box sum"
"5729",5729,5730,164.60545,55.31196,115.17181,NA,NA,NA,2.35e+09,5.21e+10,124.49309,147.96984,135.6256,1,"None","parabolic","box sum"
"5730",5730,5731,54.94839,54.95664,115.19166,NA,NA,NA,2.3e+09,5.44e+10,125.70229,145.21235,632.65842,1,"None","parabolic","box sum"
"5731",5731,5732,100.55309,54.79571,115.20726,NA,NA,NA,2.4e+09,5.22e+10,105.01532,149.7097,115.11403,1,"None","parabolic","box sum"
"5732",5732,5733,171.19789,54.12677,115.10742,NA,NA,NA,5.73e+09,1.35e+11,209.79033,190.11742,249.44913,1,"None","parabolic","box sum"
"5737",5737,5738,51.13473,51.39457,115.21385,NA,NA,NA,2.48e+09,5.88e+10,190.93029,228.63632,208.30542,1,"None","parabolic","box sum"
"5741",5741,5742,73.1806,49.24776,115.11833,NA,NA,NA,2.58e+09,5.59e+10,102.85465,149.62709,110.83865,1,"None","parabolic","box sum"
"5742",5742,5743,48.54382,48.70108,115.02935,NA,NA,NA,2.38e+09,5.52e+10,146.28055,132.09456,176.58198,1,"None","parabolic","box sum"
"5743",5743,5744,58.88347,47.7582,115.04247,NA,NA,NA,2.62e+09,5.82e+10,103.68765,160.49975,114.63213,1,"None","parabolic","box sum"
"5744",5744,5745,114.41693,47.68698,115.11541,NA,NA,NA,2.47e+09,5.86e+10,188.30304,195.64283,144.17595,1,"None","parabolic","box sum"
"5745",5745,5746,64.39202,46.43195,115.02622,NA,NA,NA,2.28e+09,5.51e+10,128.88283,198.41158,168.48266,1,"None","parabolic","box sum"
"5746",5746,5747,171.14784,45.40415,115.19033,NA,NA,NA,2.38e+09,5.36e+10,104.62325,138.75151,164.46847,1,"None","parabolic","box sum"
"5747",5747,5748,56.6069,45.50089,115.05007,NA,NA,NA,2.68e+09,5.95e+10,95.4798,151.0511,181.94383,1,"None","parabolic","box sum"
"5748",5748,5749,163.39518,44.24712,115.0348,NA,NA,NA,2.71e+09,5.94e+10,96.37509,151.45791,127.21461,1,"None","parabolic","box sum"
"5749",5749,5750,21.57821,42.39021,115.20385,NA,NA,NA,2.62e+09,5.39e+10,81.97837,173.92462,101.42046,1,"None","parabolic","box sum"
"5750",5750,5751,115.16683,42.36011,115.13338,NA,NA,NA,2.78e+09,5.87e+10,85.40442,176.0233,107.44363,1,"None","parabolic","box sum"
"5751",5751,5752,16.63375,40.2947,115.24295,NA,NA,NA,2.56e+09,5.44e+10,103.20642,121.11676,109.27027,1,"None","parabolic","box sum"
"5752",5752,5753,160.87153,39.55243,115.05129,NA,NA,NA,2.3e+09,5.02e+10,96.1931,140.92529,204.26452,1,"None","parabolic","box sum"
"5757",5757,5758,76.94605,64.47118,114.7326,NA,NA,NA,2.45e+09,5.15e+10,90.66502,172.41049,103.92094,1,"None","parabolic","box sum"
"5761",5761,5762,94.03566,61.80844,114.82166,NA,NA,NA,2.81e+09,6.1e+10,100.34955,133.98817,115.87089,1,"None","parabolic","box sum"
"5762",5762,5763,154.06741,58.29342,114.91088,NA,NA,NA,2.45e+09,5.59e+10,140.21809,212.80631,145.53237,1,"None","parabolic","box sum"
"5763",5763,5764,116.06058,57.41466,114.88336,NA,NA,NA,2.28e+09,5e+10,147.43111,135.08675,101.81224,1,"None","parabolic","box sum"
"5764",5764,5765,112.35404,56.94134,114.81417,NA,NA,NA,2.28e+09,4.94e+10,199.54976,199.55522,91.8867,1,"None","parabolic","box sum"
"5765",5765,5766,112.00699,56.94423,114.80634,NA,NA,NA,2.28e+09,4.99e+10,199.70121,156.96245,100.10159,1,"None","parabolic","box sum"
"5766",5766,5767,68.91089,57.0029,114.73602,NA,NA,NA,2.69e+09,6.25e+10,153.05691,234.24184,147.84342,1,"None","parabolic","box sum"
"5767",5767,5768,64.12396,54.85743,114.87841,NA,NA,NA,2.69e+09,6.56e+10,249.66041,184.9913,193.59213,1,"None","parabolic","box sum"
"5768",5768,5769,55.9218,54.85328,114.91355,NA,NA,NA,2.32e+09,5.47e+10,341.13644,182.33728,142.88503,1,"None","parabolic","box sum"
"5769",5769,5770,127.85955,52.50267,114.98472,NA,NA,NA,2.4e+09,5.26e+10,131.36961,130.51325,115.48162,1,"None","parabolic","box sum"
"5770",5770,5771,108.16477,51.14795,114.72916,NA,NA,NA,2.32e+09,5.13e+10,101.35843,153.37634,126.3184,1,"None","parabolic","box sum"
"5771",5771,5772,57.85347,51.15083,114.82529,NA,NA,NA,2.56e+09,5.52e+10,120.802,160.65747,101.40795,1,"None","parabolic","box sum"
"5772",5772,5773,21.93098,47.89848,114.90678,NA,NA,NA,2.35e+09,5.1e+10,123.43047,164.00492,120.11957,1,"None","parabolic","box sum"
"5777",5777,5778,37.30713,43.47113,114.71965,NA,NA,NA,2.25e+09,4.77e+10,94.7665,192.36964,100.6515,1,"None","parabolic","box sum"
"5781",5781,5782,152.90611,73.5815,114.52767,NA,NA,NA,2.37e+09,3.68e+10,110.68631,167.17179,121.73426,1,"None","parabolic","box sum"
"5782",5782,5783,47.08529,72.13239,114.49655,NA,NA,NA,2.3e+09,5.15e+10,107.89174,213.76421,119.0961,1,"None","parabolic","box sum"
"5783",5783,5784,37.19673,70.64514,114.33247,NA,NA,NA,2.84e+09,6.05e+10,110.828,116.84889,116.95319,1,"None","parabolic","box sum"
"5784",5784,5785,122.73811,69.13771,114.48953,NA,NA,NA,2.41e+09,5.47e+10,133.10035,164.01864,169.70474,1,"None","parabolic","box sum"
"5785",5785,5786,184.90806,67.65234,114.46613,NA,NA,NA,2.49e+09,5.39e+10,93.51944,156.59904,124.71998,1,"None","parabolic","box sum"
"5786",5786,5787,45.29793,66.28151,114.44187,NA,NA,NA,2.43e+09,5.66e+10,106.0523,141.01604,205.66642,1,"None","parabolic","box sum"
"5787",5787,5788,119.84907,65.99777,114.44822,NA,NA,NA,2.56e+09,5.98e+10,93.11516,230.96302,229.26551,1,"None","parabolic","box sum"
"5788",5788,5789,127.25023,64.11464,114.47966,NA,NA,NA,2.32e+09,4.92e+10,95.92073,115.54879,127.03812,1,"None","parabolic","box sum"
"5789",5789,5790,96.55518,63.97832,114.63871,NA,NA,NA,2.33e+09,4.97e+10,125.6974,152.75091,114.8178,1,"None","parabolic","box sum"
"5790",5790,5791,41.05572,62.2808,114.59848,NA,NA,NA,2.31e+09,5.57e+10,121.05361,213.94745,223.0162,1,"None","parabolic","box sum"
"5791",5791,5792,137.54709,59.21795,114.47722,NA,NA,NA,2.6e+09,5.82e+10,136.76823,159.30876,116.17881,1,"None","parabolic","box sum"
"5792",5792,5793,43.21854,58.72648,114.52867,NA,NA,NA,2.46e+09,5.38e+10,101.93371,162.65622,116.38951,1,"None","parabolic","box sum"
"5797",5797,5798,42.11329,57.08301,114.64815,NA,NA,NA,2.31e+09,5.38e+10,147.78532,140.4486,147.34399,1,"None","parabolic","box sum"
"5801",5801,5802,162.04547,54.80462,114.59972,NA,NA,NA,2.92e+09,6.62e+10,106.52926,149.93626,171.03988,1,"None","parabolic","box sum"
"5802",5802,5803,147.78463,54.64934,114.54321,NA,NA,NA,2.38e+09,5.32e+10,127.89227,186.92225,109.8085,1,"None","parabolic","box sum"
"5803",5803,5804,169.20777,53.97966,114.50907,NA,NA,NA,2.41e+09,5.58e+10,255.31613,164.39962,137.30955,1,"None","parabolic","box sum"
"5804",5804,5805,110.61655,53.85638,114.46033,NA,NA,NA,2.66e+09,5.7e+10,112.0946,153.72515,108.98781,1,"None","parabolic","box sum"
"5805",5805,5806,83.62337,53.4642,114.41629,NA,NA,NA,2.68e+09,5.89e+10,116.58082,134.99099,126.9576,1,"None","parabolic","box sum"
"5806",5806,5807,70.04686,53.46037,114.43945,NA,NA,NA,2.27e+09,5.28e+10,179.53945,205.91718,130.65177,1,"None","parabolic","box sum"
"5807",5807,5808,70.58732,53.01932,114.49428,NA,NA,NA,2.33e+09,5.12e+10,186.02756,153.07719,112.57726,1,"None","parabolic","box sum"
"5808",5808,5809,156.02466,52.57447,114.54068,NA,NA,NA,2.59e+09,5.55e+10,91.99391,150.86293,110.16065,1,"None","parabolic","box sum"
"5809",5809,5810,172.74106,52.26229,114.45455,NA,NA,NA,2.34e+09,5.47e+10,207.93288,550.53371,354.1891,1,"None","parabolic","box sum"
"5810",5810,5811,41.85444,52.18674,114.43426,NA,NA,NA,2.47e+09,5.42e+10,115.92859,160.63493,111.83709,1,"None","parabolic","box sum"
"5811",5811,5812,172.4447,52.00946,114.42432,NA,NA,NA,2.49e+09,5.97e+10,174.56252,235.45307,307.3898,1,"None","parabolic","box sum"
"5812",5812,5813,70.46642,51.63002,114.37438,NA,NA,NA,2.48e+09,5.28e+10,172.36979,135.55175,114.92544,1,"None","parabolic","box sum"
"5817",5817,5818,55.37383,49.62617,114.494,NA,NA,NA,2.52e+09,5.65e+10,157.94742,160.62868,119.85213,1,"None","parabolic","box sum"
"5821",5821,5822,123.97371,45.0005,114.56811,NA,NA,NA,2.43e+09,5.28e+10,103.09771,154.64765,116.99951,1,"None","parabolic","box sum"
"5822",5822,5823,57.30891,44.45567,114.38153,NA,NA,NA,2.63e+09,6.06e+10,97.03832,197.12192,160.79724,1,"None","parabolic","box sum"
"5823",5823,5824,58.94862,44.03411,114.34372,NA,NA,NA,2.4e+09,5.35e+10,201.39774,154.6222,105.42464,1,"None","parabolic","box sum"
"5824",5824,5825,38.24415,43.85617,114.51585,NA,NA,NA,2.58e+09,5.72e+10,138.57103,149.49524,125.55069,1,"None","parabolic","box sum"
"5825",5825,5826,49.94017,43.03936,114.32148,NA,NA,NA,2.37e+09,5.57e+10,140.9601,139.853,234.44837,1,"None","parabolic","box sum"
"5826",5826,5827,117.33566,42.04067,114.38954,NA,NA,NA,2.5e+09,5.45e+10,124.9841,136.9499,116.44334,1,"None","parabolic","box sum"
"5827",5827,5828,93.42684,41.10156,114.61296,NA,NA,NA,2.3e+09,4.9e+10,128.94146,142.93426,116.32442,1,"None","parabolic","box sum"
"5828",5828,5829,94.82649,40.95941,114.47033,NA,NA,NA,2.69e+09,6.24e+10,150.01194,145.3054,155.43371,1,"None","parabolic","box sum"
"5829",5829,5830,57.68528,40.81196,114.40355,NA,NA,NA,2.41e+09,5.43e+10,154.33206,174.11906,125.44179,1,"None","parabolic","box sum"
"5830",5830,5831,136.09165,73.5815,114.19272,NA,NA,NA,2.41e+09,3.89e+10,111.17366,177.86878,184.92663,1,"None","parabolic","box sum"
"5831",5831,5832,26.5384,72.8658,114.2475,NA,NA,NA,2.36e+09,5.24e+10,162.6816,131.21371,144.3491,1,"None","parabolic","box sum"
"5832",5832,5833,30.67446,72.53701,114.24339,NA,NA,NA,2.39e+09,4.83e+10,126.79178,135.40057,85.61319,1,"None","parabolic","box sum"
"5837",5837,5838,85.12173,67.75264,114.05521,NA,NA,NA,2.39e+09,5.44e+10,97.11893,155.19162,152.71336,1,"None","parabolic","box sum"
"5841",5841,5842,125.89838,64.17046,114.13603,NA,NA,NA,2.39e+09,5.54e+10,146.90713,178.17268,151.50046,1,"None","parabolic","box sum"
"5842",5842,5843,95.4327,63.49179,114.12946,NA,NA,NA,2.91e+09,6.24e+10,99.56296,162.19142,102.44435,1,"None","parabolic","box sum"
"5843",5843,5844,22.68521,61.28103,114.05261,NA,NA,NA,2.3e+09,5.06e+10,112.64545,187.72835,116.70661,1,"None","parabolic","box sum"
"5844",5844,5845,165.19599,60.90174,114.13755,NA,NA,NA,2.53e+09,5.6e+10,121.26492,144.57273,138.65054,1,"None","parabolic","box sum"
"5845",5845,5846,188.14068,60.54148,113.99543,NA,NA,NA,2.38e+09,5.15e+10,91.17942,173.42061,105.18724,1,"None","parabolic","box sum"
"5846",5846,5847,129.61119,60.07627,114.18769,NA,NA,NA,2.26e+09,4.92e+10,95.39797,151.10826,198.10033,1,"None","parabolic","box sum"
"5847",5847,5848,86.47591,59.93785,114.25946,NA,NA,NA,2.27e+09,5.24e+10,133.69029,257.18275,109.80475,1,"None","parabolic","box sum"
"5848",5848,5849,44.46145,58.70526,114.17678,NA,NA,NA,2.37e+09,5.33e+10,131.92902,197.20516,161.54325,1,"None","parabolic","box sum"
"5849",5849,5850,140.96472,58.03865,114.17482,NA,NA,NA,2.37e+09,5.07e+10,99.56113,132.1125,128.87353,1,"None","parabolic","box sum"
"5850",5850,5851,43.29267,57.62245,114.20002,NA,NA,NA,2.31e+09,4.89e+10,98.69699,142.39854,107.97101,1,"None","parabolic","box sum"
"5851",5851,5852,57.27019,57.34888,114.29004,NA,NA,NA,4.5e+09,1.09e+11,161.71424,178.46474,444.34845,1,"None","parabolic","box sum"
"5852",5852,5853,172.81376,57.27726,114.15636,NA,NA,NA,4.55e+09,1.08e+11,150.54448,208.9102,213.65058,1,"None","parabolic","box sum"
"5857",5857,5858,70.22164,53.12253,114.09791,NA,NA,NA,2.57e+09,5.81e+10,177.27496,198.87638,103.12402,1,"None","parabolic","box sum"
"5861",5861,5862,87.83581,49.93702,114.21806,NA,NA,NA,2.28e+09,5.04e+10,88.2906,183.1075,129.55904,1,"None","parabolic","box sum"
"5862",5862,5863,72.21149,48.78568,114.17179,NA,NA,NA,2.67e+09,5.78e+10,119.39739,158.16116,105.20643,1,"None","parabolic","box sum"
"5863",5863,5864,69.95382,47.16359,114.08372,NA,NA,NA,2.67e+09,6.16e+10,168.78374,182.23256,129.18353,1,"None","parabolic","box sum"
"5864",5864,5865,115.80557,46.98889,114.01133,NA,NA,NA,2.43e+09,5.25e+10,102.31235,142.20577,120.93276,1,"None","parabolic","box sum"
"5865",5865,5866,109.49609,46.58662,114.14465,NA,NA,NA,2.27e+09,5.01e+10,128.45656,219.39546,111.38397,1,"None","parabolic","box sum"
"5866",5866,5867,90.37767,46.47861,114.16375,NA,NA,NA,2.44e+09,5.45e+10,174.24099,168.8782,107.32013,1,"None","parabolic","box sum"
"5867",5867,5868,44.85391,44.85218,114.24852,NA,NA,NA,4.69e+09,1.1e+11,203.72086,154.21206,294.75892,1,"None","parabolic","box sum"
"5868",5868,5869,23.56435,41.84716,114.15723,NA,NA,NA,2.62e+09,6.14e+10,149.4562,172.28615,144.33742,1,"None","parabolic","box sum"
"5869",5869,5870,170.00236,40.62727,114.05093,NA,NA,NA,2.28e+09,4.94e+10,95.66973,159.93607,128.19219,1,"None","parabolic","box sum"
"5870",5870,5871,101.58723,40.34067,114.30124,NA,NA,NA,2.53e+09,5.64e+10,95.53843,156.03411,155.25264,1,"None","parabolic","box sum"
"5871",5871,5872,156.84316,39.78137,114.02673,NA,NA,NA,3.1e+09,6.82e+10,96.36837,164.14344,127.91932,1,"None","parabolic","box sum"
"5872",5872,5873,81.67454,38.92423,114.15595,NA,NA,NA,2.29e+09,3.56e+10,90.49158,133.05044,168.06501,1,"None","parabolic","box sum"
"5877",5877,5878,176.22,67.61394,113.76522,NA,NA,NA,2.69e+09,6.04e+10,104.67394,190.53632,128.84098,1,"None","parabolic","box sum"
"5881",5881,5882,160.42009,63.86921,113.69676,NA,NA,NA,2.7e+09,6.27e+10,102.92366,192.93812,154.91343,1,"None","parabolic","box sum"
"5882",5882,5883,75.09513,63.76662,113.70394,NA,NA,NA,2.29e+09,5.2e+10,128.9781,148.17157,143.3056,1,"None","parabolic","box sum"
"5883",5883,5884,45.7198,63.16872,113.67673,NA,NA,NA,2.56e+09,5.68e+10,108.70764,157.90144,133.54361,1,"None","parabolic","box sum"
"5884",5884,5885,42.2088,61.28791,113.90583,NA,NA,NA,2.56e+09,5.29e+10,80.61772,158.7747,107.73695,1,"None","parabolic","box sum"
"5885",5885,5886,174.37302,60.25086,113.78807,NA,NA,NA,2.66e+09,5.9e+10,96.94976,290.00852,123.40569,1,"None","parabolic","box sum"
"5886",5886,5887,70.90815,59.70984,113.72525,NA,NA,NA,2.27e+09,5.01e+10,105.9155,155.10535,138.9038,1,"None","parabolic","box sum"
"5887",5887,5888,57.707,59.24911,113.91068,NA,NA,NA,2.45e+09,5.42e+10,113.31234,153.30896,130.69934,1,"None","parabolic","box sum"
"5888",5888,5889,77.27863,57.12389,113.8481,NA,NA,NA,2.45e+09,5.37e+10,100.64879,144.91946,127.93684,1,"None","parabolic","box sum"
"5889",5889,5890,51.83501,57.19944,113.80757,NA,NA,NA,2.39e+09,5.27e+10,161.68004,165.89144,112.15544,1,"None","parabolic","box sum"
"5890",5890,5891,19.12821,57.10034,113.81197,NA,NA,NA,3.2e+09,7.51e+10,111.79291,173.7569,197.75695,1,"None","parabolic","box sum"
"5891",5891,5892,144.00916,52.66569,113.71161,NA,NA,NA,2.57e+09,6e+10,162.90878,247.16562,137.43973,1,"None","parabolic","box sum"
"5892",5892,5893,185.61699,51.77503,113.68673,NA,NA,NA,2.47e+09,5.36e+10,101.85684,163.4984,123.7641,1,"None","parabolic","box sum"
"5897",5897,5898,50.76381,47.64421,113.80161,NA,NA,NA,3.33e+09,7.27e+10,117.04496,156.69668,107.68896,1,"None","parabolic","box sum"
"5901",5901,5902,61.89852,44.74791,113.84457,NA,NA,NA,2.33e+09,5.16e+10,97.51711,152.91238,130.27418,1,"None","parabolic","box sum"
"5902",5902,5903,42.83391,43.01225,113.90404,NA,NA,NA,2.26e+09,5.32e+10,286.42963,294.50315,166.89718,1,"None","parabolic","box sum"
"5903",5903,5904,166.90701,42.11157,113.90698,NA,NA,NA,2.5e+09,5.72e+10,110.45364,178.39861,155.78127,1,"None","parabolic","box sum"
"5904",5904,5905,41.92823,42.02558,113.70794,NA,NA,NA,7.58e+09,1.77e+11,143.02672,184.16393,154.20872,1,"None","parabolic","box sum"
"5905",5905,5906,144.19746,41.61127,113.84,NA,NA,NA,2.35e+09,5.23e+10,111.82833,175.8126,107.45364,1,"None","parabolic","box sum"
"5906",5906,5907,188.76731,41.50673,113.72775,NA,NA,NA,2.65e+09,5.78e+10,98.40465,132.21306,157.25827,1,"None","parabolic","box sum"
"5907",5907,5908,140.40372,41.21559,113.69908,NA,NA,NA,2.39e+09,5.14e+10,100.73674,122.46192,130.29379,1,"None","parabolic","box sum"
"5908",5908,5909,155.06557,40.55135,113.83189,NA,NA,NA,2.44e+09,5.51e+10,111.89245,187.46758,118.98762,1,"None","parabolic","box sum"
"5909",5909,5910,106.58471,72.45769,113.50744,NA,NA,NA,2.42e+09,5.12e+10,103.84399,127.21861,116.83011,1,"None","parabolic","box sum"
"5910",5910,5911,55.95343,71.34283,113.57188,NA,NA,NA,2.3e+09,5.11e+10,100.51444,180.05562,134.33677,1,"None","parabolic","box sum"
"5911",5911,5912,44.45463,71.42667,113.51951,NA,NA,NA,2.45e+09,5.23e+10,130.91281,171.65269,92.6615,1,"None","parabolic","box sum"
"5912",5912,5913,51.14831,70.4025,113.39121,NA,NA,NA,2.38e+09,5.34e+10,100.11382,143.29991,182.15996,1,"None","parabolic","box sum"
"5917",5917,5918,166.91394,62.70097,113.55817,NA,NA,NA,2.3e+09,5.25e+10,123.24543,189.46049,192.51651,1,"None","parabolic","box sum"
"5921",5921,5922,108.38288,56.75642,113.3395,NA,NA,NA,2.27e+09,4.77e+10,117.51886,183.78091,93.93698,1,"None","parabolic","box sum"
"5922",5922,5923,169.78213,56.14624,113.39635,NA,NA,NA,2.57e+09,5.96e+10,164.01049,177.30859,148.37873,1,"None","parabolic","box sum"
"5923",5923,5924,169.95176,55.9599,113.46667,NA,NA,NA,2.47e+09,5.75e+10,162.1225,293.37287,120.63777,1,"None","parabolic","box sum"
"5924",5924,5925,172.74496,54.24158,113.42947,NA,NA,NA,2.89e+09,6.6e+10,145.14861,330.72811,1441.79034,1,"None","parabolic","box sum"
"5925",5925,5926,65.22781,54.03233,113.4986,NA,NA,NA,2.41e+09,5.17e+10,97.95681,122.09892,227.19729,1,"None","parabolic","box sum"
"5926",5926,5927,172.1641,53.74171,113.32404,NA,NA,NA,2.89e+09,6.48e+10,228.64397,170.98272,126.95175,1,"None","parabolic","box sum"
"5927",5927,5928,112.85916,53.64561,113.61562,NA,NA,NA,2.45e+09,5.5e+10,94.80192,172.6746,138.66013,1,"None","parabolic","box sum"
"5928",5928,5929,41.8765,53.30893,113.48264,NA,NA,NA,3.31e+09,7.29e+10,105.99611,127.73824,148.97245,1,"None","parabolic","box sum"
"5929",5929,5930,176.84511,52.804,113.55957,NA,NA,NA,2.52e+09,5.61e+10,266.45383,197.67934,114.51155,1,"None","parabolic","box sum"
"5930",5930,5931,17.48862,51.50388,113.3591,NA,NA,NA,2.29e+09,5.29e+10,116.2486,156.55106,222.82386,1,"None","parabolic","box sum"
"5931",5931,5932,107.14886,50.99133,113.511,NA,NA,NA,2.54e+09,5.82e+10,172.09375,149.35338,126.16152,1,"None","parabolic","box sum"
"5932",5932,5933,50.91518,50.69376,113.47553,NA,NA,NA,2.48e+09,5.9e+10,121.46645,226.21304,1530.04149,1,"None","parabolic","box sum"
"5937",5937,5938,17.98777,45.00203,113.58569,NA,NA,NA,2.26e+09,4.83e+10,89.52178,129.36419,162.32473,1,"None","parabolic","box sum"
"5941",5941,5942,121.88647,40.45027,113.30804,NA,NA,NA,2.49e+09,5.58e+10,119.59892,130.6597,157.25785,1,"None","parabolic","box sum"
"5942",5942,5943,181.07861,40.25922,113.45399,NA,NA,NA,2.26e+09,4.98e+10,110.53669,142.39228,114.77399,1,"None","parabolic","box sum"
"5943",5943,5944,169.68068,39.09086,113.30898,NA,NA,NA,2.34e+09,5.35e+10,164.56653,160.2298,113.01535,1,"None","parabolic","box sum"
"5944",5944,5945,56.04504,73.5815,113.22846,NA,NA,NA,2.52e+09,3.88e+10,110.56662,164.51598,158.14781,1,"None","parabolic","box sum"
"5945",5945,5946,110.21647,73.46426,113.18354,NA,NA,NA,2.44e+09,5.74e+10,105.1167,224.04473,189.01384,1,"None","parabolic","box sum"
"5946",5946,5947,170.87365,73.09251,113.29285,NA,NA,NA,2.25e+09,5e+10,90.24729,142.39581,153.55241,1,"None","parabolic","box sum"
"5947",5947,5948,107.94007,71.01487,113.30263,NA,NA,NA,2.45e+09,5.64e+10,131.07037,138.27294,154.65099,1,"None","parabolic","box sum"
"5948",5948,5949,135.70799,70.75649,113.09138,NA,NA,NA,2.75e+09,6e+10,145.2851,159.89367,101.96161,1,"None","parabolic","box sum"
"5949",5949,5950,47.95869,65.0135,113.00543,NA,NA,NA,2.29e+09,5.29e+10,120.87285,168.29626,149.55324,1,"None","parabolic","box sum"
"5950",5950,5951,64.1067,62.7294,113.14174,NA,NA,NA,2.5e+09,5.15e+10,90.76273,137.59285,97.13757,1,"None","parabolic","box sum"
"5951",5951,5952,129.8758,62.50308,113.04293,NA,NA,NA,2.3e+09,5.13e+10,133.99808,129.5411,135.15204,1,"None","parabolic","box sum"
"5952",5952,5953,183.63588,61.90342,112.99072,NA,NA,NA,2.44e+09,5.41e+10,121.95425,186.21171,115.66603,1,"None","parabolic","box sum"
"5957",5957,5958,113.36,58.00744,113.09586,NA,NA,NA,2.56e+09,5.78e+10,155.13574,146.46509,130.9188,1,"None","parabolic","box sum"
"5961",5961,5962,122.88656,54.0291,113.24416,NA,NA,NA,2.49e+09,5.99e+10,218.10414,139.17583,199.74047,1,"None","parabolic","box sum"
"5962",5962,5963,171.07028,53.3159,113.03913,NA,NA,NA,2.28e+09,5.11e+10,151.84375,129.95499,127.87467,1,"None","parabolic","box sum"
"5963",5963,5964,62.43318,53.18305,113.10941,NA,NA,NA,2.61e+09,6.13e+10,138.89348,319.87089,156.00365,1,"None","parabolic","box sum"
"5964",5964,5965,166.23033,53.07944,113.14908,NA,NA,NA,2.25e+09,5.44e+10,203.8601,171.00942,230.52388,1,"None","parabolic","box sum"
"5965",5965,5966,169.87511,51.85511,112.98115,NA,NA,NA,2.98e+09,6.53e+10,108.15831,150.1382,123.63476,1,"None","parabolic","box sum"
"5966",5966,5967,103.57157,50.55204,113.07646,NA,NA,NA,2.41e+09,5.52e+10,107.998,171.32694,163.10996,1,"None","parabolic","box sum"
"5967",5967,5968,185.47524,49.70602,113.20292,NA,NA,NA,2.26e+09,5.17e+10,97.15275,180.62329,154.84667,1,"None","parabolic","box sum"
"5968",5968,5969,108.68968,49.25049,113.10561,NA,NA,NA,2.34e+09,5.12e+10,142.90214,127.81376,125.46349,1,"None","parabolic","box sum"
"5969",5969,5970,153.17253,48.89115,113.08771,NA,NA,NA,2.28e+09,5.25e+10,130.25691,172.15139,136.78217,1,"None","parabolic","box sum"
"5970",5970,5971,169.85628,45.87881,113.03702,NA,NA,NA,3.8e+09,9.19e+10,208.37625,299.64221,153.84489,1,"None","parabolic","box sum"
"5971",5971,5972,24.15893,45.81453,113.0134,NA,NA,NA,2.34e+09,5.32e+10,178.72844,137.69674,148.46009,1,"None","parabolic","box sum"
"5972",5972,5973,170.08699,45.6896,113.2765,NA,NA,NA,3.6e+09,9.14e+10,210.99372,353.95712,184.77309,1,"None","parabolic","box sum"
"5977",5977,5978,83.92151,42.46097,113.2373,NA,NA,NA,2.48e+09,5.75e+10,111.981,173.29502,147.76415,1,"None","parabolic","box sum"
"5981",5981,5982,27.71491,40.44966,113.22647,NA,NA,NA,2.66e+09,5.99e+10,100.58528,209.37186,135.6523,1,"None","parabolic","box sum"
"5982",5982,5983,43.47453,40.30709,112.99737,NA,NA,NA,2.4e+09,5.33e+10,132.54216,177.83868,119.74573,1,"None","parabolic","box sum"
"5983",5983,5984,25.72546,40.2522,113.11928,NA,NA,NA,2.26e+09,5.05e+10,86.01146,200.01125,152.04954,1,"None","parabolic","box sum"
"5984",5984,5985,160.54754,73.31269,112.80986,NA,NA,NA,2.31e+09,5.33e+10,159.9145,161.50072,139.36943,1,"None","parabolic","box sum"
"5985",5985,5986,79.1517,72.6473,112.90989,NA,NA,NA,2.33e+09,5.05e+10,118.41293,128.49661,115.06981,1,"None","parabolic","box sum"
"5986",5986,5987,135.93753,70.57673,112.92252,NA,NA,NA,2.5e+09,5.6e+10,155.52171,142.33653,112.78713,1,"None","parabolic","box sum"
"5987",5987,5988,57.11643,70.44009,112.80746,NA,NA,NA,2.32e+09,5.13e+10,94.85933,139.57194,161.03256,1,"None","parabolic","box sum"
"5988",5988,5989,49.30337,69.83849,112.84365,NA,NA,NA,2.46e+09,5.14e+10,84.29904,141.34148,108.36279,1,"None","parabolic","box sum"
"5989",5989,5990,134.25111,66.19346,112.7109,NA,NA,NA,2.27e+09,4.79e+10,84.84379,139.04628,123.51376,1,"None","parabolic","box sum"
"5990",5990,5991,79.4153,65.61383,112.63588,NA,NA,NA,2.53e+09,5.75e+10,125.18441,193.12869,126.46985,1,"None","parabolic","box sum"
"5991",5991,5992,187.50769,65.11719,112.88005,NA,NA,NA,2.38e+09,5.49e+10,167.03778,175.50844,137.22819,1,"None","parabolic","box sum"
"5992",5992,5993,156.72201,63.13864,112.95525,NA,NA,NA,2.27e+09,5.02e+10,105.50083,125.35229,163.38909,1,"None","parabolic","box sum"
"5997",5997,5998,126.67057,58.77836,112.69309,NA,NA,NA,2.28e+09,4.95e+10,154.94276,159.12914,98.48857,1,"None","parabolic","box sum"
"6001",6001,6002,59.48042,54.37815,112.65126,NA,NA,NA,2.6e+09,5.79e+10,108.21419,140.02407,127.61348,1,"None","parabolic","box sum"
"6002",6002,6003,122.44427,54.07983,112.72555,NA,NA,NA,2.37e+09,5.59e+10,211.11892,160.40587,188.91662,1,"None","parabolic","box sum"
"6003",6003,6004,62.23715,52.86142,112.78083,NA,NA,NA,3.41e+09,7.82e+10,255.24223,166.45908,148.84853,1,"None","parabolic","box sum"
"6004",6004,6005,166.7485,52.80629,112.69853,NA,NA,NA,2.61e+09,5.82e+10,192.51934,133.6838,222.90021,1,"None","parabolic","box sum"
"6005",6005,6006,98.48975,49.3742,112.75936,NA,NA,NA,2.62e+09,6.1e+10,127.30844,150.9856,162.27299,1,"None","parabolic","box sum"
"6006",6006,6007,141.04071,49.14204,112.95724,NA,NA,NA,2.41e+09,5.61e+10,147.19294,217.31555,119.56882,1,"None","parabolic","box sum"
"6007",6007,6008,150.67982,47.6627,112.75149,NA,NA,NA,2.49e+09,5.48e+10,94.91918,190.08988,139.3761,1,"None","parabolic","box sum"
"6008",6008,6009,155.47882,46.84591,112.91104,NA,NA,NA,2.5e+09,5.52e+10,93.09378,141.55322,161.19736,1,"None","parabolic","box sum"
"6009",6009,6010,39.74459,46.35133,112.73462,NA,NA,NA,2.62e+09,5.7e+10,89.11627,182.91765,130.2141,1,"None","parabolic","box sum"
"6010",6010,6011,85.55537,45.15791,112.88137,NA,NA,NA,2.89e+09,6.53e+10,154.01938,121.81896,146.1165,1,"None","parabolic","box sum"
"6011",6011,6012,100.78466,44.29725,112.8531,NA,NA,NA,2.41e+09,5.29e+10,96.48258,159.71953,131.621,1,"None","parabolic","box sum"
"6012",6012,6013,187.05957,39.3523,112.7673,NA,NA,NA,2.48e+09,5.54e+10,109.79576,168.75261,110.65799,1,"None","parabolic","box sum"
"6017",6017,6018,25.23437,70.61637,112.61758,NA,NA,NA,2.44e+09,5.44e+10,135.68362,136.24503,129.81772,1,"None","parabolic","box sum"
"6021",6021,6022,150.62359,68.1121,112.31789,NA,NA,NA,2.81e+09,5.99e+10,95.90119,137.29255,152.26775,1,"None","parabolic","box sum"
"6022",6022,6023,21.2213,65.68734,112.50419,NA,NA,NA,2.59e+09,6.03e+10,273.6928,158.27256,178.14243,1,"None","parabolic","box sum"
"6023",6023,6024,32.22014,65.32318,112.56555,NA,NA,NA,2.45e+09,5.22e+10,98.76294,161.35789,102.36549,1,"None","parabolic","box sum"
"6024",6024,6025,165.32558,64.36832,112.60081,NA,NA,NA,2.31e+09,5.03e+10,87.79013,134.52995,156.40545,1,"None","parabolic","box sum"
"6025",6025,6026,52.37931,63.49948,112.58226,NA,NA,NA,2.46e+09,5.72e+10,107.14668,178.20647,167.84263,1,"None","parabolic","box sum"
"6026",6026,6027,169.2364,62.61483,112.53938,NA,NA,NA,2.38e+09,5.11e+10,124.84608,180.08652,104.98905,1,"None","parabolic","box sum"
"6027",6027,6028,164.486,62.50087,112.50237,NA,NA,NA,2.4e+09,5.15e+10,85.47709,151.55178,121.16641,1,"None","parabolic","box sum"
"6028",6028,6029,62.06231,62.13288,112.48951,NA,NA,NA,2.32e+09,5.27e+10,98.74584,180.77683,150.10482,1,"None","parabolic","box sum"
"6029",6029,6030,23.66046,58.86329,112.47639,NA,NA,NA,2.34e+09,5.52e+10,165.40777,300.63751,119.82834,1,"None","parabolic","box sum"
"6030",6030,6031,66.90083,57.86418,112.42389,NA,NA,NA,2.66e+09,5.51e+10,163.06267,140.52954,88.36317,1,"None","parabolic","box sum"
"6031",6031,6032,170.51736,56.71631,112.45621,NA,NA,NA,2.31e+09,5.21e+10,152.66728,162.87422,291.51285,1,"None","parabolic","box sum"
"6032",6032,6033,56.3934,56.29362,112.62438,NA,NA,NA,2.79e+09,6.81e+10,123.41337,230.02216,191.43462,1,"None","parabolic","box sum"
"6037",6037,6038,54.65354,54.02059,112.3994,NA,NA,NA,2.29e+09,5.14e+10,185.89809,340.26939,134.40645,1,"None","parabolic","box sum"
"6041",6041,6042,31.77541,52.32029,112.44661,NA,NA,NA,4.52e+09,1.04e+11,280.7965,157.44227,132.21097,1,"None","parabolic","box sum"
"6042",6042,6043,19.66465,52.33397,112.45438,NA,NA,NA,2.72e+09,5.75e+10,120.04229,144.31864,89.2573,1,"None","parabolic","box sum"
"6043",6043,6044,188.17407,51.96855,112.33034,NA,NA,NA,2.26e+09,4.97e+10,94.25133,128.50428,174.28052,1,"None","parabolic","box sum"
"6044",6044,6045,66.51025,50.78523,112.38693,NA,NA,NA,2.31e+09,5.16e+10,129.85507,120.56518,169.63923,1,"None","parabolic","box sum"
"6045",6045,6046,41.27015,50.05225,112.41766,NA,NA,NA,2.88e+09,6.51e+10,99.44693,147.31646,164.88278,1,"None","parabolic","box sum"
"6046",6046,6047,170.59429,49.20819,112.51005,NA,NA,NA,2.29e+09,5.04e+10,214.6613,128.06618,111.10944,1,"None","parabolic","box sum"
"6047",6047,6048,174.94019,47.82681,112.37549,NA,NA,NA,2.4e+09,5.42e+10,121.38095,153.83196,121.81562,1,"None","parabolic","box sum"
"6048",6048,6049,23.67346,47.0289,112.43856,NA,NA,NA,2.52e+09,5.44e+10,96.04409,165.31587,130.49573,1,"None","parabolic","box sum"
"6049",6049,6050,185.36958,46.85933,112.46434,NA,NA,NA,2.5e+09,5.67e+10,138.35362,164.62785,125.64832,1,"None","parabolic","box sum"
"6050",6050,6051,118.16262,45.95898,112.38906,NA,NA,NA,2.44e+09,5.59e+10,117.49443,170.22669,155.61813,1,"None","parabolic","box sum"
"6051",6051,6052,96.59705,45.90594,112.43088,NA,NA,NA,2.52e+09,5.56e+10,98.93027,127.04563,163.93608,1,"None","parabolic","box sum"
"6052",6052,6053,45.54322,45.60923,112.4153,NA,NA,NA,3.78e+09,9.21e+10,173.78174,260.49495,273.57686,1,"None","parabolic","box sum"
"6057",6057,6058,17.60229,44.1838,112.35774,NA,NA,NA,2.48e+09,5.46e+10,141.52927,125.77224,114.89415,1,"None","parabolic","box sum"
"6061",6061,6062,47.3606,40.25466,112.39817,NA,NA,NA,2.33e+09,5.11e+10,117.33321,175.29023,100.80796,1,"None","parabolic","box sum"
"6062",6062,6063,71.07284,39.51627,112.43169,NA,NA,NA,2.26e+09,4.97e+10,119.649,125.97042,131.72823,1,"None","parabolic","box sum"
"6063",6063,6064,69.66363,73.17381,111.96304,NA,NA,NA,2.84e+09,6.26e+10,136.68029,130.7726,124.65405,1,"None","parabolic","box sum"
"6064",6064,6065,43.85102,72.18009,112.13993,NA,NA,NA,2.4e+09,5.57e+10,130.28256,166.18606,224.33215,1,"None","parabolic","box sum"
"6065",6065,6066,55.47748,71.38902,112.25055,NA,NA,NA,2.35e+09,5.27e+10,126.70873,132.66072,125.02164,1,"None","parabolic","box sum"
"6066",6066,6067,80.17665,71.1277,111.97901,NA,NA,NA,2.49e+09,5.42e+10,95.35522,134.59449,155.6319,1,"None","parabolic","box sum"
"6067",6067,6068,170.2986,70.04566,112.12765,NA,NA,NA,2.42e+09,5.19e+10,84.60837,139.81644,129.36211,1,"None","parabolic","box sum"
"6068",6068,6069,86.60185,69.73376,111.97814,NA,NA,NA,2.43e+09,5.38e+10,104.164,252.13648,127.08569,1,"None","parabolic","box sum"
"6069",6069,6070,80.6936,69.10421,112.22063,NA,NA,NA,2.26e+09,4.78e+10,92.56552,155.07077,107.42903,1,"None","parabolic","box sum"
"6070",6070,6071,155.22817,65.97548,112.12541,NA,NA,NA,2.51e+09,5.57e+10,109.82889,170.63777,131.17915,1,"None","parabolic","box sum"
"6071",6071,6072,52.71394,62.18727,112.08277,NA,NA,NA,2.76e+09,6.44e+10,143.75956,173.08202,176.92286,1,"None","parabolic","box sum"
"6072",6072,6073,105.44517,60.88876,112.17294,NA,NA,NA,2.3e+09,5.08e+10,103.46414,209.07772,123.60805,1,"None","parabolic","box sum"
"6077",6077,6078,56.94751,56.93697,112.01188,NA,NA,NA,2.89e+09,6.84e+10,157.4955,168.89802,302.01292,1,"None","parabolic","box sum"
"6081",6081,6082,45.62502,52.46762,112.22316,NA,NA,NA,2.65e+09,6.43e+10,158.73645,194.10324,167.30607,1,"None","parabolic","box sum"
"6082",6082,6083,52.33207,52.389,112.26106,NA,NA,NA,1.26e+10,2.87e+11,147.20393,168.73342,131.54966,1,"None","parabolic","box sum"
"6083",6083,6084,51.29009,52.32064,112.15124,NA,NA,NA,3.49e+09,8.28e+10,390.66692,233.46746,140.93488,1,"None","parabolic","box sum"
"6084",6084,6085,173.42936,52.27717,112.17201,NA,NA,NA,4e+09,9.31e+10,315.50155,186.74326,122.54745,1,"None","parabolic","box sum"
"6085",6085,6086,171.1905,52.30577,111.99693,NA,NA,NA,2.97e+09,7.17e+10,211.02304,163.2005,248.13902,1,"None","parabolic","box sum"
"6086",6086,6087,25.30598,51.96842,112.02442,NA,NA,NA,2.92e+09,6.91e+10,117.59948,160.27653,233.38276,1,"None","parabolic","box sum"
"6087",6087,6088,56.48711,51.34054,112.09365,NA,NA,NA,2.43e+09,5.29e+10,93.78449,264.67353,133.14807,1,"None","parabolic","box sum"
"6088",6088,6089,189.56058,50.79691,112.08761,NA,NA,NA,2.74e+09,5.87e+10,102.40875,175.51595,103.14488,1,"None","parabolic","box sum"
"6089",6089,6090,176.45995,50.40159,112.24851,NA,NA,NA,2.49e+09,5.48e+10,203.25153,155.41327,102.92292,1,"None","parabolic","box sum"
"6090",6090,6091,33.47718,50.09203,112.24774,NA,NA,NA,2.26e+09,4.79e+10,93.10294,130.25624,115.69732,1,"None","parabolic","box sum"
"6091",6091,6092,141.4897,48.79554,112.19088,NA,NA,NA,2.79e+09,6.07e+10,111.22801,153.9976,110.2708,1,"None","parabolic","box sum"
"6092",6092,6093,119.86619,47.18275,112.14686,NA,NA,NA,2.77e+09,6.2e+10,113.6812,153.91624,149.94878,1,"None","parabolic","box sum"
"6097",6097,6098,87.64097,43.92589,112.22802,NA,NA,NA,2.83e+09,6.41e+10,172.83637,149.19943,114.9947,1,"None","parabolic","box sum"
"6101",6101,6102,138.31026,42.07439,112.27036,NA,NA,NA,2.66e+09,5.91e+10,92.72919,217.23169,116.80007,1,"None","parabolic","box sum"
"6102",6102,6103,137.83809,40.04938,112.20974,NA,NA,NA,2.57e+09,5.82e+10,95.45415,173.89959,178.70778,1,"None","parabolic","box sum"
"6103",6103,6104,179.19835,39.62378,112.03307,NA,NA,NA,2.42e+09,5.57e+10,132.15162,140.76173,276.08359,1,"None","parabolic","box sum"
"6104",6104,6105,121.30402,38.92423,112.29115,NA,NA,NA,2.38e+09,3.73e+10,119.01631,136.42585,178.20543,1,"None","parabolic","box sum"
"6105",6105,6106,182.84598,73.22782,111.92027,NA,NA,NA,2.45e+09,5.35e+10,128.09472,164.24085,119.06606,1,"None","parabolic","box sum"
"6106",6106,6107,152.51836,72.33965,111.72287,NA,NA,NA,2.35e+09,5.13e+10,111.04174,127.21753,141.50065,1,"None","parabolic","box sum"
"6107",6107,6108,111.20408,72.00448,111.65627,NA,NA,NA,2.45e+09,5.55e+10,102.15479,157.99909,135.46038,1,"None","parabolic","box sum"
"6108",6108,6109,18.18284,71.37857,111.70991,NA,NA,NA,2.5e+09,5.69e+10,101.29614,140.77352,150.42442,1,"None","parabolic","box sum"
"6109",6109,6110,26.69775,69.71444,111.83136,NA,NA,NA,2.28e+09,4.65e+10,91.7765,159.89346,92.35191,1,"None","parabolic","box sum"
"6110",6110,6111,153.33109,68.99789,111.71955,NA,NA,NA,2.86e+09,6.34e+10,103.06596,159.96992,128.25352,1,"None","parabolic","box sum"
"6111",6111,6112,92.02935,68.73815,111.65559,NA,NA,NA,2.74e+09,5.99e+10,99.81213,143.02376,122.79737,1,"None","parabolic","box sum"
"6112",6112,6113,39.48058,68.13317,111.90155,NA,NA,NA,2.87e+09,6.29e+10,273.83937,171.41236,111.00972,1,"None","parabolic","box sum"
"6117",6117,6118,80.83958,59.85637,111.78432,NA,NA,NA,2.33e+09,5.29e+10,99.43716,149.55011,173.95341,1,"None","parabolic","box sum"
"6121",6121,6122,70.97103,56.83765,111.73909,NA,NA,NA,2.43e+09,5.43e+10,113.6983,162.77409,122.14065,1,"None","parabolic","box sum"
"6122",6122,6123,142.93749,56.5127,111.83069,NA,NA,NA,2.71e+09,6.18e+10,132.00536,172.00974,167.86349,1,"None","parabolic","box sum"
"6123",6123,6124,115.7156,56.46763,111.87045,NA,NA,NA,2.46e+09,5.69e+10,180.4897,237.93498,125.1877,1,"None","parabolic","box sum"
"6124",6124,6125,41.94239,56.40248,111.91285,NA,NA,NA,2.36e+09,5.33e+10,109.32811,128.13064,195.14549,1,"None","parabolic","box sum"
"6125",6125,6126,172.61817,55.10115,111.79987,NA,NA,NA,4.91e+09,1.13e+11,170.06988,163.41704,168.31827,1,"None","parabolic","box sum"
"6126",6126,6127,30.47161,54.98294,111.83005,NA,NA,NA,2.96e+09,6.7e+10,207.51211,186.5772,105.61073,1,"None","parabolic","box sum"
"6127",6127,6128,162.9192,54.83739,111.78564,NA,NA,NA,2.25e+09,4.91e+10,88.78649,164.57111,126.51074,1,"None","parabolic","box sum"
"6128",6128,6129,41.11368,54.26036,111.87057,NA,NA,NA,2.28e+09,5.16e+10,283.06344,148.96744,122.68472,1,"None","parabolic","box sum"
"6129",6129,6130,173.62376,52.51123,111.87583,NA,NA,NA,3.63e+09,8.54e+10,329.40544,189.84747,174.98982,1,"None","parabolic","box sum"
"6130",6130,6131,45.95216,51.117,111.67039,NA,NA,NA,2.26e+09,5.1e+10,107.69387,166.71526,138.49491,1,"None","parabolic","box sum"
"6131",6131,6132,29.00391,49.56135,111.6681,NA,NA,NA,2.27e+09,5.32e+10,112.62102,168.53982,161.61168,1,"None","parabolic","box sum"
"6132",6132,6133,85.17434,49.01917,111.77622,NA,NA,NA,2.47e+09,5.04e+10,88.25152,171.73833,91.83371,1,"None","parabolic","box sum"
"6137",6137,6138,169.82673,45.05655,111.72307,NA,NA,NA,3.23e+09,7.53e+10,187.41019,178.82001,136.9766,1,"None","parabolic","box sum"
"6141",6141,6142,83.35578,42.28977,111.81084,NA,NA,NA,2.47e+09,5.21e+10,115.4327,143.91768,97.5982,1,"None","parabolic","box sum"
"6142",6142,6143,66.72385,41.25987,111.81918,NA,NA,NA,2.4e+09,4.75e+10,114.29679,151.33315,80.83588,1,"None","parabolic","box sum"
"6143",6143,6144,38.75193,40.19293,111.8026,NA,NA,NA,3.1e+09,6.88e+10,114.97834,159.17963,110.34423,1,"None","parabolic","box sum"
"6144",6144,6145,150.26313,39.19982,111.75366,NA,NA,NA,2.72e+09,5.77e+10,211.36198,149.91415,101.14133,1,"None","parabolic","box sum"
"6145",6145,6146,157.85532,72.84306,111.43622,NA,NA,NA,2.75e+09,6.18e+10,100.52971,139.2049,161.52948,1,"None","parabolic","box sum"
"6146",6146,6147,164.91807,72.17042,111.30279,NA,NA,NA,2.43e+09,5.19e+10,237.5297,169.78986,96.13079,1,"None","parabolic","box sum"
"6147",6147,6148,85.12583,72.05046,111.47148,NA,NA,NA,2.53e+09,5.68e+10,97.40474,183.29867,136.05952,1,"None","parabolic","box sum"
"6148",6148,6149,44.70947,69.63775,111.4671,NA,NA,NA,2.62e+09,5.91e+10,114.57772,144.3189,147.56596,1,"None","parabolic","box sum"
"6149",6149,6150,76.89238,67.47872,111.59323,NA,NA,NA,2.4e+09,5.17e+10,136.37005,229.31141,101.57859,1,"None","parabolic","box sum"
"6150",6150,6151,179.03058,65.82816,111.32068,NA,NA,NA,2.36e+09,5.37e+10,113.32226,155.94879,187.31821,1,"None","parabolic","box sum"
"6151",6151,6152,173.50679,64.7483,111.36296,NA,NA,NA,2.34e+09,5.29e+10,95.17567,183.05586,145.1894,1,"None","parabolic","box sum"
"6152",6152,6153,153.16901,63.7856,111.28446,NA,NA,NA,2.97e+09,6.66e+10,198.94943,132.65574,141.03419,1,"None","parabolic","box sum"
"6157",6157,6158,104.85782,61.454,111.31634,NA,NA,NA,2.91e+09,6.3e+10,112.57339,130.03907,213.40775,1,"None","parabolic","box sum"
"6161",6161,6162,144.63247,55.44645,111.51431,NA,NA,NA,2.46e+09,5.42e+10,177.50764,160.54231,130.03427,1,"None","parabolic","box sum"
"6162",6162,6163,30.13905,54.97602,111.58894,NA,NA,NA,2.66e+09,6.31e+10,218.19453,186.99777,135.81377,1,"None","parabolic","box sum"
"6163",6163,6164,137.64577,54.13407,111.59031,NA,NA,NA,2.27e+09,4.94e+10,82.13471,150.78366,136.58857,1,"None","parabolic","box sum"
"6164",6164,6165,20.29983,53.89929,111.32045,NA,NA,NA,2.47e+09,5.66e+10,110.6912,170.18789,155.49797,1,"None","parabolic","box sum"
"6165",6165,6166,20.80692,53.1354,111.32981,NA,NA,NA,2.4e+09,5.51e+10,113.70075,185.53954,133.02708,1,"None","parabolic","box sum"
"6166",6166,6167,91.78553,51.50979,111.35198,NA,NA,NA,2.61e+09,5.77e+10,82.83336,216.2804,144.89275,1,"None","parabolic","box sum"
"6167",6167,6168,185.44246,46.04652,111.33243,NA,NA,NA,2.52e+09,5.88e+10,130.30867,196.71595,167.84221,1,"None","parabolic","box sum"
"6168",6168,6169,74.07431,46.01128,111.37368,NA,NA,NA,2.4e+09,4.98e+10,111.28969,118.22325,100.84385,1,"None","parabolic","box sum"
"6169",6169,6170,38.1426,45.51909,111.4142,NA,NA,NA,2.43e+09,5.24e+10,96.83801,140.37621,130.81533,1,"None","parabolic","box sum"
"6170",6170,6171,94.42488,45.29474,111.32842,NA,NA,NA,2.46e+09,5.42e+10,100.52299,172.90282,126.07932,1,"None","parabolic","box sum"
"6171",6171,6172,114.02829,44.45652,111.3732,NA,NA,NA,2.54e+09,5.7e+10,113.1902,122.66386,156.25942,1,"None","parabolic","box sum"
"6172",6172,6173,173.3754,41.93457,111.28727,NA,NA,NA,2.94e+09,7.22e+10,165.41358,263.63337,298.2983,1,"None","parabolic","box sum"
"6177",6177,6178,97.08233,72.57158,111.04035,NA,NA,NA,2.34e+09,5.2e+10,92.02933,189.83936,118.07638,1,"None","parabolic","box sum"
"6181",6181,6182,51.94778,69.58783,110.97805,NA,NA,NA,2.3e+09,5.15e+10,114.40428,148.67429,126.34385,1,"None","parabolic","box sum"
"6182",6182,6183,60.40208,68.14304,111.20136,NA,NA,NA,2.4e+09,4.93e+10,97.57085,142.69915,93.97912,1,"None","parabolic","box sum"
"6183",6183,6184,38.6251,68.13321,111.13204,NA,NA,NA,2.74e+09,6.29e+10,121.20018,153.35464,168.3796,1,"None","parabolic","box sum"
"6184",6184,6185,16.87533,67.72377,111.1881,NA,NA,NA,2.44e+09,5.32e+10,102.81557,162.09045,122.24287,1,"None","parabolic","box sum"
"6185",6185,6186,42.45701,67.20199,111.06759,NA,NA,NA,2.45e+09,5.35e+10,98.61637,139.54696,132.94572,1,"None","parabolic","box sum"
"6186",6186,6187,50.33718,66.47696,111.12392,NA,NA,NA,2.38e+09,5.09e+10,122.00387,122.493,120.48173,1,"None","parabolic","box sum"
"6187",6187,6188,184.68258,65.40929,111.10295,NA,NA,NA,2.35e+09,5.35e+10,177.04702,151.62751,124.46463,1,"None","parabolic","box sum"
"6188",6188,6189,107.70894,59.9951,111.02144,NA,NA,NA,2.49e+09,5.76e+10,117.88651,202.91331,147.39573,1,"None","parabolic","box sum"
"6189",6189,6190,165.52144,59.81842,111.19723,NA,NA,NA,2.28e+09,4.85e+10,94.45138,132.43815,124.54098,1,"None","parabolic","box sum"
"6190",6190,6191,66.22294,59.62451,111.16843,NA,NA,NA,2.75e+09,5.84e+10,116.40738,126.02174,109.6341,1,"None","parabolic","box sum"
"6191",6191,6192,34.97137,59.00797,111.0878,NA,NA,NA,2.33e+09,5.02e+10,126.12245,183.67848,103.19161,1,"None","parabolic","box sum"
"6192",6192,6193,123.54445,58.66146,111.0574,NA,NA,NA,2.28e+09,5.35e+10,122.7819,172.45534,161.01128,1,"None","parabolic","box sum"
"6197",6197,6198,180.60434,54.85882,111.0587,NA,NA,NA,2.55e+09,5.81e+10,115.68996,168.36125,143.78458,1,"None","parabolic","box sum"
"6201",6201,6202,34.71692,50.45576,111.09224,NA,NA,NA,2.45e+09,5.35e+10,84.65814,121.89865,169.47359,1,"None","parabolic","box sum"
"6202",6202,6203,167.47408,47.31375,110.99584,NA,NA,NA,2.33e+09,5.47e+10,173.02019,170.99983,142.72898,1,"None","parabolic","box sum"
"6203",6203,6204,122.17403,47.02413,111.04,NA,NA,NA,2.39e+09,5.16e+10,120.65421,288.5893,100.79378,1,"None","parabolic","box sum"
"6204",6204,6205,75.88337,46.89312,111.01923,NA,NA,NA,2.63e+09,5.86e+10,113.34409,140.32698,145.61623,1,"None","parabolic","box sum"
"6205",6205,6206,156.88049,44.68703,111.00068,NA,NA,NA,2.44e+09,5.67e+10,142.67068,189.22371,126.04177,1,"None","parabolic","box sum"
"6206",6206,6207,158.35192,44.49837,111.23468,NA,NA,NA,2.37e+09,4.87e+10,80.32092,170.1107,102.8353,1,"None","parabolic","box sum"
"6207",6207,6208,69.52384,44.05686,111.18576,NA,NA,NA,2.35e+09,4.96e+10,85.73786,126.95384,124.33445,1,"None","parabolic","box sum"
"6208",6208,6209,53.85189,42.82684,110.98183,NA,NA,NA,2.41e+09,5.66e+10,171.30717,293.02949,127.83879,1,"None","parabolic","box sum"
"6209",6209,6210,169.691,42.71383,110.98425,NA,NA,NA,6.81e+09,1.6e+11,142.31556,194.26554,147.63397,1,"None","parabolic","box sum"
"6210",6210,6211,155.80206,40.12009,111.2301,NA,NA,NA,2.31e+09,4.99e+10,127.66203,135.9306,108.70993,1,"None","parabolic","box sum"
"6211",6211,6212,177.13756,72.7224,110.71563,NA,NA,NA,2.33e+09,5.14e+10,133.34371,120.25964,227.25779,1,"None","parabolic","box sum"
"6212",6212,6213,176.61449,67.82586,110.80349,NA,NA,NA,2.29e+09,4.93e+10,106.73354,178.88385,93.62364,1,"None","parabolic","box sum"
"6217",6217,6218,85.29274,64.52605,110.84544,NA,NA,NA,2.3e+09,5.23e+10,107.36409,210.77429,119.24297,1,"None","parabolic","box sum"
"6221",6221,6222,184.81744,58.04622,110.82075,NA,NA,NA,2.38e+09,5.24e+10,210.47608,145.34023,116.26476,1,"None","parabolic","box sum"
"6222",6222,6223,31.16875,57.80289,110.66689,NA,NA,NA,2.4e+09,5.27e+10,90.73341,176.42155,122.21241,1,"None","parabolic","box sum"
"6223",6223,6224,57.00293,57.22267,110.90607,NA,NA,NA,2.34e+09,5.39e+10,100.95903,134.06682,327.80874,1,"None","parabolic","box sum"
"6224",6224,6225,172.90603,55.74919,110.735,NA,NA,NA,3.69e+09,8.63e+10,429.73025,280.05189,131.45077,1,"None","parabolic","box sum"
"6225",6225,6226,169.65978,55.72569,110.63972,NA,NA,NA,3.68e+09,8.64e+10,160.63971,177.31088,129.66835,1,"None","parabolic","box sum"
"6226",6226,6227,55.66928,55.63279,110.72096,NA,NA,NA,1.51e+10,3.51e+11,158.09888,165.04675,143.49043,1,"None","parabolic","box sum"
"6227",6227,6228,28.82834,55.69971,110.73941,NA,NA,NA,1.02e+10,2.32e+11,157.72268,172.84107,124.00776,1,"None","parabolic","box sum"
"6228",6228,6229,171.80196,55.5663,110.66261,NA,NA,NA,9.85e+09,2.28e+11,147.2537,180.44889,133.91995,1,"None","parabolic","box sum"
"6229",6229,6230,163.56182,52.28068,110.70576,NA,NA,NA,2.76e+09,6.09e+10,101.57401,195.20891,117.87987,1,"None","parabolic","box sum"
"6230",6230,6231,127.39949,51.67464,110.71206,NA,NA,NA,2.31e+09,5.22e+10,114.22595,171.34655,143.76163,1,"None","parabolic","box sum"
"6231",6231,6232,99.37601,51.03398,110.72784,NA,NA,NA,2.7e+09,5.62e+10,86.20077,143.5405,111.25129,1,"None","parabolic","box sum"
"6232",6232,6233,131.61619,50.94438,110.72376,NA,NA,NA,2.31e+09,5.11e+10,122.94679,246.74714,96.56513,1,"None","parabolic","box sum"
"6237",6237,6238,134.24383,47.22588,110.8591,NA,NA,NA,2.49e+09,5.72e+10,130.0566,175.15254,127.31934,1,"None","parabolic","box sum"
"6241",6241,6242,33.04493,44.97129,110.61988,NA,NA,NA,2.49e+09,5.51e+10,138.67607,129.88114,157.49943,1,"None","parabolic","box sum"
"6242",6242,6243,45.4736,44.78901,110.83514,NA,NA,NA,2.83e+09,6.34e+10,106.0181,327.26467,137.16477,1,"None","parabolic","box sum"
"6243",6243,6244,144.69953,44.22847,110.66044,NA,NA,NA,2.61e+09,5.87e+10,90.19294,174.90178,139.80168,1,"None","parabolic","box sum"
"6244",6244,6245,61.10412,43.09292,110.84563,NA,NA,NA,2.6e+09,6.1e+10,105.64435,232.67388,241.91225,1,"None","parabolic","box sum"
"6245",6245,6246,42.7512,42.68844,110.79332,NA,NA,NA,8.32e+09,1.97e+11,164.72379,238.24602,145.00207,1,"None","parabolic","box sum"
"6246",6246,6247,53.96973,42.64729,110.71558,NA,NA,NA,3.1e+09,7.17e+10,134.40847,226.13418,128.6307,1,"None","parabolic","box sum"
"6247",6247,6248,40.51753,40.43744,110.66882,NA,NA,NA,3.02e+09,6.74e+10,130.57326,106.8328,1010.33229,1,"None","parabolic","box sum"
"6248",6248,6249,135.43786,40.14868,110.65175,NA,NA,NA,2.46e+09,5.34e+10,98.42828,294.69424,105.53062,1,"None","parabolic","box sum"
"6249",6249,6250,47.99961,73.5815,110.32574,NA,NA,NA,2.36e+09,3.51e+10,120.84597,164.02962,119.36939,1,"None","parabolic","box sum"
"6250",6250,6251,73.86939,73.29009,110.53004,NA,NA,NA,2.33e+09,5.21e+10,99.85977,336.87129,129.53025,1,"None","parabolic","box sum"
"6251",6251,6252,150.32797,73.03705,110.48994,NA,NA,NA,2.44e+09,5.37e+10,111.35748,178.04892,112.87057,1,"None","parabolic","box sum"
"6252",6252,6253,164.39184,72.583,110.56081,NA,NA,NA,2.35e+09,5.33e+10,101.09827,194.81821,161.71473,1,"None","parabolic","box sum"
"6257",6257,6258,46.4788,69.54161,110.30706,NA,NA,NA,2.47e+09,5.51e+10,98.48202,151.94602,149.31166,1,"None","parabolic","box sum"
"6261",6261,6262,41.88453,64.74869,110.46236,NA,NA,NA,2.67e+09,5.81e+10,105.18998,149.34734,115.18371,1,"None","parabolic","box sum"
"6262",6262,6263,81.58566,64.18032,110.43941,NA,NA,NA,2.32e+09,4.88e+10,82.44495,152.32491,107.20038,1,"None","parabolic","box sum"
"6263",6263,6264,76.13285,63.39274,110.27322,NA,NA,NA,2.9e+09,6.26e+10,113.87419,134.81179,115.14199,1,"None","parabolic","box sum"
"6264",6264,6265,85.6574,62.40422,110.38689,NA,NA,NA,2.56e+09,5.44e+10,90.79449,150.89777,126.76191,1,"None","parabolic","box sum"
"6265",6265,6266,168.15112,62.0679,110.33145,NA,NA,NA,2.28e+09,4.93e+10,345.73167,123.48309,117.5853,1,"None","parabolic","box sum"
"6266",6266,6267,147.59045,61.88977,110.29993,NA,NA,NA,2.26e+09,5.07e+10,137.18901,127.68734,133.80188,1,"None","parabolic","box sum"
"6267",6267,6268,169.16064,59.9747,110.44686,NA,NA,NA,2.57e+09,5.99e+10,136.46044,148.06768,210.08742,1,"None","parabolic","box sum"
"6268",6268,6269,156.57197,59.02115,110.52472,NA,NA,NA,2.8e+09,6.11e+10,139.47426,156.44509,102.93251,1,"None","parabolic","box sum"
"6269",6269,6270,55.80301,58.13654,110.4269,NA,NA,NA,2.51e+09,5.61e+10,96.11249,151.36757,139.28556,1,"None","parabolic","box sum"
"6270",6270,6271,142.45354,57.18475,110.33533,NA,NA,NA,2.56e+09,5.79e+10,108.48656,197.77885,235.4731,1,"None","parabolic","box sum"
"6271",6271,6272,54.44793,57.0036,110.40702,NA,NA,NA,2.49e+09,5.35e+10,83.25841,170.36667,123.33435,1,"None","parabolic","box sum"
"6272",6272,6273,86.07138,56.55768,110.50128,NA,NA,NA,2.64e+09,5.25e+10,109.73362,121.8273,89.91444,1,"None","parabolic","box sum"
"6277",6277,6278,131.51436,51.09792,110.58201,NA,NA,NA,2.28e+09,4.72e+10,152.27277,164.52062,104.23177,1,"None","parabolic","box sum"
"6281",6281,6282,148.39578,46.38317,110.48764,NA,NA,NA,2.28e+09,4.95e+10,113.50654,126.7423,114.00419,1,"None","parabolic","box sum"
"6282",6282,6283,173.88869,46.23272,110.46529,NA,NA,NA,2.29e+09,5.1e+10,145.24052,180.38338,119.28344,1,"None","parabolic","box sum"
"6283",6283,6284,129.50622,46.29283,110.39318,NA,NA,NA,2.29e+09,5.19e+10,177.88078,249.11743,117.6312,1,"None","parabolic","box sum"
"6284",6284,6285,40.84849,46.27816,110.56388,NA,NA,NA,2.43e+09,5.16e+10,95.88531,128.29274,126.65927,1,"None","parabolic","box sum"
"6285",6285,6286,26.64907,46.28801,110.41153,NA,NA,NA,2.59e+09,5.64e+10,90.99235,222.19968,102.50026,1,"None","parabolic","box sum"
"6286",6286,6287,163.29356,45.07585,110.40359,NA,NA,NA,2.85e+09,6.3e+10,101.06407,162.69356,133.07422,1,"None","parabolic","box sum"
"6287",6287,6288,147.79896,44.92746,110.3172,NA,NA,NA,2.71e+09,6.17e+10,126.93896,148.26232,139.62728,1,"None","parabolic","box sum"
"6288",6288,6289,114.50486,42.29859,110.5771,NA,NA,NA,2.59e+09,5.22e+10,87.48325,127.42907,104.0144,1,"None","parabolic","box sum"
"6289",6289,6290,173.01213,40.99363,110.60743,NA,NA,NA,2.7e+09,6.03e+10,109.48537,176.5123,134.11981,1,"None","parabolic","box sum"
"6290",6290,6291,42.54185,40.41,110.29702,NA,NA,NA,2.48e+09,5.28e+10,122.01608,117.19894,112.7308,1,"None","parabolic","box sum"
"6291",6291,6292,135.4666,39.80597,110.50296,NA,NA,NA,2.5e+09,5.45e+10,84.39187,290.6692,114.28791,1,"None","parabolic","box sum"
"6292",6292,6293,167.39058,39.51444,110.56543,NA,NA,NA,2.41e+09,5.21e+10,123.66223,188.66169,96.75497,1,"None","parabolic","box sum"
"6297",6297,6298,20.18277,68.87801,110.0672,NA,NA,NA,3.21e+09,7.53e+10,120.50154,165.85493,156.72547,1,"None","parabolic","box sum"
"6301",6301,6302,105.82673,63.73244,110.1734,NA,NA,NA,2.35e+09,5e+10,93.5854,151.4965,120.19384,1,"None","parabolic","box sum"
"6302",6302,6303,152.52527,61.58851,110.04423,NA,NA,NA,2.6e+09,6.09e+10,147.02622,182.93852,146.42692,1,"None","parabolic","box sum"
"6303",6303,6304,92.55733,60.02716,110.01468,NA,NA,NA,2.78e+09,6.06e+10,96.60105,146.71564,123.7762,1,"None","parabolic","box sum"
"6304",6304,6305,186.02523,58.80268,110.0056,NA,NA,NA,2.64e+09,6.19e+10,182.24532,155.3655,161.71557,1,"None","parabolic","box sum"
"6305",6305,6306,83.17315,56.20212,110.07183,NA,NA,NA,2.79e+09,6.02e+10,135.02162,119.15284,127.17456,1,"None","parabolic","box sum"
"6306",6306,6307,70.52416,55.81627,110.19191,NA,NA,NA,2.29e+09,4.8e+10,90.05431,132.60818,115.6773,1,"None","parabolic","box sum"
"6307",6307,6308,53.02773,55.49373,110.1305,NA,NA,NA,2.46e+09,5.49e+10,96.30547,186.75578,126.48779,1,"None","parabolic","box sum"
"6308",6308,6309,51.43594,55.10786,110.18202,NA,NA,NA,2.26e+09,4.78e+10,203.34711,118.18987,110.03631,1,"None","parabolic","box sum"
"6309",6309,6310,138.27994,53.77404,110.0268,NA,NA,NA,2.64e+09,6.16e+10,120.72872,183.84475,221.27634,1,"None","parabolic","box sum"
"6310",6310,6311,161.81487,53.21481,110.13693,NA,NA,NA,2.28e+09,5.22e+10,97.75711,175.31025,141.65086,1,"None","parabolic","box sum"
"6311",6311,6312,152.37536,48.86561,110.00162,NA,NA,NA,2.47e+09,5.68e+10,112.03719,253.89683,140.33908,1,"None","parabolic","box sum"
"6312",6312,6313,73.43872,47.35232,109.94084,NA,NA,NA,2.39e+09,5.37e+10,145.99962,142.90297,115.45908,1,"None","parabolic","box sum"
"6317",6317,6318,75.5827,45.37878,110.13316,NA,NA,NA,2.4e+09,5.21e+10,125.18685,205.17367,92.74411,1,"None","parabolic","box sum"
"6321",6321,6322,146.79392,40.59617,110.0669,NA,NA,NA,2.37e+09,5.41e+10,141.48286,189.35513,114.2779,1,"None","parabolic","box sum"
"6322",6322,6323,28.75066,39.89544,110.18999,NA,NA,NA,2.79e+09,6.32e+10,136.82197,137.29244,145.82735,1,"None","parabolic","box sum"
"6323",6323,6324,106.1644,72.59252,109.80515,NA,NA,NA,2.5e+09,5.6e+10,112.77492,137.97775,145.257,1,"None","parabolic","box sum"
"6324",6324,6325,139.88618,70.43232,109.76784,NA,NA,NA,2.47e+09,5.15e+10,117.79063,142.82432,86.41928,1,"None","parabolic","box sum"
"6325",6325,6326,94.40091,68.44992,109.85186,NA,NA,NA,2.97e+09,6.69e+10,121.62401,148.08239,121.30034,1,"None","parabolic","box sum"
"6326",6326,6327,189.641,65.83798,109.81922,NA,NA,NA,2.39e+09,4.88e+10,85.77082,269.91731,99.02972,1,"None","parabolic","box sum"
"6327",6327,6328,23.60893,65.55589,109.62726,NA,NA,NA,2.78e+09,6.12e+10,119.14089,219.05656,97.31907,1,"None","parabolic","box sum"
"6328",6328,6329,79.68612,64.20344,109.63402,NA,NA,NA,2.3e+09,5.17e+10,112.1178,163.07053,135.71197,1,"None","parabolic","box sum"
"6329",6329,6330,165.87573,63.93668,109.80734,NA,NA,NA,2.6e+09,5.68e+10,98.93333,143.43411,130.0422,1,"None","parabolic","box sum"
"6330",6330,6331,48.67847,62.76443,109.66668,NA,NA,NA,2.52e+09,5.36e+10,99.95748,120.13939,120.56351,1,"None","parabolic","box sum"
"6331",6331,6332,16.83404,62.391,109.70847,NA,NA,NA,2.48e+09,5.57e+10,107.55463,156.97664,136.07788,1,"None","parabolic","box sum"
"6332",6332,6333,181.91563,60.71511,109.72071,NA,NA,NA,2.72e+09,5.93e+10,82.39258,301.63991,120.44251,1,"None","parabolic","box sum"
"6337",6337,6338,67.13423,55.53556,109.79251,NA,NA,NA,3.66e+09,8.1e+10,114.65833,151.08824,123.61139,1,"None","parabolic","box sum"
"6341",6341,6342,76.69915,52.79277,109.84507,NA,NA,NA,2.74e+09,6.11e+10,101.03476,163.07867,145.56074,1,"None","parabolic","box sum"
"6342",6342,6343,154.8659,51.62705,109.6767,NA,NA,NA,2.27e+09,5.38e+10,129.45078,167.10246,171.19092,1,"None","parabolic","box sum"
"6343",6343,6344,122.82925,51.46301,109.8817,NA,NA,NA,2.37e+09,5.42e+10,120.33787,152.40878,146.63762,1,"None","parabolic","box sum"
"6344",6344,6345,146.39347,50.8965,109.7063,NA,NA,NA,2.43e+09,5.59e+10,139.80282,248.25209,162.81581,1,"None","parabolic","box sum"
"6345",6345,6346,152.59774,49.28297,109.67195,NA,NA,NA,2.26e+09,5.37e+10,144.18156,227.63664,124.55016,1,"None","parabolic","box sum"
"6346",6346,6347,140.24938,48.30673,109.82365,NA,NA,NA,2.49e+09,5.27e+10,131.87894,126.948,106.55993,1,"None","parabolic","box sum"
"6347",6347,6348,175.02965,48.11091,109.71685,NA,NA,NA,2.59e+09,5.78e+10,168.13701,183.56395,109.55983,1,"None","parabolic","box sum"
"6348",6348,6349,29.22752,48.18478,109.81047,NA,NA,NA,2.66e+09,5.96e+10,101.1911,142.003,138.30715,1,"None","parabolic","box sum"
"6349",6349,6350,111.22293,46.37166,109.78761,NA,NA,NA,2.56e+09,5.65e+10,107.03797,230.42291,90.31165,1,"None","parabolic","box sum"
"6350",6350,6351,182.52056,44.91614,109.61368,NA,NA,NA,2.28e+09,4.96e+10,87.50707,135.50711,140.66035,1,"None","parabolic","box sum"
"6351",6351,6352,129.70188,44.96877,109.83031,NA,NA,NA,2.35e+09,5.17e+10,125.629,347.5576,108.69074,1,"None","parabolic","box sum"
"6352",6352,6353,121.15754,44.71872,109.76808,NA,NA,NA,2.26e+09,5.14e+10,181.79783,135.10281,130.76985,1,"None","parabolic","box sum"
"6357",6357,6358,44.12647,44.1491,109.8892,NA,NA,NA,8.14e+09,1.9e+11,221.03063,178.38359,146.18951,1,"None","parabolic","box sum"
"6361",6361,6362,109.09484,41.52621,109.90452,NA,NA,NA,3.1e+09,6.88e+10,119.89083,144.38206,121.6116,1,"None","parabolic","box sum"
"6362",6362,6363,41.59813,41.38865,109.64348,NA,NA,NA,3.39e+09,7.99e+10,160.39268,219.09297,129.79895,1,"None","parabolic","box sum"
"6363",6363,6364,49.01872,41.00779,109.6171,NA,NA,NA,2.56e+09,5.9e+10,158.90012,151.77542,135.28055,1,"None","parabolic","box sum"
"6364",6364,6365,56.6755,40.80048,109.79927,NA,NA,NA,2.37e+09,5.19e+10,110.23684,151.62939,106.14562,1,"None","parabolic","box sum"
"6365",6365,6366,154.91587,40.02188,109.80872,NA,NA,NA,2.43e+09,5.32e+10,106.70392,291.74399,109.75718,1,"None","parabolic","box sum"
"6366",6366,6367,163.83109,38.92423,109.81074,NA,NA,NA,2.45e+09,3.52e+10,118.78424,151.0995,108.85304,1,"None","parabolic","box sum"
"6367",6367,6368,159.00901,73.21844,109.27841,NA,NA,NA,2.67e+09,5.8e+10,102.85771,174.70705,106.17983,1,"None","parabolic","box sum"
"6368",6368,6369,28.26426,73.19219,109.35511,NA,NA,NA,2.3e+09,4.91e+10,106.88774,133.19799,119.70651,1,"None","parabolic","box sum"
"6369",6369,6370,62.98484,72.72769,109.31477,NA,NA,NA,2.3e+09,5.1e+10,110.60326,127.82824,139.14871,1,"None","parabolic","box sum"
"6370",6370,6371,136.27668,72.56408,109.47623,NA,NA,NA,2.32e+09,4.9e+10,89.9908,118.71471,242.36369,1,"None","parabolic","box sum"
"6371",6371,6372,157.91905,72.14732,109.50072,NA,NA,NA,2.35e+09,5.1e+10,89.67873,203.97662,110.47566,1,"None","parabolic","box sum"
"6372",6372,6373,77.35832,71.24783,109.46397,NA,NA,NA,2.31e+09,5.11e+10,114.97589,153.0249,122.32798,1,"None","parabolic","box sum"
"6377",6377,6378,185.35729,66.82866,109.37123,NA,NA,NA,2.77e+09,5.98e+10,123.20062,138.66577,105.15928,1,"None","parabolic","box sum"
"6381",6381,6382,118.47556,62.61254,109.54588,NA,NA,NA,2.34e+09,5.15e+10,94.21809,198.95503,118.63631,1,"None","parabolic","box sum"
"6382",6382,6383,50.20655,62.4995,109.46476,NA,NA,NA,2.36e+09,5.19e+10,124.75448,137.09947,119.27217,1,"None","parabolic","box sum"
"6383",6383,6384,21.53577,60.07734,109.3432,NA,NA,NA,2.93e+09,6.87e+10,150.05714,227.12031,136.28983,1,"None","parabolic","box sum"
"6384",6384,6385,181.78504,58.79891,109.30893,NA,NA,NA,2.34e+09,5.2e+10,125.64229,170.90741,111.34017,1,"None","parabolic","box sum"
"6385",6385,6386,72.76206,57.27336,109.40734,NA,NA,NA,2.27e+09,4.92e+10,108.0725,153.02023,125.15265,1,"None","parabolic","box sum"
"6386",6386,6387,72.58098,57.02382,109.44222,NA,NA,NA,2.27e+09,5.25e+10,131.36473,183.62507,139.69988,1,"None","parabolic","box sum"
"6387",6387,6388,15.02404,56.90343,109.48036,NA,NA,NA,2.29e+09,5.26e+10,99.4054,131.42115,289.59107,1,"None","parabolic","box sum"
"6388",6388,6389,23.1939,56.41727,109.2692,NA,NA,NA,2.35e+09,5.52e+10,263.96796,184.8751,196.9592,1,"None","parabolic","box sum"
"6389",6389,6390,142.93553,54.28181,109.31731,NA,NA,NA,2.35e+09,5.27e+10,145.00845,261.10452,113.37584,1,"None","parabolic","box sum"
"6390",6390,6391,138.37768,53.72945,109.57225,NA,NA,NA,2.7e+09,6.62e+10,123.24848,185.38684,213.9197,1,"None","parabolic","box sum"
"6391",6391,6392,50.4871,49.39399,109.4955,NA,NA,NA,2.61e+09,5.9e+10,91.10228,155.19506,177.52284,1,"None","parabolic","box sum"
"6392",6392,6393,133.36099,47.81347,109.38633,NA,NA,NA,2.25e+09,5.05e+10,119.08104,158.30261,141.28911,1,"None","parabolic","box sum"
"6397",6397,6398,170.30408,43.65658,109.34612,NA,NA,NA,2.38e+09,5.91e+10,166.84445,268.90385,278.10717,1,"None","parabolic","box sum"
"6401",6401,6402,186.30218,41.64001,109.49656,NA,NA,NA,2.39e+09,5.25e+10,92.37247,146.46363,154.74445,1,"None","parabolic","box sum"
"6402",6402,6403,32.40746,41.25344,109.4078,NA,NA,NA,2.35e+09,5.39e+10,114.15511,126.07974,229.626,1,"None","parabolic","box sum"
"6403",6403,6404,108.18258,40.20937,109.36141,NA,NA,NA,2.3e+09,4.73e+10,95.91829,138.63468,86.52985,1,"None","parabolic","box sum"
"6404",6404,6405,86.01901,72.99589,109.03545,NA,NA,NA,2.53e+09,5.53e+10,89.59751,172.99438,132.62028,1,"None","parabolic","box sum"
"6405",6405,6406,144.03874,72.83584,108.99776,NA,NA,NA,2.36e+09,5.05e+10,99.39258,128.94537,118.09641,1,"None","parabolic","box sum"
"6406",6406,6407,41.88548,72.70211,109.14557,NA,NA,NA,2.26e+09,4.93e+10,109.2475,161.98012,116.93817,1,"None","parabolic","box sum"
"6407",6407,6408,185.00519,71.81604,109.12619,NA,NA,NA,2.35e+09,4.95e+10,105.04884,148.90118,100.96025,1,"None","parabolic","box sum"
"6408",6408,6409,87.27179,71.24588,109.08296,NA,NA,NA,2.28e+09,4.84e+10,99.79381,194.39875,98.84071,1,"None","parabolic","box sum"
"6409",6409,6410,21.38738,70.38826,109.01529,NA,NA,NA,2.3e+09,5.02e+10,102.81801,153.82487,207.14176,1,"None","parabolic","box sum"
"6410",6410,6411,44.58726,69.03414,109.154,NA,NA,NA,2.56e+09,5.95e+10,127.68097,327.03133,132.33405,1,"None","parabolic","box sum"
"6411",6411,6412,38.98942,68.96027,109.12555,NA,NA,NA,2.34e+09,5.15e+10,118.96012,189.7683,104.78044,1,"None","parabolic","box sum"
"6412",6412,6413,180.48855,68.50361,108.95908,NA,NA,NA,3.14e+09,7.11e+10,117.26618,168.56965,126.86747,1,"None","parabolic","box sum"
"6417",6417,6418,180.78331,62.51691,109.11907,NA,NA,NA,2.54e+09,5.54e+10,85.64168,161.19173,142.1749,1,"None","parabolic","box sum"
"6421",6421,6422,165.30631,59.86745,109.10915,NA,NA,NA,2.62e+09,5.76e+10,108.94367,196.61874,108.11788,1,"None","parabolic","box sum"
"6422",6422,6423,60.83642,58.49565,109.11245,NA,NA,NA,2.44e+09,5.73e+10,130.71738,203.98998,132.31152,1,"None","parabolic","box sum"
"6423",6423,6424,78.40348,58.35294,109.14135,NA,NA,NA,2.83e+09,6.16e+10,128.23304,156.20267,102.10097,1,"None","parabolic","box sum"
"6424",6424,6425,131.72576,57.10504,109.19193,NA,NA,NA,2.87e+09,6.43e+10,134.80055,159.70618,133.47602,1,"None","parabolic","box sum"
"6425",6425,6426,67.05618,55.18695,109.227,NA,NA,NA,2.95e+09,6.79e+10,151.8697,156.89027,134.8533,1,"None","parabolic","box sum"
"6426",6426,6427,66.86389,55.02795,109.01724,NA,NA,NA,2.67e+09,6.03e+10,133.86373,203.32032,110.21698,1,"None","parabolic","box sum"
"6427",6427,6428,143.21053,53.96977,109.15375,NA,NA,NA,2.3e+09,5.3e+10,165.87863,205.71566,118.66844,1,"None","parabolic","box sum"
"6428",6428,6429,15.57716,53.54055,109.00974,NA,NA,NA,2.47e+09,5.61e+10,97.12626,168.62828,172.01203,1,"None","parabolic","box sum"
"6429",6429,6430,111.75039,50.71071,109.10014,NA,NA,NA,2.44e+09,5.35e+10,101.61493,138.78614,152.04954,1,"None","parabolic","box sum"
"6430",6430,6431,37.94303,49.34559,108.97774,NA,NA,NA,2.53e+09,5.71e+10,123.1813,143.68236,149.20068,1,"None","parabolic","box sum"
"6431",6431,6432,105.40235,46.91327,109.16109,NA,NA,NA,3.09e+09,6.32e+10,98.77027,126.72728,97.28986,1,"None","parabolic","box sum"
"6432",6432,6433,128.4904,46.36678,109.15206,NA,NA,NA,2.36e+09,5.54e+10,149.65407,165.63296,146.9906,1,"None","parabolic","box sum"
"6437",6437,6438,67.63939,42.3549,108.9341,NA,NA,NA,2.45e+09,5.2e+10,87.55531,142.09187,116.94068,1,"None","parabolic","box sum"
"6441",6441,6442,181.5241,70.3281,108.86588,NA,NA,NA,2.52e+09,5.68e+10,97.82933,136.92747,155.91478,1,"None","parabolic","box sum"
"6442",6442,6443,185.21826,69.64534,108.86836,NA,NA,NA,2.45e+09,5.18e+10,110.37333,137.36322,102.6659,1,"None","parabolic","box sum"
"6443",6443,6444,38.15682,69.45734,108.71262,NA,NA,NA,2.33e+09,4.81e+10,100.11626,144.68481,91.61133,1,"None","parabolic","box sum"
"6444",6444,6445,181.37852,69.13476,108.69255,NA,NA,NA,2.29e+09,4.65e+10,97.00335,112.4802,107.46115,1,"None","parabolic","box sum"
"6445",6445,6446,155.61811,68.84445,108.77659,NA,NA,NA,2.27e+09,5.01e+10,198.64347,134.52932,101.32617,1,"None","parabolic","box sum"
"6446",6446,6447,32.50417,67.24956,108.62124,NA,NA,NA,2.44e+09,4.97e+10,96.68655,143.24771,103.69354,1,"None","parabolic","box sum"
"6447",6447,6448,66.8886,66.85157,108.69893,NA,NA,NA,2.4e+09,5.46e+10,107.52776,156.86096,129.23193,1,"None","parabolic","box sum"
"6448",6448,6449,183.49191,66.09834,108.59455,NA,NA,NA,2.72e+09,6.07e+10,118.64515,169.79757,135.83672,1,"None","parabolic","box sum"
"6449",6449,6450,77.20359,65.96041,108.90971,NA,NA,NA,2.76e+09,5.73e+10,87.61883,145.03179,116.88018,1,"None","parabolic","box sum"
"6450",6450,6451,74.99904,63.7298,108.8539,NA,NA,NA,2.33e+09,5.22e+10,121.52263,295.13568,112.62774,1,"None","parabolic","box sum"
"6451",6451,6452,31.96899,60.49388,108.69252,NA,NA,NA,2.36e+09,5.38e+10,170.61585,154.63951,124.65948,1,"None","parabolic","box sum"
"6452",6452,6453,41.95015,59.45565,108.80204,NA,NA,NA,2.62e+09,5.71e+10,181.55233,135.45412,116.90605,1,"None","parabolic","box sum"
"6457",6457,6458,22.56677,52.22975,108.66571,NA,NA,NA,2.4e+09,5.32e+10,119.33876,138.47405,243.54112,1,"None","parabolic","box sum"
"6461",6461,6462,172.33283,47.15136,108.8264,NA,NA,NA,2.25e+09,5.12e+10,103.77773,561.00541,151.58266,1,"None","parabolic","box sum"
"6462",6462,6463,22.90283,45.48032,108.78555,NA,NA,NA,2.39e+09,4.8e+10,80.70811,301.29528,90.91747,1,"None","parabolic","box sum"
"6463",6463,6464,172.98414,45.11753,108.75306,NA,NA,NA,5.55e+09,1.32e+11,308.3609,172.08338,135.46413,1,"None","parabolic","box sum"
"6464",6464,6465,28.81872,44.37209,108.58652,NA,NA,NA,2.39e+09,4.76e+10,100.82712,115.30888,90.83611,1,"None","parabolic","box sum"
"6465",6465,6466,170.16087,43.43402,108.64511,NA,NA,NA,2.63e+09,6.5e+10,195.24033,421.35686,299.06893,1,"None","parabolic","box sum"
"6466",6466,6467,42.73386,42.77201,108.68726,NA,NA,NA,2.91e+09,7.32e+10,165.44442,213.38522,507.59256,1,"None","parabolic","box sum"
"6467",6467,6468,57.06021,41.4234,108.60701,NA,NA,NA,2.56e+09,5.45e+10,116.04096,165.49152,97.6007,1,"None","parabolic","box sum"
"6468",6468,6469,32.50206,41.33255,108.70881,NA,NA,NA,2.28e+09,5.16e+10,137.83086,129.88824,257.65735,1,"None","parabolic","box sum"
"6469",6469,6470,45.22701,40.4103,108.7595,NA,NA,NA,3.08e+09,6.47e+10,100.88575,162.62221,109.12925,1,"None","parabolic","box sum"
"6470",6470,6471,20.6106,40.40432,108.60155,NA,NA,NA,2.26e+09,4.86e+10,100.49001,161.85701,113.90072,1,"None","parabolic","box sum"
"6471",6471,6472,151.69675,71.64035,108.30174,NA,NA,NA,2.65e+09,6.05e+10,112.55079,167.50089,140.83308,1,"None","parabolic","box sum"
"6472",6472,6473,135.25957,69.01265,108.34641,NA,NA,NA,2.66e+09,5.67e+10,102.4467,127.87978,115.84711,1,"None","parabolic","box sum"
"6477",6477,6478,170.41701,65.94785,108.26372,NA,NA,NA,2.36e+09,5.08e+10,136.29524,142.25397,96.70073,1,"None","parabolic","box sum"
"6481",6481,6482,65.33653,58.79178,108.35333,NA,NA,NA,2.77e+09,6.03e+10,155.42155,140.03763,103.74528,1,"None","parabolic","box sum"
"6482",6482,6483,128.02004,56.54398,108.29239,NA,NA,NA,2.78e+09,6.3e+10,125.11235,188.71343,118.86162,1,"None","parabolic","box sum"
"6483",6483,6484,48.21645,56.46339,108.27671,NA,NA,NA,2.43e+09,5.62e+10,111.75627,147.41284,157.17107,1,"None","parabolic","box sum"
"6484",6484,6485,148.01196,55.50316,108.35491,NA,NA,NA,2.27e+09,5.26e+10,155.14429,148.80264,141.63667,1,"None","parabolic","box sum"
"6485",6485,6486,37.82618,53.17289,108.39961,NA,NA,NA,2.27e+09,5.11e+10,119.93725,133.67712,137.86656,1,"None","parabolic","box sum"
"6486",6486,6487,31.83472,52.37676,108.36464,NA,NA,NA,3.15e+09,7.3e+10,191.88054,153.983,157.05425,1,"None","parabolic","box sum"
"6487",6487,6488,31.98079,52.26283,108.42466,NA,NA,NA,3.02e+09,7.02e+10,174.42664,197.90214,125.24277,1,"None","parabolic","box sum"
"6488",6488,6489,62.02129,51.01459,108.5655,NA,NA,NA,2.55e+09,5.57e+10,107.78181,136.78926,109.22354,1,"None","parabolic","box sum"
"6489",6489,6490,35.93343,45.2381,108.2641,NA,NA,NA,2.31e+09,5.26e+10,141.60744,122.86496,156.28779,1,"None","parabolic","box sum"
"6490",6490,6491,45.12936,45.0497,108.27364,NA,NA,NA,6.17e+09,1.48e+11,157.24389,177.41019,259.75519,1,"None","parabolic","box sum"
"6491",6491,6492,41.77876,44.82336,108.36743,NA,NA,NA,2.79e+09,6.35e+10,205.70687,256.54209,144.53477,1,"None","parabolic","box sum"
"6492",6492,6493,133.29399,43.84947,108.33148,NA,NA,NA,2.45e+09,5.59e+10,151.86482,182.70361,119.83585,1,"None","parabolic","box sum"
"6497",6497,6498,25.13556,42.32172,108.58551,NA,NA,NA,2.64e+09,5.94e+10,121.06094,191.40917,111.29218,1,"None","parabolic","box sum"
"6501",6501,6502,34.91271,39.65186,108.47758,NA,NA,NA,2.27e+09,5.38e+10,136.06226,173.80613,220.41309,1,"None","parabolic","box sum"
"6502",6502,6503,56.33815,72.57241,108.07967,NA,NA,NA,2.3e+09,5.11e+10,147.49462,143.90857,136.4876,1,"None","parabolic","box sum"
"6503",6503,6504,173.49758,71.90321,108.07075,NA,NA,NA,2.51e+09,5.82e+10,160.90109,254.97108,128.52013,1,"None","parabolic","box sum"
"6504",6504,6505,174.92836,70.27621,107.94029,NA,NA,NA,2.26e+09,4.84e+10,92.40399,133.24764,125.62996,1,"None","parabolic","box sum"
"6505",6505,6506,140.88811,70.30563,107.98983,NA,NA,NA,2.4e+09,5.42e+10,101.89524,187.25619,138.53413,1,"None","parabolic","box sum"
"6506",6506,6507,28.44683,70.34256,108.02739,NA,NA,NA,2.41e+09,5.18e+10,87.72631,161.74264,122.49905,1,"None","parabolic","box sum"
"6507",6507,6508,116.16756,67.51571,108.12047,NA,NA,NA,2.44e+09,5.06e+10,128.13655,116.6919,97.7096,1,"None","parabolic","box sum"
"6508",6508,6509,22.64551,67.17275,108.22919,NA,NA,NA,2.33e+09,5.06e+10,133.74647,212.74592,98.77855,1,"None","parabolic","box sum"
"6509",6509,6510,169.16432,66.54284,108.03064,NA,NA,NA,2.31e+09,5.08e+10,109.51621,127.44544,191.73169,1,"None","parabolic","box sum"
"6510",6510,6511,170.22635,65.93384,108.05396,NA,NA,NA,2.43e+09,5.04e+10,153.78456,131.42511,84.94979,1,"None","parabolic","box sum"
"6511",6511,6512,29.56439,63.3458,107.99674,NA,NA,NA,2.37e+09,5.57e+10,115.14201,237.61287,129.01664,1,"None","parabolic","box sum"
"6512",6512,6513,114.89921,62.83982,108.11103,NA,NA,NA,2.53e+09,5.52e+10,106.88407,149.70365,134.12189,1,"None","parabolic","box sum"
"6517",6517,6518,33.34427,59.43981,108.16181,NA,NA,NA,2.38e+09,5.27e+10,92.50201,147.73098,209.48285,1,"None","parabolic","box sum"
"6521",6521,6522,41.15188,56.63936,108.12739,NA,NA,NA,2.54e+09,5.47e+10,121.89638,135.82253,110.70806,1,"None","parabolic","box sum"
"6522",6522,6523,24.54591,56.52312,107.94576,NA,NA,NA,2.33e+09,5.62e+10,160.53681,181.61777,216.28499,1,"None","parabolic","box sum"
"6523",6523,6524,170.02007,55.19722,107.9229,NA,NA,NA,2.28e+09,5.24e+10,126.62842,174.64852,132.42292,1,"None","parabolic","box sum"
"6524",6524,6525,175.54261,54.33776,108.04179,NA,NA,NA,2.66e+09,5.54e+10,85.7229,145.46061,109.19642,1,"None","parabolic","box sum"
"6525",6525,6526,123.16776,53.70927,108.1937,NA,NA,NA,2.34e+09,5.42e+10,133.20172,151.77584,182.76286,1,"None","parabolic","box sum"
"6526",6526,6527,75.67077,53.80609,108.19985,NA,NA,NA,2.32e+09,5e+10,91.32702,204.69677,103.97017,1,"None","parabolic","box sum"
"6527",6527,6528,86.72943,51.96696,108.16941,NA,NA,NA,2.29e+09,4.93e+10,87.89487,152.45801,219.61784,1,"None","parabolic","box sum"
"6528",6528,6529,162.02382,51.48988,108.19147,NA,NA,NA,2.37e+09,5.04e+10,90.03172,171.89229,105.05331,1,"None","parabolic","box sum"
"6529",6529,6530,174.76776,50.18332,108.03068,NA,NA,NA,2.48e+09,5.4e+10,134.90009,122.71267,125.69672,1,"None","parabolic","box sum"
"6530",6530,6531,20.07544,49.5289,108.02055,NA,NA,NA,2.51e+09,5.71e+10,158.60454,148.11796,125.53442,1,"None","parabolic","box sum"
"6531",6531,6532,114.9724,49.16743,108.14413,NA,NA,NA,3.23e+09,6.93e+10,99.0915,191.90943,103.24919,1,"None","parabolic","box sum"
"6532",6532,6533,167.53679,46.96067,108.09454,NA,NA,NA,2.59e+09,5.81e+10,154.57878,142.66682,118.27791,1,"None","parabolic","box sum"
"6537",6537,6538,41.77841,45.42855,108.08097,NA,NA,NA,2.29e+09,5.45e+10,159.01249,295.99643,270.94412,1,"None","parabolic","box sum"
"6541",6541,6542,182.15579,42.74153,108.05125,NA,NA,NA,2.4e+09,5.11e+10,152.03001,147.11076,85.36327,1,"None","parabolic","box sum"
"6542",6542,6543,42.43429,42.52321,108.06702,NA,NA,NA,2.97e+09,7.19e+10,186.55277,204.14978,430.91065,1,"None","parabolic","box sum"
"6543",6543,6544,41.96712,41.70869,107.91667,NA,NA,NA,2.65e+09,6.35e+10,94.37076,288.65355,314.20362,1,"None","parabolic","box sum"
"6544",6544,6545,128.27519,38.92423,108.13595,NA,NA,NA,2.73e+09,4.1e+10,117.83276,174.54588,104.69824,1,"None","parabolic","box sum"
"6545",6545,6546,42.37492,73.07666,107.72679,NA,NA,NA,2.28e+09,5.14e+10,148.36671,163.9385,140.86771,1,"None","parabolic","box sum"
"6546",6546,6547,189.98211,71.4643,107.80823,NA,NA,NA,2.48e+09,5.75e+10,118.96721,151.56493,163.3361,1,"None","parabolic","box sum"
"6547",6547,6548,123.00469,69.05903,107.85808,NA,NA,NA,2.56e+09,5.96e+10,115.2446,159.74138,162.39816,1,"None","parabolic","box sum"
"6548",6548,6549,176.38942,68.94018,107.65218,NA,NA,NA,2.65e+09,5.79e+10,119.87954,116.26028,145.76018,1,"None","parabolic","box sum"
"6549",6549,6550,95.06973,67.46558,107.65248,NA,NA,NA,2.78e+09,6.18e+10,116.44036,164.05103,124.00693,1,"None","parabolic","box sum"
"6550",6550,6551,185.46852,64.48351,107.62182,NA,NA,NA,2.66e+09,5.93e+10,121.95089,174.92723,109.70044,1,"None","parabolic","box sum"
"6551",6551,6552,91.8375,64.39588,107.85763,NA,NA,NA,2.73e+09,5.97e+10,89.59629,323.97979,126.68514,1,"None","parabolic","box sum"
"6552",6552,6553,60.76185,63.18761,107.57606,NA,NA,NA,2.33e+09,4.88e+10,113.86197,159.82655,112.40786,1,"None","parabolic","box sum"
"6557",6557,6558,133.70258,56.49203,107.65228,NA,NA,NA,2.3e+09,4.91e+10,100.32146,128.2869,126.23578,1,"None","parabolic","box sum"
"6561",6561,6562,114.0775,52.35918,107.57596,NA,NA,NA,2.3e+09,5.1e+10,103.80002,144.92571,136.12545,1,"None","parabolic","box sum"
"6562",6562,6563,44.3773,48.66987,107.75924,NA,NA,NA,2.34e+09,4.94e+10,137.03694,141.693,95.45779,1,"None","parabolic","box sum"
"6563",6563,6564,41.18212,48.17077,107.58159,NA,NA,NA,2.52e+09,5.56e+10,110.14889,159.518,118.54994,1,"None","parabolic","box sum"
"6564",6564,6565,144.01539,47.90608,107.70047,NA,NA,NA,2.42e+09,5.27e+10,107.55096,178.48623,108.75791,1,"None","parabolic","box sum"
"6565",6565,6566,134.03071,46.01925,107.84996,NA,NA,NA,2.41e+09,5.42e+10,114.58016,162.42862,134.13191,1,"None","parabolic","box sum"
"6566",6566,6567,171.52092,45.65814,107.72197,NA,NA,NA,2.27e+09,5.24e+10,630.67394,140.16593,146.47323,1,"None","parabolic","box sum"
"6567",6567,6568,43.52378,45.41886,107.73705,NA,NA,NA,3.05e+09,7.4e+10,254.36038,150.34598,205.07061,1,"None","parabolic","box sum"
"6568",6568,6569,43.34285,45.2287,107.78143,NA,NA,NA,3.27e+09,7.59e+10,123.46223,153.99927,183.10875,1,"None","parabolic","box sum"
"6569",6569,6570,73.28192,44.47545,107.84289,NA,NA,NA,2.34e+09,5.14e+10,124.62012,156.03536,134.79447,1,"None","parabolic","box sum"
"6570",6570,6571,171.56917,44.22408,107.81478,NA,NA,NA,2.9e+09,6.72e+10,116.65777,368.6412,312.62982,1,"None","parabolic","box sum"
"6571",6571,6572,40.99928,43.96939,107.71036,NA,NA,NA,2.42e+09,5.18e+10,111.74405,152.74632,105.2711,1,"None","parabolic","box sum"
"6572",6572,6573,43.54679,43.70427,107.64423,NA,NA,NA,5.51e+09,1.31e+11,187.43707,149.31917,358.63888,1,"None","parabolic","box sum"
"6577",6577,6578,133.99734,41.05798,107.71584,NA,NA,NA,2.32e+09,5.01e+10,81.64859,183.25353,118.57122,1,"None","parabolic","box sum"
"6581",6581,6582,91.48613,72.17464,107.40508,NA,NA,NA,2.43e+09,5.3e+10,137.87605,265.38181,106.09555,1,"None","parabolic","box sum"
"6582",6582,6583,41.30169,71.70196,107.39829,NA,NA,NA,3.04e+09,6.91e+10,108.74672,155.14131,146.94303,1,"None","parabolic","box sum"
"6583",6583,6584,74.05195,70.04871,107.45425,NA,NA,NA,2.45e+09,5.45e+10,182.43907,132.58596,109.18975,1,"None","parabolic","box sum"
"6584",6584,6585,140.65682,67.66773,107.44773,NA,NA,NA,2.53e+09,5.64e+10,133.91075,119.49112,129.48143,1,"None","parabolic","box sum"
"6585",6585,6586,181.06393,67.37493,107.38365,NA,NA,NA,2.84e+09,6.29e+10,118.79493,199.26013,101.88526,1,"None","parabolic","box sum"
"6586",6586,6587,88.70676,66.58932,107.55995,NA,NA,NA,2.48e+09,5.06e+10,115.83821,142.62708,89.284,1,"None","parabolic","box sum"
"6587",6587,6588,133.50124,64.44909,107.48403,NA,NA,NA,2.43e+09,5.27e+10,112.14956,133.1681,114.44104,1,"None","parabolic","box sum"
"6588",6588,6589,47.0424,61.34291,107.42459,NA,NA,NA,2.26e+09,5.21e+10,137.78444,179.55455,121.66125,1,"None","parabolic","box sum"
"6589",6589,6590,78.76171,58.54306,107.34797,NA,NA,NA,2.26e+09,4.99e+10,146.45399,157.92793,133.45516,1,"None","parabolic","box sum"
"6590",6590,6591,162.41033,57.66799,107.26353,NA,NA,NA,2.71e+09,5.93e+10,128.92497,146.40105,108.27684,1,"None","parabolic","box sum"
"6591",6591,6592,23.05241,57.7447,107.51046,NA,NA,NA,3.11e+09,7.05e+10,127.10935,164.29844,162.69523,1,"None","parabolic","box sum"
"6592",6592,6593,40.64519,57.55178,107.54851,NA,NA,NA,2.49e+09,5.41e+10,94.03121,142.06287,118.89166,1,"None","parabolic","box sum"
"6597",6597,6598,79.76832,51.5582,107.44677,NA,NA,NA,2.42e+09,5.26e+10,87.90219,135.76871,143.66484,1,"None","parabolic","box sum"
"6601",6601,6602,174.14893,45.39338,107.35132,NA,NA,NA,2.47e+09,5.8e+10,186.33139,220.45189,178.02477,1,"None","parabolic","box sum"
"6602",6602,6603,43.17129,44.90751,107.55762,NA,NA,NA,2.51e+09,5.7e+10,108.95192,163.25265,161.237,1,"None","parabolic","box sum"
"6603",6603,6604,42.25857,44.4771,107.57181,NA,NA,NA,2.87e+09,6.77e+10,186.31337,160.79056,163.99574,1,"None","parabolic","box sum"
"6604",6604,6605,43.53183,42.20424,107.2899,NA,NA,NA,2.39e+09,5.73e+10,105.46846,629.99731,160.15804,1,"None","parabolic","box sum"
"6605",6605,6606,70.5824,41.92822,107.35846,NA,NA,NA,2.48e+09,5.46e+10,96.37631,150.26462,165.52365,1,"None","parabolic","box sum"
"6606",6606,6607,42.02929,41.34283,107.5136,NA,NA,NA,2.35e+09,5.46e+10,99.15379,462.8377,286.61871,1,"None","parabolic","box sum"
"6607",6607,6608,169.62861,40.85335,107.24545,NA,NA,NA,2.26e+09,4.94e+10,144.34309,134.43398,148.82851,1,"None","parabolic","box sum"
"6608",6608,6609,124.25424,40.13969,107.53565,NA,NA,NA,2.31e+09,5.33e+10,135.71049,138.10939,268.91094,1,"None","parabolic","box sum"
"6609",6609,6610,140.86802,40.02983,107.433,NA,NA,NA,2.31e+09,5.23e+10,137.22443,203.06373,119.578,1,"None","parabolic","box sum"
"6610",6610,6611,186.10744,38.92423,107.45352,NA,NA,NA,2.98e+09,4.51e+10,138.0901,173.05553,123.97105,1,"None","parabolic","box sum"
"6611",6611,6612,110.01637,69.12372,107.05989,NA,NA,NA,2.28e+09,5.21e+10,108.57572,172.76404,173.68639,1,"None","parabolic","box sum"
"6612",6612,6613,69.42157,68.50055,107.18284,NA,NA,NA,2.57e+09,5.95e+10,115.5011,202.19411,124.88019,1,"None","parabolic","box sum"
"6617",6617,6618,174.24491,60.62629,107.20798,NA,NA,NA,2.53e+09,5.32e+10,87.08507,131.22025,125.5728,1,"None","parabolic","box sum"
"6621",6621,6622,41.44656,55.48593,107.23447,NA,NA,NA,2.6e+09,5.53e+10,86.06764,148.11671,117.33913,1,"None","parabolic","box sum"
"6622",6622,6623,139.51724,54.96768,107.16612,NA,NA,NA,2.56e+09,5.69e+10,119.62274,143.19837,123.43699,1,"None","parabolic","box sum"
"6623",6623,6624,169.62966,54.42177,106.91798,NA,NA,NA,2.61e+09,6.2e+10,147.15904,149.05214,166.67187,1,"None","parabolic","box sum"
"6624",6624,6625,136.958,54.47563,107.14699,NA,NA,NA,2.3e+09,4.97e+10,90.64914,205.12819,109.83104,1,"None","parabolic","box sum"
"6625",6625,6626,54.32733,54.19431,107.0848,NA,NA,NA,3.35e+09,7.9e+10,140.12221,224.19572,198.05568,1,"None","parabolic","box sum"
"6626",6626,6627,100.57593,52.20367,107.16346,NA,NA,NA,2.46e+09,5.22e+10,98.25728,167.11748,106.29207,1,"None","parabolic","box sum"
"6627",6627,6628,130.74138,51.70404,107.075,NA,NA,NA,2.38e+09,5.05e+10,113.82655,136.74378,94.77645,1,"None","parabolic","box sum"
"6628",6628,6629,104.73182,50.6223,107.1529,NA,NA,NA,2.64e+09,6.15e+10,135.05948,130.68599,190.09197,1,"None","parabolic","box sum"
"6629",6629,6630,82.62574,49.05546,107.08976,NA,NA,NA,2.77e+09,6.23e+10,140.48375,168.46347,113.67208,1,"None","parabolic","box sum"
"6630",6630,6631,139.20097,48.71799,107.00826,NA,NA,NA,2.59e+09,6.11e+10,139.86755,179.18843,180.18019,1,"None","parabolic","box sum"
"6631",6631,6632,34.93069,47.58338,107.15986,NA,NA,NA,2.51e+09,5.71e+10,122.6732,195.8794,133.50648,1,"None","parabolic","box sum"
"6632",6632,6633,170.34961,45.47001,107.17509,NA,NA,NA,5.22e+09,1.2e+11,186.43063,161.42768,117.81061,1,"None","parabolic","box sum"
"6637",6637,6638,41.98682,44.21836,107.22398,NA,NA,NA,2.41e+09,5.78e+10,191.29427,186.19877,240.67724,1,"None","parabolic","box sum"
"6641",6641,6642,102.96079,42.84417,106.91897,NA,NA,NA,2.29e+09,5.24e+10,140.75857,165.97176,146.17783,1,"None","parabolic","box sum"
"6642",6642,6643,42.86677,42.68509,106.99969,NA,NA,NA,2.81e+09,6.96e+10,327.16354,279.27291,538.19448,1,"None","parabolic","box sum"
"6643",6643,6644,167.07036,42.43793,107.12493,NA,NA,NA,2.74e+09,5.85e+10,113.04393,194.13078,89.38372,1,"None","parabolic","box sum"
"6644",6644,6645,148.31588,42.31443,107.15259,NA,NA,NA,2.36e+09,5.13e+10,91.73619,142.59964,133.26198,1,"None","parabolic","box sum"
"6645",6645,6646,109.42281,41.63661,106.96593,NA,NA,NA,2.43e+09,5.26e+10,82.17746,184.37004,129.21023,1,"None","parabolic","box sum"
"6646",6646,6647,188.96953,41.57165,107.06129,NA,NA,NA,2.99e+09,6.65e+10,101.31933,152.1067,163.5372,1,"None","parabolic","box sum"
"6647",6647,6648,64.77333,73.5815,106.68431,NA,NA,NA,2.62e+09,3.65e+10,125.58503,148.26115,103.04934,1,"None","parabolic","box sum"
"6648",6648,6649,18.20396,72.94674,106.56573,NA,NA,NA,2.49e+09,5.98e+10,140.01473,200.78596,138.44275,1,"None","parabolic","box sum"
"6649",6649,6650,103.7137,72.66132,106.72581,NA,NA,NA,2.69e+09,6.03e+10,119.89206,151.4577,116.13542,1,"None","parabolic","box sum"
"6650",6650,6651,106.62955,72.38415,106.78279,NA,NA,NA,2.32e+09,4.9e+10,97.55741,140.79962,103.47199,1,"None","parabolic","box sum"
"6651",6651,6652,71.32596,71.21245,106.70439,NA,NA,NA,2.62e+09,5.95e+10,117.73872,144.30284,146.85333,1,"None","parabolic","box sum"
"6652",6652,6653,137.38907,70.47654,106.68899,NA,NA,NA,2.46e+09,5.26e+10,102.27571,140.85295,117.03247,1,"None","parabolic","box sum"
"6657",6657,6658,180.77115,64.52937,106.77135,NA,NA,NA,2.45e+09,5.7e+10,119.58151,190.07121,140.24103,1,"None","parabolic","box sum"
"6661",6661,6662,24.10037,59.15427,106.83562,NA,NA,NA,2.26e+09,5.15e+10,136.14287,129.22671,124.9215,1,"None","parabolic","box sum"
"6662",6662,6663,58.05297,58.49109,106.70945,NA,NA,NA,2.42e+09,5.57e+10,121.18064,149.97798,280.84379,1,"None","parabolic","box sum"
"6663",6663,6664,143.42807,58.26549,106.84825,NA,NA,NA,2.48e+09,5.23e+10,90.57769,139.68486,112.1037,1,"None","parabolic","box sum"
"6664",6664,6665,28.80035,58.25503,106.89679,NA,NA,NA,2.56e+09,5.5e+10,106.42849,131.44931,122.29043,1,"None","parabolic","box sum"
"6665",6665,6666,19.08692,57.63481,106.80429,NA,NA,NA,2.41e+09,5.55e+10,109.13513,182.20064,147.9907,1,"None","parabolic","box sum"
"6666",6666,6667,99.39198,56.75419,106.60229,NA,NA,NA,2.48e+09,5.14e+10,99.90862,125.32747,102.48274,1,"None","parabolic","box sum"
"6667",6667,6668,17.00857,56.49491,106.70674,NA,NA,NA,2.75e+09,6.39e+10,111.6439,154.22958,178.70528,1,"None","parabolic","box sum"
"6668",6668,6669,47.05185,55.31269,106.78502,NA,NA,NA,2.41e+09,5.32e+10,96.27616,157.61083,142.15612,1,"None","parabolic","box sum"
"6669",6669,6670,157.86072,54.88871,106.69421,NA,NA,NA,2.33e+09,5.27e+10,96.95831,217.5054,135.22464,1,"None","parabolic","box sum"
"6670",6670,6671,169.74017,54.50067,106.80539,NA,NA,NA,2.66e+09,6.19e+10,121.63012,162.30386,158.44405,1,"None","parabolic","box sum"
"6671",6671,6672,110.03698,51.82094,106.84017,NA,NA,NA,2.42e+09,5.32e+10,91.73375,239.0542,131.06149,1,"None","parabolic","box sum"
"6672",6672,6673,24.17278,51.59178,106.62011,NA,NA,NA,2.4e+09,5.4e+10,110.23195,160.48306,142.32343,1,"None","parabolic","box sum"
"6677",6677,6678,56.63859,47.38331,106.82227,NA,NA,NA,2.27e+09,4.92e+10,177.77818,136.87813,103.02556,1,"None","parabolic","box sum"
"6681",6681,6682,133.76591,44.25136,106.66877,NA,NA,NA,2.4e+09,5.33e+10,102.04975,138.95929,166.46868,1,"None","parabolic","box sum"
"6682",6682,6683,65.40883,43.82961,106.73566,NA,NA,NA,2.47e+09,5.6e+10,121.86463,262.95829,127.42865,1,"None","parabolic","box sum"
"6683",6683,6684,171.04064,43.4984,106.78982,NA,NA,NA,4.28e+09,1e+11,293.65089,156.49724,121.95498,1,"None","parabolic","box sum"
"6684",6684,6685,43.45389,42.74636,106.68933,NA,NA,NA,2.52e+09,6.06e+10,332.5304,475.32547,159.19757,1,"None","parabolic","box sum"
"6685",6685,6686,169.91125,41.94973,106.69753,NA,NA,NA,2.55e+09,6.01e+10,133.64418,188.43931,261.07866,1,"None","parabolic","box sum"
"6686",6686,6687,40.7616,40.54695,106.85602,NA,NA,NA,2.9e+09,6.46e+10,118.46423,162.60928,119.26383,1,"None","parabolic","box sum"
"6687",6687,6688,173.64956,39.66376,106.60141,NA,NA,NA,2.26e+09,5.42e+10,117.43184,167.77587,200.05423,1,"None","parabolic","box sum"
"6688",6688,6689,111.91078,73.5815,106.30437,NA,NA,NA,2.67e+09,3.81e+10,98.51255,142.28252,108.59019,1,"None","parabolic","box sum"
"6689",6689,6690,156.18572,72.84375,106.29689,NA,NA,NA,2.31e+09,5.12e+10,124.79906,142.0033,124.44878,1,"None","parabolic","box sum"
"6690",6690,6691,178.25256,72.26378,106.36908,NA,NA,NA,2.34e+09,5.08e+10,88.18205,166.78301,126.75691,1,"None","parabolic","box sum"
"6691",6691,6692,183.5979,70.72485,106.45822,NA,NA,NA,2.8e+09,5.38e+10,97.13389,136.49522,79.57667,1,"None","parabolic","box sum"
"6692",6692,6693,79.74738,69.50383,106.42959,NA,NA,NA,2.44e+09,5.73e+10,150.59211,145.07545,156.15094,1,"None","parabolic","box sum"
"6697",6697,6698,34.13722,62.22195,106.33862,NA,NA,NA,2.53e+09,5.58e+10,104.47424,144.23394,126.50239,1,"None","parabolic","box sum"
"6701",6701,6702,174.43103,56.4623,106.43391,NA,NA,NA,3.57e+09,7.81e+10,121.90829,155.765,118.32047,1,"None","parabolic","box sum"
"6702",6702,6703,32.25416,55.74722,106.26129,NA,NA,NA,2.36e+09,5.31e+10,92.70721,176.8828,152.5811,1,"None","parabolic","box sum"
"6703",6703,6704,111.00085,54.54614,106.52967,NA,NA,NA,2.36e+09,5.08e+10,83.57231,167.08493,133.04502,1,"None","parabolic","box sum"
"6704",6704,6705,179.70278,54.11364,106.34199,NA,NA,NA,3.06e+09,6.94e+10,144.75425,192.01207,112.57726,1,"None","parabolic","box sum"
"6705",6705,6706,165.98318,53.81817,106.2394,NA,NA,NA,2.34e+09,5.51e+10,124.17706,171.20135,199.53895,1,"None","parabolic","box sum"
"6706",6706,6707,99.07636,53.71309,106.35361,NA,NA,NA,2.64e+09,5.65e+10,94.22542,178.96354,103.70189,1,"None","parabolic","box sum"
"6707",6707,6708,22.31246,52.02098,106.30064,NA,NA,NA,2.26e+09,5.15e+10,189.50124,173.32006,133.44723,1,"None","parabolic","box sum"
"6708",6708,6709,150.79049,51.60699,106.29193,NA,NA,NA,2.59e+09,5.8e+10,125.24609,149.65045,132.47967,1,"None","parabolic","box sum"
"6709",6709,6710,181.14318,49.68635,106.38976,NA,NA,NA,2.84e+09,6.33e+10,120.26397,162.96268,110.90165,1,"None","parabolic","box sum"
"6710",6710,6711,119.26279,48.80657,106.30126,NA,NA,NA,2.33e+09,5.06e+10,102.74717,149.08552,118.23702,1,"None","parabolic","box sum"
"6711",6711,6712,24.52199,48.45392,106.34589,NA,NA,NA,2.36e+09,5.37e+10,109.78247,152.97413,147.30185,1,"None","parabolic","box sum"
"6712",6712,6713,45.34798,46.33662,106.52093,NA,NA,NA,2.28e+09,5.25e+10,113.42715,393.48781,183.59399,1,"None","parabolic","box sum"
"6717",6717,6718,98.64578,42.71153,106.45786,NA,NA,NA,2.31e+09,4.62e+10,133.2176,117.11675,91.39395,1,"None","parabolic","box sum"
"6721",6721,6722,50.80699,67.84713,105.92373,NA,NA,NA,2.5e+09,5.76e+10,152.20925,161.38637,167.63026,1,"None","parabolic","box sum"
"6722",6722,6723,15.67917,64.3089,106.13113,NA,NA,NA,2.68e+09,5.84e+10,106.31124,217.17432,102.33295,1,"None","parabolic","box sum"
"6723",6723,6724,74.25711,63.95711,105.94786,NA,NA,NA,2.33e+09,4.93e+10,100.72696,133.98921,104.83134,1,"None","parabolic","box sum"
"6724",6724,6725,187.27403,63.26241,106.10939,NA,NA,NA,2.47e+09,5.08e+10,161.40477,119.66625,87.99809,1,"None","parabolic","box sum"
"6725",6725,6726,56.76098,62.46025,105.89394,NA,NA,NA,2.59e+09,5.75e+10,93.8822,162.62555,129.14765,1,"None","parabolic","box sum"
"6726",6726,6727,172.90297,61.96458,106.04756,NA,NA,NA,2.28e+09,4.85e+10,120.42551,144.77217,99.0172,1,"None","parabolic","box sum"
"6727",6727,6728,175.92874,58.68164,106.16214,NA,NA,NA,2.25e+09,5.16e+10,109.53025,200.30561,216.36301,1,"None","parabolic","box sum"
"6728",6728,6729,28.59727,58.64439,106.1592,NA,NA,NA,2.57e+09,5.45e+10,102.52487,134.1002,102.34129,1,"None","parabolic","box sum"
"6729",6729,6730,53.8017,57.37572,106.18231,NA,NA,NA,2.72e+09,5.41e+10,103.19176,148.28402,86.58242,1,"None","parabolic","box sum"
"6730",6730,6731,96.99638,56.374,106.04183,NA,NA,NA,2.27e+09,5e+10,96.9064,144.22914,134.83661,1,"None","parabolic","box sum"
"6731",6731,6732,36.25952,54.80773,105.90281,NA,NA,NA,2.49e+09,5.46e+10,117.79002,129.04793,126.01298,1,"None","parabolic","box sum"
"6732",6732,6733,117.69933,53.30594,105.94007,NA,NA,NA,2.32e+09,5.18e+10,217.41527,154.32638,107.44947,1,"None","parabolic","box sum"
"6737",6737,6738,120.32153,42.58981,105.96991,NA,NA,NA,2.6e+09,5.82e+10,86.23497,139.52756,204.41347,1,"None","parabolic","box sum"
"6741",6741,6742,151.03417,73.45662,105.71062,NA,NA,NA,2.61e+09,5.97e+10,156.09882,152.73928,121.16057,1,"None","parabolic","box sum"
"6742",6742,6743,138.27229,73.4713,105.62396,NA,NA,NA,2.6e+09,5.39e+10,91.31603,140.98988,240.01133,1,"None","parabolic","box sum"
"6743",6743,6744,125.41319,72.97858,105.78509,NA,NA,NA,2.37e+09,5.2e+10,86.1507,153.07048,142.33094,1,"None","parabolic","box sum"
"6744",6744,6745,156.2464,72.55598,105.64217,NA,NA,NA,2.35e+09,5.35e+10,121.4182,151.66612,146.63345,1,"None","parabolic","box sum"
"6745",6745,6746,182.17338,71.3856,105.75417,NA,NA,NA,2.42e+09,5.38e+10,145.54083,149.51081,112.5806,1,"None","parabolic","box sum"
"6746",6746,6747,79.32172,69.30178,105.69181,NA,NA,NA,2.3e+09,5.45e+10,214.00266,235.23126,287.90712,1,"None","parabolic","box sum"
"6747",6747,6748,93.90728,68.65853,105.84288,NA,NA,NA,2.27e+09,5.15e+10,164.11553,200.29768,129.40216,1,"None","parabolic","box sum"
"6748",6748,6749,74.31576,68.57975,105.81147,NA,NA,NA,2.47e+09,5.42e+10,92.05253,199.93782,137.5528,1,"None","parabolic","box sum"
"6749",6749,6750,133.5357,66.64823,105.731,NA,NA,NA,2.6e+09,5.63e+10,100.78559,147.67674,113.95705,1,"None","parabolic","box sum"
"6750",6750,6751,79.7855,64.74689,105.58632,NA,NA,NA,2.32e+09,5.06e+10,90.38898,139.50096,163.09202,1,"None","parabolic","box sum"
"6751",6751,6752,141.7482,64.40215,105.737,NA,NA,NA,2.43e+09,4.9e+10,95.31796,157.5664,95.85667,1,"None","parabolic","box sum"
"6752",6752,6753,53.68835,63.75656,105.74031,NA,NA,NA,2.34e+09,5.27e+10,151.03426,148.83059,127.62308,1,"None","parabolic","box sum"
"6757",6757,6758,101.34094,61.2079,105.68864,NA,NA,NA,2.41e+09,5.25e+10,102.1499,136.39769,122.55496,1,"None","parabolic","box sum"
"6761",6761,6762,27.15522,56.49409,105.76572,NA,NA,NA,2.3e+09,5.43e+10,107.87219,147.1892,233.04313,1,"None","parabolic","box sum"
"6762",6762,6763,169.56406,55.75338,105.63913,NA,NA,NA,2.36e+09,5.1e+10,112.30407,123.44033,109.73132,1,"None","parabolic","box sum"
"6763",6763,6764,101.44832,55.39072,105.7664,NA,NA,NA,2.55e+09,5.6e+10,91.07663,199.99748,129.70841,1,"None","parabolic","box sum"
"6764",6764,6765,17.00618,54.9703,105.6462,NA,NA,NA,2.26e+09,4.96e+10,114.72673,144.30779,157.09972,1,"None","parabolic","box sum"
"6765",6765,6766,152.36193,54.59644,105.655,NA,NA,NA,2.44e+09,5.67e+10,98.41423,139.63562,191.11335,1,"None","parabolic","box sum"
"6766",6766,6767,101.81458,53.92394,105.5827,NA,NA,NA,2.33e+09,5.16e+10,109.56995,121.33998,159.21175,1,"None","parabolic","box sum"
"6767",6767,6768,41.69028,52.59991,105.63184,NA,NA,NA,2.28e+09,5.09e+10,120.33787,209.56045,108.06865,1,"None","parabolic","box sum"
"6768",6768,6769,149.69964,52.28854,105.66081,NA,NA,NA,3.67e+09,8.08e+10,129.92286,140.82682,112.11956,1,"None","parabolic","box sum"
"6769",6769,6770,28.74099,47.05996,105.64378,NA,NA,NA,2.58e+09,5.95e+10,114.69497,180.65834,143.30935,1,"None","parabolic","box sum"
"6770",6770,6771,137.32112,46.72033,105.74407,NA,NA,NA,2.6e+09,5.8e+10,103.32001,160.12299,129.70966,1,"None","parabolic","box sum"
"6771",6771,6772,30.74329,46.12434,105.73337,NA,NA,NA,2.34e+09,5.23e+10,104.33988,173.11311,135.30225,1,"None","parabolic","box sum"
"6772",6772,6773,114.82827,45.20292,105.58038,NA,NA,NA,2.8e+09,6.62e+10,129.55583,202.55637,148.70083,1,"None","parabolic","box sum"
"6777",6777,6778,109.58655,41.07787,105.61349,NA,NA,NA,2.25e+09,5.01e+10,82.73931,182.84506,139.05609,1,"None","parabolic","box sum"
"6781",6781,6782,93.90138,71.21347,105.40394,NA,NA,NA,2.29e+09,5.33e+10,325.19341,147.82058,144.92822,1,"None","parabolic","box sum"
"6782",6782,6783,176.64967,69.22026,105.429,NA,NA,NA,2.51e+09,5.44e+10,104.34324,171.92869,116.92107,1,"None","parabolic","box sum"
"6783",6783,6784,79.20379,69.23954,105.473,NA,NA,NA,2.38e+09,5.61e+10,146.90835,219.18429,264.24545,1,"None","parabolic","box sum"
"6784",6784,6785,64.28798,67.63491,105.24595,NA,NA,NA,2.91e+09,6.15e+10,112.20086,137.27367,129.71133,1,"None","parabolic","box sum"
"6785",6785,6786,45.05707,61.25045,105.3636,NA,NA,NA,2.89e+09,6.65e+10,110.49333,195.46801,184.69715,1,"None","parabolic","box sum"
"6786",6786,6787,96.48923,60.70812,105.43717,NA,NA,NA,2.4e+09,5.08e+10,76.99137,122.52137,151.11578,1,"None","parabolic","box sum"
"6787",6787,6788,26.88319,60.40299,105.33514,NA,NA,NA,2.37e+09,5.29e+10,127.21439,150.34327,135.26136,1,"None","parabolic","box sum"
"6788",6788,6789,109.97334,60.26989,105.42996,NA,NA,NA,2.34e+09,5.25e+10,145.76511,146.9785,118.39014,1,"None","parabolic","box sum"
"6789",6789,6790,170.8208,58.61952,105.30778,NA,NA,NA,2.35e+09,5.19e+10,112.19048,231.98566,182.9235,1,"None","parabolic","box sum"
"6790",6790,6791,75.40577,57.65987,105.35306,NA,NA,NA,2.8e+09,6.17e+10,123.93125,142.30049,109.46679,1,"None","parabolic","box sum"
"6791",6791,6792,15.02539,56.05004,105.38776,NA,NA,NA,2.63e+09,5.93e+10,138.73958,124.39182,133.56239,1,"None","parabolic","box sum"
"6792",6792,6793,81.03143,53.72816,105.31433,NA,NA,NA,2.3e+09,5.05e+10,172.45773,138.85623,114.048,1,"None","parabolic","box sum"
"6797",6797,6798,68.10048,46.0674,105.30353,NA,NA,NA,2.66e+09,5.99e+10,110.36142,309.77428,121.76013,1,"None","parabolic","box sum"
"6801",6801,6802,48.63596,42.19406,105.25754,NA,NA,NA,3.07e+09,7.19e+10,155.88325,160.00909,164.36833,1,"None","parabolic","box sum"
"6802",6802,6803,43.61246,41.62869,105.27425,NA,NA,NA,2.29e+09,5.24e+10,126.58659,124.16506,339.42574,1,"None","parabolic","box sum"
"6803",6803,6804,132.39387,40.8492,105.29496,NA,NA,NA,2.79e+09,5.92e+10,85.58274,198.29643,110.03673,1,"None","parabolic","box sum"
"6804",6804,6805,109.60719,40.87574,105.3442,NA,NA,NA,2.38e+09,5.15e+10,100.34344,196.28412,103.20914,1,"None","parabolic","box sum"
"6805",6805,6806,102.47687,39.68824,105.50739,NA,NA,NA,2.28e+09,5.29e+10,116.78724,169.69222,130.64384,1,"None","parabolic","box sum"
"6806",6806,6807,37.80849,71.7833,104.94295,NA,NA,NA,2.51e+09,5.82e+10,139.72159,181.30096,131.04647,1,"None","parabolic","box sum"
"6807",6807,6808,17.83986,71.15753,105.02862,NA,NA,NA,2.29e+09,5.31e+10,106.01077,183.9605,175.08745,1,"None","parabolic","box sum"
"6808",6808,6809,94.12372,71.02,104.95098,NA,NA,NA,2.68e+09,6.09e+10,210.49478,158.24354,127.76369,1,"None","parabolic","box sum"
"6809",6809,6810,172.75079,69.51688,104.99138,NA,NA,NA,2.28e+09,5.1e+10,121.04751,136.0324,153.19318,1,"None","parabolic","box sum"
"6810",6810,6811,32.15399,68.44963,104.89483,NA,NA,NA,2.25e+09,5.04e+10,110.06584,164.1691,122.94674,1,"None","parabolic","box sum"
"6811",6811,6812,85.81996,67.28022,104.94562,NA,NA,NA,2.44e+09,4.67e+10,93.43028,139.54999,72.58135,1,"None","parabolic","box sum"
"6812",6812,6813,180.56322,65.34222,104.93325,NA,NA,NA,2.27e+09,5.01e+10,98.71531,137.12253,150.40147,1,"None","parabolic","box sum"
"6817",6817,6818,138.70355,63.00063,105.03046,NA,NA,NA,2.35e+09,5.14e+10,92.66446,217.24045,110.50904,1,"None","parabolic","box sum"
"6821",6821,6822,82.96337,56.5015,105.13259,NA,NA,NA,2.5e+09,5.38e+10,121.04629,155.34171,102.39887,1,"None","parabolic","box sum"
"6822",6822,6823,102.83847,55.12009,104.91531,NA,NA,NA,2.75e+09,5.97e+10,96.9687,240.30298,106.58538,1,"None","parabolic","box sum"
"6823",6823,6824,148.49934,54.80882,104.89144,NA,NA,NA,2.49e+09,5.19e+10,160.6907,175.31484,90.21693,1,"None","parabolic","box sum"
"6824",6824,6825,56.63804,51.59501,104.92232,NA,NA,NA,2.26e+09,4.82e+10,103.48001,118.74396,143.23968,1,"None","parabolic","box sum"
"6825",6825,6826,146.21033,50.82318,105.09112,NA,NA,NA,2.57e+09,5.64e+10,130.55982,211.73882,95.00843,1,"None","parabolic","box sum"
"6826",6826,6827,35.37244,48.5251,105.08984,NA,NA,NA,2.37e+09,5.43e+10,152.092,159.45333,119.1203,1,"None","parabolic","box sum"
"6827",6827,6828,133.44383,48.01266,105.13032,NA,NA,NA,2.3e+09,5.06e+10,96.02699,151.37362,229.4445,1,"None","parabolic","box sum"
"6828",6828,6829,125.5176,47.19377,105.00345,NA,NA,NA,2.4e+09,5.34e+10,94.88131,179.95656,121.355,1,"None","parabolic","box sum"
"6829",6829,6830,54.39201,46.99255,104.95635,NA,NA,NA,2.42e+09,5.25e+10,94.681,138.15778,263.14312,1,"None","parabolic","box sum"
"6830",6830,6831,118.52404,44.62715,105.11284,NA,NA,NA,2.3e+09,5.35e+10,151.63397,133.98463,157.13018,1,"None","parabolic","box sum"
"6831",6831,6832,168.83296,44.03432,104.92541,NA,NA,NA,3.18e+09,6.85e+10,123.58925,142.19242,112.53095,1,"None","parabolic","box sum"
"6832",6832,6833,51.25255,43.35688,104.9892,NA,NA,NA,2.4e+09,5.39e+10,97.55375,262.75176,122.2266,1,"None","parabolic","box sum"
"6837",6837,6838,127.20442,41.2503,104.92593,NA,NA,NA,2.61e+09,5.79e+10,92.03543,149.64962,193.43942,1,"None","parabolic","box sum"
"6841",6841,6842,143.96679,72.33265,104.78348,NA,NA,NA,2.28e+09,4.61e+10,107.98945,127.87059,86.91537,1,"None","parabolic","box sum"
"6842",6842,6843,38.56831,71.11338,104.69386,NA,NA,NA,2.26e+09,4.73e+10,106.38696,126.38528,102.94044,1,"None","parabolic","box sum"
"6843",6843,6844,104.18212,69.68636,104.75484,NA,NA,NA,2.28e+09,4.9e+10,126.88217,152.69432,108.95109,1,"None","parabolic","box sum"
"6844",6844,6845,172.58589,69.29451,104.5884,NA,NA,NA,2.31e+09,5.04e+10,123.01428,143.76742,112.13791,1,"None","parabolic","box sum"
"6845",6845,6846,103.3488,67.96844,104.69868,NA,NA,NA,2.55e+09,5.58e+10,117.05473,158.87056,103.64306,1,"None","parabolic","box sum"
"6846",6846,6847,180.99461,64.45287,104.72418,NA,NA,NA,2.47e+09,5.35e+10,80.81208,117.87111,339.984,1,"None","parabolic","box sum"
"6847",6847,6848,27.23159,64.38793,104.66182,NA,NA,NA,2.48e+09,5.29e+10,106.11581,160.14281,104.96986,1,"None","parabolic","box sum"
"6848",6848,6849,113.80537,63.97234,104.59479,NA,NA,NA,2.32e+09,5.32e+10,121.977,210.45437,132.5677,1,"None","parabolic","box sum"
"6849",6849,6850,74.89167,62.40906,104.59143,NA,NA,NA,2.28e+09,5.33e+10,202.8219,135.45558,174.77578,1,"None","parabolic","box sum"
"6850",6850,6851,106.0374,62.14365,104.57554,NA,NA,NA,2.33e+09,4.71e+10,80.38199,120.15775,123.34645,1,"None","parabolic","box sum"
"6851",6851,6852,67.05549,60.30525,104.80878,NA,NA,NA,2.42e+09,5.3e+10,135.23659,161.62398,105.21227,1,"None","parabolic","box sum"
"6852",6852,6853,53.52471,59.75325,104.55675,NA,NA,NA,2.36e+09,4.96e+10,106.16955,144.13735,106.426,1,"None","parabolic","box sum"
"6857",6857,6858,91.81494,54.31112,104.60466,NA,NA,NA,2.42e+09,5.45e+10,117.41016,188.50982,124.87018,1,"None","parabolic","box sum"
"6861",6861,6862,17.33232,50.61721,104.66113,NA,NA,NA,2.26e+09,5.11e+10,108.29724,144.34493,156.43132,1,"None","parabolic","box sum"
"6862",6862,6863,55.97369,50.03222,104.69365,NA,NA,NA,2.69e+09,6.13e+10,144.88814,129.6646,189.98224,1,"None","parabolic","box sum"
"6863",6863,6864,185.57978,49.05784,104.5831,NA,NA,NA,2.9e+09,6.43e+10,115.83012,129.16309,117.57988,1,"None","parabolic","box sum"
"6864",6864,6865,144.11621,47.66807,104.82072,NA,NA,NA,2.44e+09,5.5e+10,104.40951,298.54947,149.3659,1,"None","parabolic","box sum"
"6865",6865,6866,21.68288,47.40141,104.69475,NA,NA,NA,2.32e+09,4.92e+10,130.09691,118.14606,117.31285,1,"None","parabolic","box sum"
"6866",6866,6867,170.78498,45.73913,104.77391,NA,NA,NA,2.39e+09,5.34e+10,102.81099,138.54998,147.40908,1,"None","parabolic","box sum"
"6867",6867,6868,61.90027,45.53134,104.79266,NA,NA,NA,3.41e+09,7.74e+10,108.40473,157.97508,165.47525,1,"None","parabolic","box sum"
"6868",6868,6869,83.68127,45.48925,104.80479,NA,NA,NA,2.28e+09,5.16e+10,110.38585,191.17177,174.30973,1,"None","parabolic","box sum"
"6869",6869,6870,156.94903,44.7627,104.58603,NA,NA,NA,2.64e+09,5.62e+10,92.6669,130.12356,126.53786,1,"None","parabolic","box sum"
"6870",6870,6871,42.17678,42.44596,104.83062,NA,NA,NA,2.3e+09,5.27e+10,114.03541,239.98004,147.80796,1,"None","parabolic","box sum"
"6871",6871,6872,182.27824,73.11582,104.48999,NA,NA,NA,2.51e+09,5.73e+10,129.20772,148.30178,267.36385,1,"None","parabolic","box sum"
"6872",6872,6873,72.47425,70.437,104.42072,NA,NA,NA,2.35e+09,4.84e+10,88.55443,123.82334,112.0261,1,"None","parabolic","box sum"
"6877",6877,6878,175.18718,67.71065,104.44283,NA,NA,NA,2.27e+09,5.34e+10,97.56596,187.96095,162.54503,1,"None","parabolic","box sum"
"6881",6881,6882,78.99839,57.56244,104.32559,NA,NA,NA,2.25e+09,5.14e+10,137.63299,199.68268,112.6774,1,"None","parabolic","box sum"
"6882",6882,6883,56.71734,55.24782,104.36541,NA,NA,NA,2.32e+09,5.05e+10,112.69431,122.19572,139.65648,1,"None","parabolic","box sum"
"6883",6883,6884,76.22148,53.63014,104.37161,NA,NA,NA,2.37e+09,5e+10,132.67896,174.05564,84.49584,1,"None","parabolic","box sum"
"6884",6884,6885,43.49564,51.53963,104.41322,NA,NA,NA,2.43e+09,5.2e+10,114.48733,147.78209,114.95465,1,"None","parabolic","box sum"
"6885",6885,6886,33.0058,51.10954,104.44526,NA,NA,NA,2.39e+09,5.18e+10,95.31369,178.11865,121.64623,1,"None","parabolic","box sum"
"6886",6886,6887,169.78553,50.15967,104.42493,NA,NA,NA,2.26e+09,5e+10,115.0562,159.79463,117.47515,1,"None","parabolic","box sum"
"6887",6887,6888,34.50483,49.28814,104.43639,NA,NA,NA,2.48e+09,5.55e+10,104.42783,145.70969,149.85031,1,"None","parabolic","box sum"
"6888",6888,6889,48.54422,49.14603,104.38181,NA,NA,NA,2.46e+09,5.51e+10,138.29255,153.20736,112.08826,1,"None","parabolic","box sum"
"6889",6889,6890,77.42024,48.80338,104.23003,NA,NA,NA,2.64e+09,6e+10,173.18081,140.39874,111.33182,1,"None","parabolic","box sum"
"6890",6890,6891,109.3146,47.88374,104.38594,NA,NA,NA,2.35e+09,5.13e+10,89.94927,154.55669,120.24766,1,"None","parabolic","box sum"
"6891",6891,6892,42.29082,46.77137,104.25405,NA,NA,NA,2.4e+09,5.02e+10,106.67277,108.73038,109.59613,1,"None","parabolic","box sum"
"6892",6892,6893,79.07325,46.57351,104.21018,NA,NA,NA,2.87e+09,6.17e+10,96.79159,148.48471,143.37319,1,"None","parabolic","box sum"
"6897",6897,6898,120.45849,43.17725,104.40202,NA,NA,NA,2.45e+09,5.66e+10,128.91459,164.83605,138.72731,1,"None","parabolic","box sum"
"6901",6901,6902,139.1717,71.80533,103.87971,NA,NA,NA,2.41e+09,4.89e+10,90.71143,118.46678,114.43228,1,"None","parabolic","box sum"
"6902",6902,6903,93.39456,71.57068,103.945,NA,NA,NA,2.81e+09,6.41e+10,108.39129,155.13033,142.40313,1,"None","parabolic","box sum"
"6903",6903,6904,60.58656,69.5921,103.99342,NA,NA,NA,2.49e+09,5.25e+10,111.56573,142.06944,92.90433,1,"None","parabolic","box sum"
"6904",6904,6905,65.84697,69.22592,104.19551,NA,NA,NA,2.47e+09,5.34e+10,116.99854,136.93222,111.76115,1,"None","parabolic","box sum"
"6905",6905,6906,23.20638,69.16257,104.07902,NA,NA,NA,2.58e+09,5.39e+10,86.7101,164.17453,100.75122,1,"None","parabolic","box sum"
"6906",6906,6907,86.07373,69.00311,103.97672,NA,NA,NA,2.34e+09,5.42e+10,117.30634,171.96368,147.32438,1,"None","parabolic","box sum"
"6907",6907,6908,147.23269,63.52112,104.05272,NA,NA,NA,2.65e+09,5.63e+10,93.89136,118.33611,127.76577,1,"None","parabolic","box sum"
"6908",6908,6909,29.63859,63.49823,103.98285,NA,NA,NA,2.35e+09,5.38e+10,128.68008,173.99409,133.87948,1,"None","parabolic","box sum"
"6909",6909,6910,101.13123,62.1313,104.13265,NA,NA,NA,2.76e+09,5.63e+10,81.77195,150.02263,103.57338,1,"None","parabolic","box sum"
"6910",6910,6911,23.44246,62.19046,103.95089,NA,NA,NA,2.3e+09,4.97e+10,108.96413,142.77154,120.72456,1,"None","parabolic","box sum"
"6911",6911,6912,157.76647,59.74749,103.94992,NA,NA,NA,2.47e+09,5.75e+10,109.14795,174.62161,194.81879,1,"None","parabolic","box sum"
"6912",6912,6913,136.65682,59.21681,104.07335,NA,NA,NA,2.32e+09,5.22e+10,147.63509,186.62748,116.4692,1,"None","parabolic","box sum"
"6917",6917,6918,177.0418,54.66385,104.11539,NA,NA,NA,2.38e+09,5.14e+10,169.20238,150.95013,109.52854,1,"None","parabolic","box sum"
"6921",6921,6922,52.7477,46.91493,103.89017,NA,NA,NA,2.72e+09,6.23e+10,126.3765,158.94055,138.7248,1,"None","parabolic","box sum"
"6922",6922,6923,182.90875,46.56309,104.15105,NA,NA,NA,2.31e+09,5.17e+10,178.87791,198.63272,112.75834,1,"None","parabolic","box sum"
"6923",6923,6924,119.66793,45.62911,103.93653,NA,NA,NA,2.25e+09,5.12e+10,137.83452,151.59392,162.84668,1,"None","parabolic","box sum"
"6924",6924,6925,131.57361,45.14115,104.0646,NA,NA,NA,2.57e+09,5.73e+10,111.66344,154.56629,116.40036,1,"None","parabolic","box sum"
"6925",6925,6926,52.61473,44.55363,103.95673,NA,NA,NA,2.55e+09,5.74e+10,175.09597,170.573,118.09057,1,"None","parabolic","box sum"
"6926",6926,6927,42.97123,42.82836,104.13559,NA,NA,NA,3.32e+09,7.8e+10,114.44336,243.48688,715.42358,1,"None","parabolic","box sum"
"6927",6927,6928,184.1228,42.29941,103.97893,NA,NA,NA,2.65e+09,5.36e+10,88.57931,136.50095,94.22445,1,"None","parabolic","box sum"
"6928",6928,6929,37.58229,42.30233,103.9699,NA,NA,NA,2.35e+09,5.19e+10,158.90745,151.76207,112.23847,1,"None","parabolic","box sum"
"6929",6929,6930,51.5221,41.52596,103.94838,NA,NA,NA,2.79e+09,5.95e+10,91.01678,133.53109,138.44067,1,"None","parabolic","box sum"
"6930",6930,6931,151.41812,41.26248,103.97746,NA,NA,NA,2.49e+09,5.1e+10,118.18575,162.11653,88.51713,1,"None","parabolic","box sum"
"6931",6931,6932,70.96398,39.93234,104.00663,NA,NA,NA,2.26e+09,4.86e+10,101.02499,143.70072,132.97367,1,"None","parabolic","box sum"
"6932",6932,6933,94.72526,39.51113,103.95531,NA,NA,NA,2.42e+09,5.41e+10,115.67942,174.35104,140.90902,1,"None","parabolic","box sum"
"6937",6937,6938,30.2926,70.16548,103.73018,NA,NA,NA,2.82e+09,5.72e+10,117.35275,132.29645,86.43222,1,"None","parabolic","box sum"
"6941",6941,6942,141.69989,62.92265,103.61545,NA,NA,NA,2.45e+09,5.68e+10,132.32964,234.50115,170.12614,1,"None","parabolic","box sum"
"6942",6942,6943,92.87269,61.58981,103.80192,NA,NA,NA,2.3e+09,5.1e+10,176.5641,121.69337,144.3491,1,"None","parabolic","box sum"
"6943",6943,6944,51.64523,61.54117,103.72002,NA,NA,NA,2.69e+09,5.85e+10,82.58908,146.25481,149.23698,1,"None","parabolic","box sum"
"6944",6944,6945,63.75368,59.77342,103.72552,NA,NA,NA,2.3e+09,4.98e+10,163.67826,120.803,122.02632,1,"None","parabolic","box sum"
"6945",6945,6946,162.28136,58.49129,103.61083,NA,NA,NA,2.85e+09,6.13e+10,104.81013,187.14526,113.10631,1,"None","parabolic","box sum"
"6946",6946,6947,29.16247,56.33792,103.62753,NA,NA,NA,2.55e+09,5.74e+10,114.65833,205.61928,136.40332,1,"None","parabolic","box sum"
"6947",6947,6948,126.29724,56.24827,103.73098,NA,NA,NA,2.39e+09,5.81e+10,103.8501,308.2591,189.38601,1,"None","parabolic","box sum"
"6948",6948,6949,20.47389,56.08277,103.75555,NA,NA,NA,2.27e+09,4.62e+10,85.8942,137.86718,96.46541,1,"None","parabolic","box sum"
"6949",6949,6950,80.14138,54.53224,103.84735,NA,NA,NA,2.67e+09,5.46e+10,100.03076,121.9604,107.55545,1,"None","parabolic","box sum"
"6950",6950,6951,81.73399,54.23414,103.75586,NA,NA,NA,2.5e+09,5.54e+10,113.1731,235.6233,103.97393,1,"None","parabolic","box sum"
"6951",6951,6952,134.48764,52.84883,103.69512,NA,NA,NA,2.43e+09,5.5e+10,142.74091,153.13601,128.70413,1,"None","parabolic","box sum"
"6952",6952,6953,140.55844,51.18517,103.81796,NA,NA,NA,2.33e+09,5.42e+10,130.77967,151.16709,162.60052,1,"None","parabolic","box sum"
"6957",6957,6958,63.92952,38.92423,103.79098,NA,NA,NA,2.56e+09,3.56e+10,81.03545,142.43484,273.36407,1,"None","parabolic","box sum"
"6961",6961,6962,83.29031,70.4704,103.3357,NA,NA,NA,2.26e+09,4.64e+10,108.158,134.85883,92.67819,1,"None","parabolic","box sum"
"6962",6962,6963,162.72015,68.75205,103.45707,NA,NA,NA,2.44e+09,5.64e+10,104.57195,145.83226,162.31972,1,"None","parabolic","box sum"
"6963",6963,6964,155.54662,62.50007,103.38609,NA,NA,NA,2.37e+09,5.18e+10,166.04413,187.08059,93.9182,1,"None","parabolic","box sum"
"6964",6964,6965,38.12654,52.89004,103.28585,NA,NA,NA,2.32e+09,5.41e+10,132.03162,149.58328,159.40243,1,"None","parabolic","box sum"
"6965",6965,6966,124.06492,51.29399,103.39956,NA,NA,NA,2.29e+09,5.22e+10,108.43893,142.25209,174.79956,1,"None","parabolic","box sum"
"6966",6966,6967,42.18251,51.3066,103.51213,NA,NA,NA,3.1e+09,6.83e+10,101.57706,132.46548,134.61298,1,"None","parabolic","box sum"
"6967",6967,6968,32.57548,50.35727,103.35061,NA,NA,NA,2.35e+09,5.29e+10,90.66502,169.10809,157.26036,1,"None","parabolic","box sum"
"6968",6968,6969,73.55779,50.06817,103.24509,NA,NA,NA,2.31e+09,5.35e+10,159.1615,203.19766,123.62099,1,"None","parabolic","box sum"
"6969",6969,6970,170.11533,49.66996,103.24601,NA,NA,NA,2.63e+09,5.96e+10,96.63892,160.24065,167.40245,1,"None","parabolic","box sum"
"6970",6970,6971,90.82679,49.0886,103.30855,NA,NA,NA,2.4e+09,5.43e+10,117.79246,132.5773,172.68753,1,"None","parabolic","box sum"
"6971",6971,6972,180.45818,47.47891,103.22021,NA,NA,NA,2.74e+09,5.81e+10,103.4252,139.33355,113.37376,1,"None","parabolic","box sum"
"6972",6972,6973,47.25062,47.25205,103.43524,NA,NA,NA,2.38e+09,5.36e+10,142.08135,143.32187,114.11726,1,"None","parabolic","box sum"
"6977",6977,6978,182.52239,42.89909,103.23796,NA,NA,NA,2.37e+09,4.95e+10,94.87704,166.29261,110.43602,1,"None","parabolic","box sum"
"6981",6981,6982,72.41056,66.60763,102.89897,NA,NA,NA,2.71e+09,6.04e+10,159.43021,139.20264,134.02426,1,"None","parabolic","box sum"
"6982",6982,6983,188.1416,61.44657,103.07258,NA,NA,NA,2.55e+09,5.53e+10,114.37798,149.04422,122.0572,1,"None","parabolic","box sum"
"6983",6983,6984,176.2652,60.49759,102.95163,NA,NA,NA,2.49e+09,5.49e+10,105.31243,163.01233,116.91982,1,"None","parabolic","box sum"
"6984",6984,6985,126.27066,56.39637,103.09728,NA,NA,NA,2.51e+09,5.76e+10,89.93461,173.66552,215.83813,1,"None","parabolic","box sum"
"6985",6985,6986,158.69785,53.47839,102.98014,NA,NA,NA,2.36e+09,4.97e+10,195.65164,182.90639,79.202,1,"None","parabolic","box sum"
"6986",6986,6987,160.97452,52.65401,102.94709,NA,NA,NA,2.97e+09,6.3e+10,89.36849,182.96397,105.52979,1,"None","parabolic","box sum"
"6987",6987,6988,183.74178,51.62195,103.13074,NA,NA,NA,2.51e+09,5.85e+10,109.25238,206.82466,145.14351,1,"None","parabolic","box sum"
"6988",6988,6989,73.30969,50.15661,103.0066,NA,NA,NA,2.5e+09,5.58e+10,176.72289,161.89998,108.14708,1,"None","parabolic","box sum"
"6989",6989,6990,112.32663,48.74701,102.97195,NA,NA,NA,2.85e+09,5.91e+10,99.53976,140.30445,95.20411,1,"None","parabolic","box sum"
"6990",6990,6991,21.41745,48.12478,102.90501,NA,NA,NA,2.42e+09,5.53e+10,116.35608,163.84304,134.32008,1,"None","parabolic","box sum"
"6991",6991,6992,116.15048,48.0454,102.93186,NA,NA,NA,2.54e+09,5.5e+10,105.01288,139.03564,127.42949,1,"None","parabolic","box sum"
"6992",6992,6993,120.65481,47.81829,102.92052,NA,NA,NA,2.54e+09,5.67e+10,120.84842,166.57341,114.61169,1,"None","parabolic","box sum"
"6997",6997,6998,166.87578,42.10199,102.96168,NA,NA,NA,3.13e+09,6.98e+10,144.91074,165.84909,115.66269,1,"None","parabolic","box sum"
"7001",7001,7002,108.73263,40.13975,103.11855,NA,NA,NA,2.35e+09,5.05e+10,101.41828,129.36461,136.23768,1,"None","parabolic","box sum"
"7002",7002,7003,58.65455,39.78415,102.92038,NA,NA,NA,2.33e+09,5.18e+10,108.09205,167.60397,132.01028,1,"None","parabolic","box sum"
"7003",7003,7004,34.56089,39.57929,103.02911,NA,NA,NA,2.33e+09,5.13e+10,102.21952,163.42914,119.15743,1,"None","parabolic","box sum"
"7004",7004,7005,96.66216,39.34493,102.94113,NA,NA,NA,2.26e+09,4.51e+10,84.32347,126.06263,101.72671,1,"None","parabolic","box sum"
"7005",7005,7006,63.10653,73.14017,102.6146,NA,NA,NA,2.32e+09,5.3e+10,92.87332,159.90962,164.74384,1,"None","parabolic","box sum"
"7006",7006,7007,99.56266,71.77672,102.81772,NA,NA,NA,2.44e+09,5.47e+10,95.3882,141.61414,151.4529,1,"None","parabolic","box sum"
"7007",7007,7008,188.19706,71.42532,102.56582,NA,NA,NA,2.35e+09,5.09e+10,103.93327,143.64997,112.02443,1,"None","parabolic","box sum"
"7008",7008,7009,126.79141,70.48742,102.81007,NA,NA,NA,2.27e+09,4.76e+10,143.45788,121.24401,102.24283,1,"None","parabolic","box sum"
"7009",7009,7010,119.99443,69.67505,102.6938,NA,NA,NA,2.41e+09,5.4e+10,111.55107,185.26167,167.63318,1,"None","parabolic","box sum"
"7010",7010,7011,161.37987,67.88454,102.6579,NA,NA,NA,2.28e+09,5.13e+10,134.70344,129.91014,264.01806,1,"None","parabolic","box sum"
"7011",7011,7012,166.25744,67.59684,102.62368,NA,NA,NA,2.43e+09,5.48e+10,127.80708,163.05488,125.45305,1,"None","parabolic","box sum"
"7012",7012,7013,68.35282,66.36131,102.83176,NA,NA,NA,2.28e+09,5.19e+10,100.94682,154.23365,207.74841,1,"None","parabolic","box sum"
"7017",7017,7018,66.41617,63.61642,102.77719,NA,NA,NA,2.69e+09,6.01e+10,105.41961,170.27134,141.18522,1,"None","parabolic","box sum"
"7021",7021,7022,75.22027,61.35901,102.63436,NA,NA,NA,2.32e+09,5.23e+10,178.90432,164.57257,119.81875,1,"None","parabolic","box sum"
"7022",7022,7023,22.11315,59.95221,102.52949,NA,NA,NA,2.42e+09,5.25e+10,124.94013,142.51056,112.59186,1,"None","parabolic","box sum"
"7023",7023,7024,135.49037,59.61613,102.78696,NA,NA,NA,2.78e+09,6.07e+10,98.25239,145.16917,118.71725,1,"None","parabolic","box sum"
"7024",7024,7025,54.53992,58.42829,102.75294,NA,NA,NA,2.31e+09,5.29e+10,131.21327,151.86095,163.78754,1,"None","parabolic","box sum"
"7025",7025,7026,129.10322,55.87874,102.58352,NA,NA,NA,2.47e+09,5.44e+10,86.46338,208.9636,237.04815,1,"None","parabolic","box sum"
"7026",7026,7027,76.58296,55.35193,102.57601,NA,NA,NA,2.45e+09,5.75e+10,125.05983,183.4951,199.43213,1,"None","parabolic","box sum"
"7027",7027,7028,77.29159,51.43196,102.60537,NA,NA,NA,2.48e+09,5.25e+10,121.70584,131.77371,112.32483,1,"None","parabolic","box sum"
"7028",7028,7029,49.88788,50.71158,102.76654,NA,NA,NA,2.49e+09,5.5e+10,96.72319,153.02962,134.67807,1,"None","parabolic","box sum"
"7029",7029,7030,88.94362,50.58515,102.68018,NA,NA,NA,2.84e+09,6.1e+10,113.80457,155.6778,114.03883,1,"None","parabolic","box sum"
"7030",7030,7031,74.76834,47.65479,102.72327,NA,NA,NA,2.46e+09,5.44e+10,112.12025,136.12294,128.39663,1,"None","parabolic","box sum"
"7031",7031,7032,38.66333,46.48978,102.73871,NA,NA,NA,2.66e+09,5.72e+10,137.80398,148.69082,103.06102,1,"None","parabolic","box sum"
"7032",7032,7033,72.52157,44.21735,102.6898,NA,NA,NA,2.44e+09,5.5e+10,105.78603,164.89905,136.24185,1,"None","parabolic","box sum"
"7037",7037,7038,92.55899,39.44907,102.5774,NA,NA,NA,2.27e+09,5.26e+10,118.99066,191.11878,160.42465,1,"None","parabolic","box sum"
"7041",7041,7042,46.59706,71.57748,102.23238,NA,NA,NA,2.33e+09,5.02e+10,96.75006,118.78474,128.49259,1,"None","parabolic","box sum"
"7042",7042,7043,47.2653,70.08691,102.27475,NA,NA,NA,2.4e+09,5.37e+10,119.24837,176.50656,127.52879,1,"None","parabolic","box sum"
"7043",7043,7044,137.34955,69.39302,102.18125,NA,NA,NA,2.46e+09,5.29e+10,89.29704,125.58845,143.91601,1,"None","parabolic","box sum"
"7044",7044,7045,165.11506,68.90094,102.45172,NA,NA,NA,2.36e+09,5.41e+10,182.15173,158.19746,134.45818,1,"None","parabolic","box sum"
"7045",7045,7046,76.56868,66.54873,102.31934,NA,NA,NA,2.62e+09,5.89e+10,141.10178,128.52889,122.05553,1,"None","parabolic","box sum"
"7046",7046,7047,119.66217,66.20922,102.27212,NA,NA,NA,2.75e+09,5.94e+10,121.6521,258.56097,100.14457,1,"None","parabolic","box sum"
"7047",7047,7048,42.73182,65.64733,102.29935,NA,NA,NA,2.33e+09,5.49e+10,127.68829,204.05903,155.85095,1,"None","parabolic","box sum"
"7048",7048,7049,136.37015,65.536,102.22232,NA,NA,NA,2.29e+09,5.2e+10,124.30256,168.12019,142.39979,1,"None","parabolic","box sum"
"7049",7049,7050,76.81539,64.65,102.1971,NA,NA,NA,2.28e+09,4.91e+10,96.20532,144.27806,133.45891,1,"None","parabolic","box sum"
"7050",7050,7051,63.49849,63.66103,102.40023,NA,NA,NA,2.47e+09,5.63e+10,137.9017,155.32815,122.34968,1,"None","parabolic","box sum"
"7051",7051,7052,41.45587,62.42481,102.28763,NA,NA,NA,2.43e+09,5.23e+10,97.01389,168.96728,120.52679,1,"None","parabolic","box sum"
"7052",7052,7053,153.19028,60.49017,102.41675,NA,NA,NA,2.64e+09,5.87e+10,124.51203,166.96602,131.44785,1,"None","parabolic","box sum"
"7057",7057,7058,165.58741,54.30654,102.44722,NA,NA,NA,2.43e+09,5.19e+10,93.51517,166.48412,104.34651,1,"None","parabolic","box sum"
"7061",7061,7062,21.26356,47.94893,102.45085,NA,NA,NA,2.39e+09,5.55e+10,111.71962,187.62821,146.20829,1,"None","parabolic","box sum"
"7062",7062,7063,183.40911,46.63629,102.31162,NA,NA,NA,2.34e+09,5.27e+10,107.29431,141.06965,277.30691,1,"None","parabolic","box sum"
"7063",7063,7064,63.02561,45.4628,102.39577,NA,NA,NA,2.35e+09,5.32e+10,107.56196,227.78976,126.7035,1,"None","parabolic","box sum"
"7064",7064,7065,148.49712,44.60195,102.31216,NA,NA,NA,2.33e+09,5.33e+10,164.9815,207.54689,115.08942,1,"None","parabolic","box sum"
"7065",7065,7066,113.42351,39.82799,102.22158,NA,NA,NA,2.36e+09,5.29e+10,111.62191,178.66021,122.91795,1,"None","parabolic","box sum"
"7066",7066,7067,63.05484,73.30882,102.16522,NA,NA,NA,2.32e+09,5.19e+10,116.72251,173.69382,177.95634,1,"None","parabolic","box sum"
"7067",7067,7068,183.54806,72.7639,101.99626,NA,NA,NA,2.27e+09,4.68e+10,117.81124,135.98296,96.7074,1,"None","parabolic","box sum"
"7068",7068,7069,32.04492,71.76897,101.93168,NA,NA,NA,2.67e+09,6.35e+10,116.32921,216.52678,253.84051,1,"None","parabolic","box sum"
"7069",7069,7070,152.51785,68.17187,102.02148,NA,NA,NA,2.35e+09,5.32e+10,157.15595,160.46304,132.25728,1,"None","parabolic","box sum"
"7070",7070,7071,72.26322,65.72748,102.06217,NA,NA,NA,2.47e+09,5.62e+10,193.4586,164.41736,115.5901,1,"None","parabolic","box sum"
"7071",7071,7072,72.02309,65.5988,101.8476,NA,NA,NA,2.43e+09,5.62e+10,195.193,134.89023,121.52481,1,"None","parabolic","box sum"
"7072",7072,7073,178.89049,64.44162,102.08652,NA,NA,NA,2.29e+09,4.65e+10,86.18138,123.11634,99.37602,1,"None","parabolic","box sum"
"7077",7077,7078,58.16564,55.75619,101.92366,NA,NA,NA,2.41e+09,5.15e+10,145.50129,298.31687,91.10981,1,"None","parabolic","box sum"
"7081",7081,7082,184.74718,52.67345,102.1669,NA,NA,NA,2.26e+09,4.96e+10,87.1753,148.68081,168.96206,1,"None","parabolic","box sum"
"7082",7082,7083,137.25332,47.55515,102.04971,NA,NA,NA,2.59e+09,5.85e+10,127.33287,144.38331,145.88577,1,"None","parabolic","box sum"
"7083",7083,7084,143.39137,45.17909,102.09858,NA,NA,NA,3.03e+09,6.59e+10,131.9278,142.58546,103.51163,1,"None","parabolic","box sum"
"7084",7084,7085,32.6796,43.05231,102.00273,NA,NA,NA,2.31e+09,4.87e+10,91.21709,144.15675,101.63116,1,"None","parabolic","box sum"
"7085",7085,7086,124.79338,41.86792,101.93572,NA,NA,NA,2.53e+09,5.63e+10,98.89974,143.00227,201.40231,1,"None","parabolic","box sum"
"7086",7086,7087,111.98084,41.26604,102.01355,NA,NA,NA,2.58e+09,5.53e+10,109.09482,150.69938,103.38187,1,"None","parabolic","box sum"
"7087",7087,7088,141.84852,40.80715,102.00961,NA,NA,NA,2.45e+09,5.33e+10,131.24686,107.55545,134.07058,1,"None","parabolic","box sum"
"7088",7088,7089,82.94572,40.12816,102.0639,NA,NA,NA,2.43e+09,5.34e+10,126.45712,120.5368,154.6948,1,"None","parabolic","box sum"
"7089",7089,7090,159.91085,72.569,101.63987,NA,NA,NA,2.38e+09,5.01e+10,122.54556,102.0463,133.41844,1,"None","parabolic","box sum"
"7090",7090,7091,82.22319,71.27279,101.78633,NA,NA,NA,2.55e+09,5.67e+10,120.02763,165.83983,129.82482,1,"None","parabolic","box sum"
"7091",7091,7092,108.41625,69.15342,101.58577,NA,NA,NA,2.42e+09,5.31e+10,93.026,140.88153,138.39936,1,"None","parabolic","box sum"
"7092",7092,7093,146.37383,67.17012,101.59423,NA,NA,NA,2.29e+09,5e+10,114.46779,134.37067,117.66416,1,"None","parabolic","box sum"
"7097",7097,7098,55.69954,62.13163,101.68337,NA,NA,NA,2.42e+09,4.98e+10,96.82091,109.77679,107.82164,1,"None","parabolic","box sum"
"7101",7101,7102,156.31485,53.43914,101.51857,NA,NA,NA,2.81e+09,6.32e+10,241.62111,144.26941,111.52083,1,"None","parabolic","box sum"
"7102",7102,7103,179.0156,52.45111,101.70359,NA,NA,NA,2.51e+09,5.64e+10,101.99005,170.90887,163.9415,1,"None","parabolic","box sum"
"7103",7103,7104,87.91366,49.75726,101.80925,NA,NA,NA,2.27e+09,5.05e+10,106.52865,127.8826,166.38315,1,"None","parabolic","box sum"
"7104",7104,7105,63.99714,49.48231,101.79654,NA,NA,NA,2.29e+09,5.32e+10,110.94769,171.68784,221.70985,1,"None","parabolic","box sum"
"7105",7105,7106,124.12635,49.28707,101.73328,NA,NA,NA,2.51e+09,6.03e+10,141.01506,238.75922,161.77648,1,"None","parabolic","box sum"
"7106",7106,7107,64.10215,49.30116,101.83158,NA,NA,NA,2.33e+09,5.34e+10,99.83778,173.60377,179.37869,1,"None","parabolic","box sum"
"7107",7107,7108,109.30117,48.94248,101.6011,NA,NA,NA,3.25e+09,6.67e+10,100.37276,136.39665,96.32272,1,"None","parabolic","box sum"
"7108",7108,7109,189.26571,47.58003,101.79917,NA,NA,NA,2.45e+09,5.29e+10,87.18346,155.85011,119.89719,1,"None","parabolic","box sum"
"7109",7109,7110,59.95965,47.26078,101.60225,NA,NA,NA,2.37e+09,4.93e+10,104.21042,148.69291,90.39676,1,"None","parabolic","box sum"
"7110",7110,7111,80.57308,45.97777,101.64578,NA,NA,NA,2.28e+09,4.76e+10,88.16602,178.92641,97.31698,1,"None","parabolic","box sum"
"7111",7111,7112,143.58449,45.30156,101.69971,NA,NA,NA,2.48e+09,5.8e+10,184.92524,133.46559,148.13048,1,"None","parabolic","box sum"
"7112",7112,7113,78.01533,42.55075,101.67347,NA,NA,NA,2.66e+09,5.97e+10,147.75601,132.35575,130.9213,1,"None","parabolic","box sum"
"7117",7117,7118,133.17823,71.52542,101.44852,NA,NA,NA,2.33e+09,5.1e+10,121.81821,141.53875,117.22231,1,"None","parabolic","box sum"
"7121",7121,7122,69.64377,67.61443,101.29209,NA,NA,NA,2.47e+09,5.12e+10,83.00924,175.56883,95.37059,1,"None","parabolic","box sum"
"7122",7122,7123,98.91909,65.6686,101.40382,NA,NA,NA,2.47e+09,5.14e+10,124.93769,144.21172,95.08437,1,"None","parabolic","box sum"
"7123",7123,7124,159.42347,65.03481,101.39394,NA,NA,NA,2.3e+09,5.47e+10,148.66168,203.08949,195.57565,1,"None","parabolic","box sum"
"7124",7124,7125,144.26432,64.55508,101.21746,NA,NA,NA,2.83e+09,6.08e+10,93.0547,158.20153,116.85389,1,"None","parabolic","box sum"
"7125",7125,7126,78.34537,63.62262,101.31743,NA,NA,NA,2.67e+09,5.76e+10,111.3874,123.45284,127.23255,1,"None","parabolic","box sum"
"7126",7126,7127,161.62504,63.49483,101.17558,NA,NA,NA,2.76e+09,6.47e+10,130.00103,150.4384,190.04232,1,"None","parabolic","box sum"
"7127",7127,7128,159.48969,62.65638,101.40717,NA,NA,NA,2.25e+09,5.04e+10,235.80416,130.3328,127.7011,1,"None","parabolic","box sum"
"7128",7128,7129,54.84403,61.76941,101.3771,NA,NA,NA,2.52e+09,5.64e+10,116.8593,136.502,127.58929,1,"None","parabolic","box sum"
"7129",7129,7130,93.41141,61.22406,101.34644,NA,NA,NA,2.83e+09,6.21e+10,121.55439,159.8351,118.81572,1,"None","parabolic","box sum"
"7130",7130,7131,153.95841,59.39344,101.36631,NA,NA,NA,2.31e+09,5.08e+10,166.85942,142.82265,107.18787,1,"None","parabolic","box sum"
"7131",7131,7132,161.80125,57.9046,101.25227,NA,NA,NA,2.4e+09,5.27e+10,125.07693,138.42377,109.59029,1,"None","parabolic","box sum"
"7132",7132,7133,46.07346,57.31438,101.4754,NA,NA,NA,2.26e+09,5.05e+10,113.30012,180.24778,115.72486,1,"None","parabolic","box sum"
"7137",7137,7138,146.80374,52.86603,101.43935,NA,NA,NA,2.83e+09,6.15e+10,102.99634,132.32863,126.59836,1,"None","parabolic","box sum"
"7141",7141,7142,54.88265,46.38428,101.39791,NA,NA,NA,2.26e+09,4.77e+10,87.75074,158.74821,104.88224,1,"None","parabolic","box sum"
"7142",7142,7143,24.01182,45.88041,101.38082,NA,NA,NA,3.06e+09,7.22e+10,115.12735,168.60658,154.8112,1,"None","parabolic","box sum"
"7143",7143,7144,117.63522,45.35129,101.20518,NA,NA,NA,2.4e+09,5.12e+10,95.55797,166.79829,107.23794,1,"None","parabolic","box sum"
"7144",7144,7145,102.26933,44.00646,101.23051,NA,NA,NA,2.28e+09,4.78e+10,83.74697,137.08049,114.28457,1,"None","parabolic","box sum"
"7145",7145,7146,139.84558,41.68285,101.46839,NA,NA,NA,2.33e+09,4.95e+10,102.32456,153.88995,107.41109,1,"None","parabolic","box sum"
"7146",7146,7147,136.93752,40.29647,101.32643,NA,NA,NA,2.28e+09,5.17e+10,144.20171,128.02112,131.00809,1,"None","parabolic","box sum"
"7147",7147,7148,161.33931,39.88806,101.41263,NA,NA,NA,2.27e+09,4.94e+10,102.59449,179.57896,106.98509,1,"None","parabolic","box sum"
"7148",7148,7149,38.79619,73.5815,100.87004,NA,NA,NA,2.58e+09,3.72e+10,98.10338,199.54022,112.84804,1,"None","parabolic","box sum"
"7149",7149,7150,106.89522,72.5937,100.91567,NA,NA,NA,2.57e+09,6.03e+10,122.95657,186.16503,152.73631,1,"None","parabolic","box sum"
"7150",7150,7151,138.913,72.46772,101.08524,NA,NA,NA,2.28e+09,5.09e+10,95.11094,168.40579,134.29505,1,"None","parabolic","box sum"
"7151",7151,7152,177.93505,71.53113,100.85866,NA,NA,NA,2.41e+09,5.3e+10,92.33147,197.45792,113.99335,1,"None","parabolic","box sum"
"7152",7152,7153,37.37729,69.33145,100.90847,NA,NA,NA,2.42e+09,5.42e+10,109.40872,206.24664,126.13064,1,"None","parabolic","box sum"
"7157",7157,7158,86.5656,62.58451,101.06238,NA,NA,NA,2.57e+09,5.91e+10,146.91324,146.28714,146.17574,1,"None","parabolic","box sum"
"7161",7161,7162,69.66643,55.89786,100.95631,NA,NA,NA,2.35e+09,4.76e+10,105.43671,125.53838,97.32825,1,"None","parabolic","box sum"
"7162",7162,7163,155.74517,53.85698,101.06004,NA,NA,NA,2.64e+09,6.14e+10,160.88613,172.79685,161.76522,1,"None","parabolic","box sum"
"7163",7163,7164,60.45049,52.55621,100.91959,NA,NA,NA,2.42e+09,5.22e+10,103.72918,288.53548,95.57587,1,"None","parabolic","box sum"
"7164",7164,7165,107.9348,50.69054,101.04514,NA,NA,NA,3.15e+09,7.03e+10,135.63477,162.12904,135.71614,1,"None","parabolic","box sum"
"7165",7165,7166,73.62361,50.79765,101.04879,NA,NA,NA,2.51e+09,5.39e+10,101.90196,116.37241,131.17039,1,"None","parabolic","box sum"
"7166",7166,7167,75.88633,49.96213,100.94221,NA,NA,NA,2.39e+09,5.16e+10,90.44516,167.22429,118.09307,1,"None","parabolic","box sum"
"7167",7167,7168,150.73585,48.14479,101.02063,NA,NA,NA,2.26e+09,5.1e+10,227.1224,170.13657,114.25579,1,"None","parabolic","box sum"
"7168",7168,7169,85.42144,48.04423,100.94536,NA,NA,NA,2.44e+09,5.56e+10,129.86728,162.37521,124.49509,1,"None","parabolic","box sum"
"7169",7169,7170,47.83476,46.80049,100.99667,NA,NA,NA,2.45e+09,5.08e+10,94.11915,149.27411,93.7413,1,"None","parabolic","box sum"
"7170",7170,7171,121.01166,44.31433,100.9523,NA,NA,NA,2.64e+09,5.9e+10,107.7928,132.00068,152.04954,1,"None","parabolic","box sum"
"7171",7171,7172,108.12175,41.61337,101.1601,NA,NA,NA,2.43e+09,5.22e+10,116.7335,133.05295,108.024,1,"None","parabolic","box sum"
"7172",7172,7173,119.87928,41.40925,101.10211,NA,NA,NA,2.46e+09,5.17e+10,95.4969,130.9163,107.28508,1,"None","parabolic","box sum"
"7177",7177,7178,161.54548,67.89267,100.69635,NA,NA,NA,2.44e+09,5.23e+10,86.05421,129.79749,290.85362,1,"None","parabolic","box sum"
"7181",7181,7182,50.02764,65.98441,100.6481,NA,NA,NA,2.27e+09,5.04e+10,103.32856,145.61728,131.26135,1,"None","parabolic","box sum"
"7182",7182,7183,16.20431,65.31105,100.80546,NA,NA,NA,2.58e+09,5.82e+10,127.26325,157.31773,136.8435,1,"None","parabolic","box sum"
"7183",7183,7184,151.59995,60.66905,100.76617,NA,NA,NA,2.26e+09,4.94e+10,95.3369,165.21218,124.8247,1,"None","parabolic","box sum"
"7184",7184,7185,165.04836,59.30161,100.59733,NA,NA,NA,2.27e+09,5.06e+10,117.01625,234.46485,120.83304,1,"None","parabolic","box sum"
"7185",7185,7186,151.36646,58.03393,100.60096,NA,NA,NA,2.34e+09,5.33e+10,159.7551,153.7798,123.40778,1,"None","parabolic","box sum"
"7186",7186,7187,87.49142,58.03482,100.59574,NA,NA,NA,2.52e+09,5.81e+10,161.53347,136.24874,164.85691,1,"None","parabolic","box sum"
"7187",7187,7188,101.96851,57.89088,100.75693,NA,NA,NA,2.55e+09,5.05e+10,97.53665,110.83135,102.55742,1,"None","parabolic","box sum"
"7188",7188,7189,148.34033,57.52141,100.6597,NA,NA,NA,2.46e+09,5.34e+10,88.13243,165.25266,127.89261,1,"None","parabolic","box sum"
"7189",7189,7190,145.3621,56.75471,100.74949,NA,NA,NA,2.27e+09,4.93e+10,126.01191,151.34546,110.51279,1,"None","parabolic","box sum"
"7190",7190,7191,112.00196,56.10343,100.73195,NA,NA,NA,2.74e+09,6.16e+10,127.70417,224.95884,120.64821,1,"None","parabolic","box sum"
"7191",7191,7192,133.38945,52.97485,100.55608,NA,NA,NA,2.54e+09,5.44e+10,94.60405,147.29309,125.69714,1,"None","parabolic","box sum"
"7192",7192,7193,60.39916,52.29181,100.70399,NA,NA,NA,2.27e+09,4.75e+10,96.37143,250.0754,87.76736,1,"None","parabolic","box sum"
"7197",7197,7198,134.07072,46.07377,100.61179,NA,NA,NA,2.31e+09,5.08e+10,94.86788,139.31018,135.55467,1,"None","parabolic","box sum"
"7201",7201,7202,160.84565,39.12586,100.5397,NA,NA,NA,2.75e+09,6.21e+10,112.16177,206.276,122.9555,1,"None","parabolic","box sum"
"7202",7202,7203,162.44701,72.65914,100.27508,NA,NA,NA,2.42e+09,5.74e+10,130.7528,164.58871,155.11495,1,"None","parabolic","box sum"
"7203",7203,7204,96.96291,71.34779,100.28271,NA,NA,NA,2.61e+09,5.88e+10,144.91868,167.03917,126.4227,1,"None","parabolic","box sum"
"7204",7204,7205,38.31198,66.37597,100.46183,NA,NA,NA,2.48e+09,5.38e+10,97.2826,127.31558,208.28623,1,"None","parabolic","box sum"
"7205",7205,7206,24.71293,66.05086,100.18211,NA,NA,NA,2.5e+09,5.45e+10,113.68853,131.36023,153.32544,1,"None","parabolic","box sum"
"7206",7206,7207,69.17776,65.70162,100.35119,NA,NA,NA,2.6e+09,5.8e+10,95.69721,164.7815,136.78843,1,"None","parabolic","box sum"
"7207",7207,7208,82.31991,65.01934,100.42619,NA,NA,NA,2.42e+09,4.8e+10,95.08895,133.00632,88.41199,1,"None","parabolic","box sum"
"7208",7208,7209,41.97621,64.62076,100.178,NA,NA,NA,2.49e+09,5.83e+10,200.61849,142.18408,150.21831,1,"None","parabolic","box sum"
"7209",7209,7210,42.29287,64.46255,100.38966,NA,NA,NA,2.45e+09,5.87e+10,201.12171,155.20111,159.702,1,"None","parabolic","box sum"
"7210",7210,7211,55.70058,64.12502,100.15635,NA,NA,NA,2.32e+09,5.01e+10,85.8087,225.31015,116.87475,1,"None","parabolic","box sum"
"7211",7211,7212,134.7469,63.52489,100.34788,NA,NA,NA,2.4e+09,5.62e+10,118.57538,165.01066,153.77355,1,"None","parabolic","box sum"
"7212",7212,7213,23.62245,63.10053,100.23751,NA,NA,NA,2.41e+09,5.46e+10,113.32455,163.09577,136.31195,1,"None","parabolic","box sum"
"7217",7217,7218,78.31219,54.5831,100.35661,NA,NA,NA,2.49e+09,5e+10,92.35544,127.55674,97.72754,1,"None","parabolic","box sum"
"7221",7221,7222,23.84273,47.58941,100.45092,NA,NA,NA,2.3e+09,5.18e+10,108.14335,189.744,118.49779,1,"None","parabolic","box sum"
"7222",7222,7223,175.49983,45.95463,100.35687,NA,NA,NA,2.45e+09,5.53e+10,114.65283,158.41109,245.21714,1,"None","parabolic","box sum"
"7223",7223,7224,16.00407,45.73017,100.1802,NA,NA,NA,2.38e+09,5.22e+10,187.02423,159.02066,119.77869,1,"None","parabolic","box sum"
"7224",7224,7225,183.93579,44.70649,100.40308,NA,NA,NA,2.46e+09,5.43e+10,92.09834,139.33313,156.78012,1,"None","parabolic","box sum"
"7225",7225,7226,104.66084,44.41765,100.32937,NA,NA,NA,2.51e+09,5.54e+10,110.50555,163.60188,114.41141,1,"None","parabolic","box sum"
"7226",7226,7227,168.08019,43.42883,100.16795,NA,NA,NA,2.32e+09,5.23e+10,107.96349,185.77904,130.31465,1,"None","parabolic","box sum"
"7227",7227,7228,183.51353,42.93548,100.42086,NA,NA,NA,2.73e+09,5.72e+10,118.89829,206.79086,88.11659,1,"None","parabolic","box sum"
"7228",7228,7229,41.15636,42.89991,100.35064,NA,NA,NA,2.32e+09,4.93e+10,114.25038,132.03573,112.22678,1,"None","parabolic","box sum"
"7229",7229,7230,53.85101,72.93762,100.05094,NA,NA,NA,2.4e+09,5.72e+10,168.30984,153.1677,231.95624,1,"None","parabolic","box sum"
"7230",7230,7231,141.12161,71.70516,99.98685,NA,NA,NA,2.39e+09,5.33e+10,196.48708,134.26999,131.4562,1,"None","parabolic","box sum"
"7231",7231,7232,142.00683,70.1025,100.03081,NA,NA,NA,2.48e+09,5.55e+10,113.41066,258.69282,182.57469,1,"None","parabolic","box sum"
"7232",7232,7233,24.24834,67.95476,100.01147,NA,NA,NA,2.59e+09,5.54e+10,96.62548,205.02336,102.05841,1,"None","parabolic","box sum"
"7237",7237,7238,162.54418,60.62052,99.87242,NA,NA,NA,2.42e+09,5.09e+10,92.32613,161.61668,172.60617,1,"None","parabolic","box sum"
"7241",7241,7242,30.21785,57.28989,100.09659,NA,NA,NA,2.27e+09,4.91e+10,295.18223,130.30672,107.9247,1,"None","parabolic","box sum"
"7242",7242,7243,106.08085,54.7268,100.02153,NA,NA,NA,2.25e+09,5e+10,111.02098,164.18266,116.01609,1,"None","parabolic","box sum"
"7243",7243,7244,66.98009,54.37793,99.94811,NA,NA,NA,2.37e+09,4.97e+10,94.95215,399.19972,90.45184,1,"None","parabolic","box sum"
"7244",7244,7245,68.25427,54.29165,99.99047,NA,NA,NA,3.08e+09,6.89e+10,123.11535,126.32966,157.27162,1,"None","parabolic","box sum"
"7245",7245,7246,119.77938,53.22549,99.95468,NA,NA,NA,2.33e+09,5.29e+10,103.48856,169.23076,234.51221,1,"None","parabolic","box sum"
"7246",7246,7247,38.11993,52.93085,99.89156,NA,NA,NA,2.27e+09,4.83e+10,120.41115,129.46808,98.69468,1,"None","parabolic","box sum"
"7247",7247,7248,111.00089,52.49281,99.94079,NA,NA,NA,2.54e+09,5.56e+10,85.22853,172.59741,209.08439,1,"None","parabolic","box sum"
"7248",7248,7249,63.7119,50.42204,100.02498,NA,NA,NA,2.5e+09,5.63e+10,187.61295,119.29303,141.23154,1,"None","parabolic","box sum"
"7249",7249,7250,130.2225,48.59345,99.95152,NA,NA,NA,2.32e+09,5.19e+10,96.51555,170.68607,115.95184,1,"None","parabolic","box sum"
"7250",7250,7251,18.05427,48.02037,99.95746,NA,NA,NA,2.35e+09,5.12e+10,100.85888,149.5862,122.48319,1,"None","parabolic","box sum"
"7251",7251,7252,190.02323,45.02045,99.96665,NA,NA,NA,2.63e+09,5.96e+10,96.73316,154.92678,138.64177,1,"None","parabolic","box sum"
"7252",7252,7253,26.11075,44.80582,100.11482,NA,NA,NA,2.26e+09,4.83e+10,100.78559,145.33877,107.60343,1,"None","parabolic","box sum"
"7257",7257,7258,173.06551,73.5815,99.67004,NA,NA,NA,2.32e+09,3.26e+10,96.36776,182.42894,104.6924,1,"None","parabolic","box sum"
"7261",7261,7262,24.23693,67.74447,99.72721,NA,NA,NA,2.53e+09,5.69e+10,107.65234,189.34783,110.74185,1,"None","parabolic","box sum"
"7262",7262,7263,183.57255,67.31769,99.69766,NA,NA,NA,2.26e+09,4.86e+10,82.04234,135.68516,126.4928,1,"None","parabolic","box sum"
"7263",7263,7264,190.2722,67.01669,99.48367,NA,NA,NA,2.43e+09,3.53e+10,24.91547,124.63559,146.47114,1,"None","parabolic","box sum"
"7264",7264,7265,96.32814,64.15421,99.49236,NA,NA,NA,2.81e+09,6.19e+10,111.52664,150.55627,119.47578,1,"None","parabolic","box sum"
"7265",7265,7266,140.4205,63.58872,99.68246,NA,NA,NA,2.62e+09,5.68e+10,143.60994,147.66046,109.77137,1,"None","parabolic","box sum"
"7266",7266,7267,59.21928,63.34095,99.67984,NA,NA,NA,2.38e+09,5.21e+10,153.57967,173.61191,107.85252,1,"None","parabolic","box sum"
"7267",7267,7268,67.65175,61.22237,99.6117,NA,NA,NA,2.56e+09,5.54e+10,104.83578,177.3259,112.43457,1,"None","parabolic","box sum"
"7268",7268,7269,88.30519,61.13176,99.68109,NA,NA,NA,2.67e+09,5.71e+10,88.35289,142.69519,131.25217,1,"None","parabolic","box sum"
"7269",7269,7270,109.66799,60.67699,99.75103,NA,NA,NA,2.44e+09,5.35e+10,167.9312,140.79657,125.98461,1,"None","parabolic","box sum"
"7270",7270,7271,109.53703,60.49064,99.66627,NA,NA,NA,2.49e+09,5.78e+10,168.87779,148.10586,137.91162,1,"None","parabolic","box sum"
"7271",7271,7272,25.30579,56.19877,99.67972,NA,NA,NA,2.33e+09,5.44e+10,133.40692,197.31385,129.33457,1,"None","parabolic","box sum"
"7272",7272,7273,127.58611,54.26944,99.76392,NA,NA,NA,2.28e+09,5.31e+10,158.80974,154.3802,181.05221,1,"None","parabolic","box sum"
"7277",7277,7278,48.20544,50.97451,99.72637,NA,NA,NA,3.73e+09,8.34e+10,120.19619,154.02305,127.34103,1,"None","parabolic","box sum"
"7281",7281,7282,160.89638,44.7419,99.70801,NA,NA,NA,2.64e+09,5.65e+10,108.56168,135.86259,162.86629,1,"None","parabolic","box sum"
"7282",7282,7283,163.32032,44.68026,99.54282,NA,NA,NA,2.26e+09,4.68e+10,86.33147,153.11348,105.78513,1,"None","parabolic","box sum"
"7283",7283,7284,91.80397,44.69574,99.75853,NA,NA,NA,2.27e+09,4.74e+10,87.00568,129.1635,125.67335,1,"None","parabolic","box sum"
"7284",7284,7285,92.36111,41.34482,99.52738,NA,NA,NA,2.53e+09,5.44e+10,137.88338,125.2023,110.80778,1,"None","parabolic","box sum"
"7285",7285,7286,103.44133,41.24477,99.58351,NA,NA,NA,2.69e+09,5.63e+10,99.70343,151.07405,99.17575,1,"None","parabolic","box sum"
"7286",7286,7287,173.94602,40.93262,99.79628,NA,NA,NA,2.41e+09,5.48e+10,117.26237,182.9769,165.15189,1,"None","parabolic","box sum"
"7287",7287,7288,29.56037,40.51441,99.60737,NA,NA,NA,2.74e+09,6e+10,89.9737,161.2708,156.90988,1,"None","parabolic","box sum"
"7288",7288,7289,169.03922,73.15456,99.28361,NA,NA,NA,2.73e+09,5.9e+10,95.89294,181.02166,108.78086,1,"None","parabolic","box sum"
"7289",7289,7290,159.70837,72.85196,99.34759,NA,NA,NA,2.35e+09,4.7e+10,91.25801,151.79554,87.45569,1,"None","parabolic","box sum"
"7290",7290,7291,109.32413,71.54203,99.22421,NA,NA,NA,2.3e+09,5.12e+10,134.58802,137.06179,128.44378,1,"None","parabolic","box sum"
"7291",7291,7292,49.8625,70.644,99.20833,NA,NA,NA,2.39e+09,5.24e+10,116.94724,170.29267,117.89113,1,"None","parabolic","box sum"
"7292",7292,7293,140.31694,69.80306,99.23587,NA,NA,NA,3.05e+09,6.81e+10,112.81217,166.39253,120.49675,1,"None","parabolic","box sum"
"7297",7297,7298,64.0749,62.34973,99.46036,NA,NA,NA,3.33e+09,7.8e+10,133.59013,142.64116,159.00522,1,"None","parabolic","box sum"
"7301",7301,7302,73.52011,55.22628,99.19387,NA,NA,NA,2.34e+09,5.28e+10,83.3781,246.6203,158.26422,1,"None","parabolic","box sum"
"7302",7302,7303,179.71855,55.1257,99.20484,NA,NA,NA,2.48e+09,5.4e+10,93.33608,176.99295,116.33861,1,"None","parabolic","box sum"
"7303",7303,7304,145.23456,54.62123,99.36726,NA,NA,NA,2.41e+09,5.49e+10,113.53708,190.40948,138.23789,1,"None","parabolic","box sum"
"7304",7304,7305,19.61398,53.12421,99.41892,NA,NA,NA,2.7e+09,5.34e+10,101.81402,114.76272,89.83058,1,"None","parabolic","box sum"
"7305",7305,7306,32.50776,52.5953,99.25666,NA,NA,NA,2.8e+09,6.3e+10,91.08518,170.4787,133.73345,1,"None","parabolic","box sum"
"7306",7306,7307,162.03513,51.75417,99.17872,NA,NA,NA,2.28e+09,5.03e+10,128.01319,161.89247,122.39516,1,"None","parabolic","box sum"
"7307",7307,7308,73.31951,51.72055,99.4525,NA,NA,NA,2.42e+09,5.04e+10,129.5717,138.11314,91.47072,1,"None","parabolic","box sum"
"7308",7308,7309,22.26332,51.21528,99.23965,NA,NA,NA,2.37e+09,4.9e+10,74.59375,141.1072,115.46075,1,"None","parabolic","box sum"
"7309",7309,7310,58.13189,49.27656,99.44704,NA,NA,NA,2.28e+09,5.19e+10,103.11359,142.80993,166.67145,1,"None","parabolic","box sum"
"7310",7310,7311,188.05742,48.29515,99.28232,NA,NA,NA,2.94e+09,6.82e+10,105.17464,159.6899,175.73416,1,"None","parabolic","box sum"
"7311",7311,7312,24.83272,48.15783,99.16931,NA,NA,NA,2.29e+09,4.98e+10,95.38942,141.58159,152.64034,1,"None","parabolic","box sum"
"7312",7312,7313,33.81675,46.00065,99.36015,NA,NA,NA,2.62e+09,5.19e+10,90.13981,143.19253,89.87314,1,"None","parabolic","box sum"
"7317",7317,7318,129.01534,43.45532,99.16108,NA,NA,NA,2.61e+09,5.86e+10,115.48278,134.81283,143.03732,1,"None","parabolic","box sum"
"7321",7321,7322,37.92752,67.44135,98.83004,NA,NA,NA,2.43e+09,5.69e+10,129.6059,144.73066,164.90364,1,"None","parabolic","box sum"
"7322",7322,7323,150.33399,66.79409,99.10047,NA,NA,NA,2.3e+09,5.04e+10,178.7889,116.04488,127.09987,1,"None","parabolic","box sum"
"7323",7323,7324,156.70535,66.35773,98.84674,NA,NA,NA,2.42e+09,5.83e+10,286.43757,206.84364,153.97799,1,"None","parabolic","box sum"
"7324",7324,7325,155.4305,62.36938,99.00644,NA,NA,NA,2.36e+09,5.31e+10,103.72002,166.17912,133.2165,1,"None","parabolic","box sum"
"7325",7325,7326,67.66129,62.25962,98.97671,NA,NA,NA,2.76e+09,6.28e+10,139.46021,150.56065,130.86957,1,"None","parabolic","box sum"
"7326",7326,7327,97.58022,62.01585,98.95559,NA,NA,NA,3.06e+09,6.86e+10,135.785,141.19357,120.49967,1,"None","parabolic","box sum"
"7327",7327,7328,100.922,59.71398,98.93477,NA,NA,NA,2.26e+09,5.06e+10,107.25538,137.96544,129.56488,1,"None","parabolic","box sum"
"7328",7328,7329,26.64093,58.02835,98.91733,NA,NA,NA,2.28e+09,5.2e+10,125.39694,143.00811,163.56516,1,"None","parabolic","box sum"
"7329",7329,7330,127.50441,55.27114,98.98602,NA,NA,NA,2.44e+09,4.85e+10,107.33722,153.62668,79.97012,1,"None","parabolic","box sum"
"7330",7330,7331,71.31085,52.90964,99.13307,NA,NA,NA,2.46e+09,5.63e+10,128.78023,134.19116,144.75048,1,"None","parabolic","box sum"
"7331",7331,7332,181.27405,52.39222,98.97435,NA,NA,NA,2.34e+09,4.75e+10,87.47318,154.08522,90.13432,1,"None","parabolic","box sum"
"7332",7332,7333,53.2527,52.35851,99.05994,NA,NA,NA,3.44e+09,7.96e+10,123.96789,145.36965,155.83259,1,"None","parabolic","box sum"
"7337",7337,7338,177.24757,46.75838,98.86715,NA,NA,NA,2.54e+09,5.46e+10,112.47048,131.58554,108.01232,1,"None","parabolic","box sum"
"7341",7341,7342,83.3524,42.48909,98.88398,NA,NA,NA,2.37e+09,5.23e+10,92.2846,174.37983,129.46975,1,"None","parabolic","box sum"
"7342",7342,7343,19.33375,41.62548,98.99917,NA,NA,NA,2.3e+09,5.5e+10,131.61878,152.8064,192.90829,1,"None","parabolic","box sum"
"7343",7343,7344,168.13069,39.85483,98.87675,NA,NA,NA,2.39e+09,5.31e+10,103.95087,155.53886,144.57357,1,"None","parabolic","box sum"
"7344",7344,7345,164.42821,72.8536,98.65993,NA,NA,NA,2.41e+09,5.72e+10,120.3055,230.6919,213.32055,1,"None","parabolic","box sum"
"7345",7345,7346,82.60765,72.70079,98.5184,NA,NA,NA,2.31e+09,5.29e+10,122.35563,152.60329,157.22197,1,"None","parabolic","box sum"
"7346",7346,7347,146.70661,72.186,98.61973,NA,NA,NA,2.39e+09,5.5e+10,135.13643,163.56243,132.44838,1,"None","parabolic","box sum"
"7347",7347,7348,161.76398,70.28278,98.60709,NA,NA,NA,2.33e+09,5.48e+10,132.46949,329.13481,155.65026,1,"None","parabolic","box sum"
"7348",7348,7349,157.6714,66.31656,98.55157,NA,NA,NA,2.31e+09,5.21e+10,293.80571,138.79448,170.32182,1,"None","parabolic","box sum"
"7349",7349,7350,72.25895,66.19364,98.72345,NA,NA,NA,2.32e+09,5.02e+10,108.22152,128.50855,120.45211,1,"None","parabolic","box sum"
"7350",7350,7351,66.0939,65.56385,98.53187,NA,NA,NA,2.39e+09,5.44e+10,149.40735,149.0631,158.67895,1,"None","parabolic","box sum"
"7351",7351,7352,187.01326,64.04646,98.69856,NA,NA,NA,3.17e+09,7.15e+10,107.46985,181.60796,130.34093,1,"None","parabolic","box sum"
"7352",7352,7353,139.74885,61.57879,98.73399,NA,NA,NA,2.26e+09,4.94e+10,105.70175,169.57206,114.08305,1,"None","parabolic","box sum"
"7357",7357,7358,68.25524,57.27316,98.66365,NA,NA,NA,2.54e+09,5.68e+10,140.19306,150.12339,118.09808,1,"None","parabolic","box sum"
"7361",7361,7362,171.20364,54.32384,98.62561,NA,NA,NA,2.31e+09,4.88e+10,93.20157,153.16105,105.32117,1,"None","parabolic","box sum"
"7362",7362,7363,185.66409,51.49761,98.52984,NA,NA,NA,2.27e+09,5.16e+10,116.0734,151.2543,128.8051,1,"None","parabolic","box sum"
"7363",7363,7364,59.48238,50.88713,98.6901,NA,NA,NA,2.28e+09,4.72e+10,105.67122,136.91276,98.78731,1,"None","parabolic","box sum"
"7364",7364,7365,88.79367,49.68522,98.6102,NA,NA,NA,2.3e+09,5.23e+10,113.88884,171.10121,163.78963,1,"None","parabolic","box sum"
"7365",7365,7366,113.07164,48.92787,98.51405,NA,NA,NA,2.47e+09,5.19e+10,85.94062,155.4504,115.98104,1,"None","parabolic","box sum"
"7366",7366,7367,69.04584,44.93149,98.70826,NA,NA,NA,2.3e+09,5.08e+10,96.69144,150.84791,160.0045,1,"None","parabolic","box sum"
"7367",7367,7368,53.00089,43.15825,98.59728,NA,NA,NA,2.32e+09,4.66e+10,145.40602,114.17025,87.9401,1,"None","parabolic","box sum"
"7368",7368,7369,88.40338,73.5815,98.14941,NA,NA,NA,2.42e+09,3.77e+10,125.84275,122.49198,142.7319,1,"None","parabolic","box sum"
"7369",7369,7370,80.26315,70.26604,98.37605,NA,NA,NA,2.28e+09,5e+10,109.39407,124.84656,131.17248,1,"None","parabolic","box sum"
"7370",7370,7371,53.90473,69.9284,98.30102,NA,NA,NA,2.57e+09,5.75e+10,121.52019,193.53247,128.37744,1,"None","parabolic","box sum"
"7371",7371,7372,168.92601,67.45134,98.19046,NA,NA,NA,2.4e+09,5.7e+10,114.27908,235.49052,145.073,1,"None","parabolic","box sum"
"7372",7372,7373,116.69563,67.39124,98.28041,NA,NA,NA,2.61e+09,5.99e+10,144.00873,146.23123,139.06568,1,"None","parabolic","box sum"
"7377",7377,7378,183.11811,60.12154,98.3659,NA,NA,NA,2.4e+09,5.31e+10,209.37567,165.83177,113.54023,1,"None","parabolic","box sum"
"7381",7381,7382,100.94765,51.05745,98.28459,NA,NA,NA,2.27e+09,4.92e+10,87.74219,169.13021,410.28434,1,"None","parabolic","box sum"
"7382",7382,7383,170.76984,48.02138,98.30152,NA,NA,NA,2.35e+09,5.23e+10,94.63214,150.32971,137.04252,1,"None","parabolic","box sum"
"7383",7383,7384,50.30336,46.25757,98.27801,NA,NA,NA,2.99e+09,6.27e+10,101.45248,154.64222,97.11254,1,"None","parabolic","box sum"
"7384",7384,7385,39.3501,46.23529,98.26893,NA,NA,NA,2.52e+09,5.54e+10,102.65679,223.05208,128.73167,1,"None","parabolic","box sum"
"7385",7385,7386,127.12151,45.50305,98.20593,NA,NA,NA,2.58e+09,5.6e+10,125.53373,134.09311,113.76512,1,"None","parabolic","box sum"
"7386",7386,7387,19.75919,44.90165,98.1556,NA,NA,NA,2.68e+09,5.78e+10,112.83843,135.75411,116.19592,1,"None","parabolic","box sum"
"7387",7387,7388,82.6493,44.36811,98.25981,NA,NA,NA,2.52e+09,5.63e+10,157.35871,125.32747,151.96651,1,"None","parabolic","box sum"
"7388",7388,7389,154.04961,42.4313,98.40863,NA,NA,NA,2.5e+09,5.82e+10,127.07942,195.21183,110.89164,1,"None","parabolic","box sum"
"7389",7389,7390,139.93071,73.43524,97.894,NA,NA,NA,2.43e+09,5.22e+10,97.88536,145.54043,108.19298,1,"None","parabolic","box sum"
"7390",7390,7391,140.94704,73.20205,98.03694,NA,NA,NA,2.55e+09,5.59e+10,101.05674,154.30583,119.56799,1,"None","parabolic","box sum"
"7391",7391,7392,164.37785,72.62766,97.80132,NA,NA,NA,2.5e+09,6.08e+10,128.55733,195.81559,230.96156,1,"None","parabolic","box sum"
"7392",7392,7393,110.10681,71.35246,98.09471,NA,NA,NA,2.45e+09,5.42e+10,90.5502,145.90102,168.05834,1,"None","parabolic","box sum"
"7397",7397,7398,125.41266,67.21611,98.07771,NA,NA,NA,2.28e+09,5.31e+10,98.07529,163.08565,211.01075,1,"None","parabolic","box sum"
"7401",7401,7402,90.79389,65.18988,97.85184,NA,NA,NA,2.28e+09,4.91e+10,81.02201,128.00422,225.18456,1,"None","parabolic","box sum"
"7402",7402,7403,180.84239,64.95572,97.90294,NA,NA,NA,2.38e+09,5.31e+10,111.63016,231.5146,117.56402,1,"None","parabolic","box sum"
"7403",7403,7404,167.35664,64.05191,97.97412,NA,NA,NA,2.53e+09,5.37e+10,111.63321,299.98475,96.98611,1,"None","parabolic","box sum"
"7404",7404,7405,168.07424,63.37591,97.97945,NA,NA,NA,2.32e+09,4.98e+10,245.29082,126.55163,138.03011,1,"None","parabolic","box sum"
"7405",7405,7406,167.39246,63.2926,98.07289,NA,NA,NA,2.35e+09,5.18e+10,271.04907,306.68008,116.76419,1,"None","parabolic","box sum"
"7406",7406,7407,136.93528,62.98948,97.79854,NA,NA,NA,2.5e+09,5.61e+10,170.9151,153.53322,113.13093,1,"None","parabolic","box sum"
"7407",7407,7408,128.92839,62.61797,98.03934,NA,NA,NA,2.64e+09,5.81e+10,130.24714,156.98624,107.42068,1,"None","parabolic","box sum"
"7408",7408,7409,46.86627,61.09792,97.99166,NA,NA,NA,2.55e+09,5.66e+10,117.18664,167.80132,120.93067,1,"None","parabolic","box sum"
"7409",7409,7410,118.89832,60.07386,97.98816,NA,NA,NA,2.31e+09,5.05e+10,100.73674,142.40688,129.86487,1,"None","parabolic","box sum"
"7410",7410,7411,69.70155,57.98947,98.09573,NA,NA,NA,2.44e+09,5.44e+10,106.63857,224.29857,121.49894,1,"None","parabolic","box sum"
"7411",7411,7412,37.40024,56.01717,98.00944,NA,NA,NA,2.46e+09,5.51e+10,107.05141,211.26089,131.89763,1,"None","parabolic","box sum"
"7412",7412,7413,178.416,55.32319,98.05065,NA,NA,NA,3.12e+09,6.27e+10,91.06197,124.31109,103.07854,1,"None","parabolic","box sum"
"7417",7417,7418,170.69098,46.84021,97.85284,NA,NA,NA,2.63e+09,5.51e+10,83.74972,110.4477,179.46088,1,"None","parabolic","box sum"
"7421",7421,7422,168.96009,66.96416,97.65095,NA,NA,NA,3.13e+09,6.76e+10,121.2927,279.98565,92.45288,1,"None","parabolic","box sum"
"7422",7422,7423,187.58748,65.19631,97.66916,NA,NA,NA,2.3e+09,4.64e+10,95.66836,124.55162,91.05432,1,"None","parabolic","box sum"
"7423",7423,7424,79.12669,64.22213,97.57293,NA,NA,NA,2.41e+09,5.17e+10,90.29615,149.49754,114.83282,1,"None","parabolic","box sum"
"7424",7424,7425,45.47625,64.26536,97.51109,NA,NA,NA,2.54e+09,5.84e+10,155.28476,213.08023,153.25493,1,"None","parabolic","box sum"
"7425",7425,7426,119.69436,62.69887,97.66605,NA,NA,NA,2.3e+09,5.05e+10,184.61562,145.64648,108.93399,1,"None","parabolic","box sum"
"7426",7426,7427,75.98707,62.75249,97.50851,NA,NA,NA,2.36e+09,5.12e+10,97.06763,139.2695,132.18385,1,"None","parabolic","box sum"
"7427",7427,7428,112.40819,60.48305,97.65653,NA,NA,NA,2.44e+09,5.47e+10,102.66167,157.68468,167.49924,1,"None","parabolic","box sum"
"7428",7428,7429,115.87432,58.85167,97.60354,NA,NA,NA,2.4e+09,5.31e+10,130.54394,123.48413,127.43324,1,"None","parabolic","box sum"
"7429",7429,7430,152.14195,58.78345,97.57197,NA,NA,NA,2.54e+09,5.5e+10,110.44936,118.39348,137.8507,1,"None","parabolic","box sum"
"7430",7430,7431,173.14227,57.96717,97.49564,NA,NA,NA,2.45e+09,5.28e+10,106.48376,122.05637,123.92765,1,"None","parabolic","box sum"
"7431",7431,7432,53.13386,51.64145,97.45944,NA,NA,NA,2.25e+09,5.2e+10,126.62323,167.76878,132.09039,1,"None","parabolic","box sum"
"7432",7432,7433,173.62723,49.14605,97.67007,NA,NA,NA,2.42e+09,5.38e+10,130.95953,204.678,102.43601,1,"None","parabolic","box sum"
"7437",7437,7438,132.99064,44.6508,97.45758,NA,NA,NA,2.33e+09,5.41e+10,144.80997,211.16012,132.36535,1,"None","parabolic","box sum"
"7441",7441,7442,129.8927,41.80842,97.47051,NA,NA,NA,2.43e+09,5.64e+10,152.9592,158.71859,145.0538,1,"None","parabolic","box sum"
"7442",7442,7443,77.69069,40.81643,97.65416,NA,NA,NA,2.28e+09,5.01e+10,110.12691,156.43632,113.20186,1,"None","parabolic","box sum"
"7443",7443,7444,25.68447,40.81804,97.72686,NA,NA,NA,2.72e+09,6.27e+10,136.41891,139.97191,139.74953,1,"None","parabolic","box sum"
"7444",7444,7445,103.71661,73.34413,97.18149,NA,NA,NA,2.34e+09,4.96e+10,102.14746,186.28991,99.28131,1,"None","parabolic","box sum"
"7445",7445,7446,174.84727,72.92453,97.21325,NA,NA,NA,2.35e+09,5.4e+10,120.95163,163.08907,160.21937,1,"None","parabolic","box sum"
"7446",7446,7447,164.12115,72.70819,97.19125,NA,NA,NA,2.67e+09,6.24e+10,151.2474,147.05764,155.22301,1,"None","parabolic","box sum"
"7447",7447,7448,144.09883,69.79175,97.24895,NA,NA,NA,2.32e+09,5.41e+10,151.97169,159.93946,150.09147,1,"None","parabolic","box sum"
"7448",7448,7449,108.39759,69.11091,97.41229,NA,NA,NA,2.41e+09,5.23e+10,114.34931,121.06721,147.34024,1,"None","parabolic","box sum"
"7449",7449,7450,73.55702,68.33458,97.42031,NA,NA,NA,2.29e+09,5.35e+10,110.24661,144.76226,169.71433,1,"None","parabolic","box sum"
"7450",7450,7451,128.31955,65.30852,97.20147,NA,NA,NA,2.46e+09,5.79e+10,146.32696,209.26797,148.98998,1,"None","parabolic","box sum"
"7451",7451,7452,137.07335,64.52948,97.21134,NA,NA,NA,2.47e+09,5.32e+10,118.80012,140.48803,106.85992,1,"None","parabolic","box sum"
"7452",7452,7453,165.16763,60.95424,97.2118,NA,NA,NA,2.36e+09,5.11e+10,95.69049,129.11531,130.65928,1,"None","parabolic","box sum"
"7457",7457,7458,142.05001,55.93156,97.26123,NA,NA,NA,2.33e+09,4.88e+10,136.65647,151.24699,90.50107,1,"None","parabolic","box sum"
"7461",7461,7462,18.81252,51.88345,97.2465,NA,NA,NA,2.78e+09,6.12e+10,114.56062,182.66606,105.81601,1,"None","parabolic","box sum"
"7462",7462,7463,161.14097,51.15478,97.1696,NA,NA,NA,2.31e+09,5.24e+10,114.33832,178.16329,140.38247,1,"None","parabolic","box sum"
"7463",7463,7464,83.59683,50.46525,97.18729,NA,NA,NA,2.61e+09,5.55e+10,87.61639,115.31264,167.35572,1,"None","parabolic","box sum"
"7464",7464,7465,80.13023,50.41892,97.29864,NA,NA,NA,2.66e+09,5.62e+10,92.81713,139.88638,114.29793,1,"None","parabolic","box sum"
"7465",7465,7466,75.84875,49.85743,97.12173,NA,NA,NA,2.28e+09,4.88e+10,86.99102,132.99996,130.94383,1,"None","parabolic","box sum"
"7466",7466,7467,105.72629,46.16349,97.33285,NA,NA,NA,2.37e+09,5.15e+10,100.5804,131.37567,131.39111,1,"None","parabolic","box sum"
"7467",7467,7468,130.66891,45.20038,97.16731,NA,NA,NA,2.58e+09,5.84e+10,137.49008,162.68855,125.14806,1,"None","parabolic","box sum"
"7468",7468,7469,116.88462,44.25041,97.26734,NA,NA,NA,2.61e+09,6.31e+10,153.85205,126.517,270.08754,1,"None","parabolic","box sum"
"7469",7469,7470,71.91387,44.24738,97.20563,NA,NA,NA,2.4e+09,5.2e+10,95.2746,154.58339,119.69107,1,"None","parabolic","box sum"
"7470",7470,7471,93.03087,42.96357,97.14545,NA,NA,NA,2.26e+09,5.28e+10,117.8291,219.4159,151.97986,1,"None","parabolic","box sum"
"7471",7471,7472,25.74345,42.13999,97.3224,NA,NA,NA,2.35e+09,4.86e+10,194.93894,114.31754,115.93515,1,"None","parabolic","box sum"
"7472",7472,7473,124.77455,41.27226,97.14742,NA,NA,NA,2.83e+09,6.27e+10,104.8541,164.78097,118.0647,1,"None","parabolic","box sum"
"7477",7477,7478,166.68291,62.37415,97.01878,NA,NA,NA,2.41e+09,5.03e+10,86.2765,213.77158,94.10137,1,"None","parabolic","box sum"
"7481",7481,7482,138.64814,59.92826,96.99597,NA,NA,NA,2.43e+09,5.28e+10,106.68499,143.16687,129.09299,1,"None","parabolic","box sum"
"7482",7482,7483,157.84881,59.89565,96.80393,NA,NA,NA,2.47e+09,5.32e+10,180.42924,128.12981,118.6772,1,"None","parabolic","box sum"
"7483",7483,7484,118.86536,59.5779,96.82415,NA,NA,NA,2.45e+09,5.41e+10,86.17268,163.55264,154.13278,1,"None","parabolic","box sum"
"7484",7484,7485,66.56477,59.57381,96.84515,NA,NA,NA,2.44e+09,5.48e+10,115.13468,169.99117,119.49289,1,"None","parabolic","box sum"
"7485",7485,7486,164.35501,58.44245,96.85391,NA,NA,NA,2.45e+09,5.47e+10,104.00827,137.39404,157.52113,1,"None","parabolic","box sum"
"7486",7486,7487,26.24132,58.45581,97.00704,NA,NA,NA,3.42e+09,7.24e+10,94.28038,152.79326,107.38605,1,"None","parabolic","box sum"
"7487",7487,7488,174.30262,58.14715,96.92215,NA,NA,NA,2.27e+09,4.93e+10,79.07662,182.36169,129.46808,1,"None","parabolic","box sum"
"7488",7488,7489,99.57552,55.80432,96.8186,NA,NA,NA,2.32e+09,5.33e+10,95.40407,205.21832,167.12373,1,"None","parabolic","box sum"
"7489",7489,7490,60.84188,55.61118,96.79101,NA,NA,NA,2.49e+09,5.67e+10,118.40316,161.01503,143.9423,1,"None","parabolic","box sum"
"7490",7490,7491,163.92853,54.9428,96.78564,NA,NA,NA,2.68e+09,6.13e+10,106.67705,150.22123,157.39679,1,"None","parabolic","box sum"
"7491",7491,7492,52.92133,53.20012,96.9655,NA,NA,NA,2.26e+09,4.92e+10,144.40691,153.18608,237.94895,1,"None","parabolic","box sum"
"7492",7492,7493,113.16738,51.41483,97.10709,NA,NA,NA,2.41e+09,5.17e+10,92.38598,127.5726,149.75476,1,"None","parabolic","box sum"
"7497",7497,7498,132.45905,43.27151,96.98024,NA,NA,NA,2.26e+09,4.51e+10,81.0159,133.19439,98.98841,1,"None","parabolic","box sum"
"7501",7501,7502,62.32519,69.00197,96.57789,NA,NA,NA,2.33e+09,4.91e+10,86.52689,148.12651,109.80266,1,"None","parabolic","box sum"
"7502",7502,7503,70.02461,66.44285,96.62594,NA,NA,NA,2.31e+09,5.06e+10,111.4729,151.30614,122.03091,1,"None","parabolic","box sum"
"7503",7503,7504,82.94253,64.17511,96.67889,NA,NA,NA,2.36e+09,5.03e+10,155.79042,150.94909,99.23792,1,"None","parabolic","box sum"
"7504",7504,7505,117.91586,63.32941,96.57026,NA,NA,NA,2.36e+09,5.42e+10,103.43116,232.46631,166.61012,1,"None","parabolic","box sum"
"7505",7505,7506,16.67086,63.25263,96.58031,NA,NA,NA,2.28e+09,5.12e+10,101.14224,151.29372,134.18615,1,"None","parabolic","box sum"
"7506",7506,7507,18.45793,62.65935,96.70167,NA,NA,NA,2.42e+09,5.71e+10,168.87413,181.13524,135.34606,1,"None","parabolic","box sum"
"7507",7507,7508,32.30035,61.89371,96.58618,NA,NA,NA,2.46e+09,5.62e+10,96.61815,133.12283,201.54583,1,"None","parabolic","box sum"
"7508",7508,7509,80.72295,61.37872,96.77027,NA,NA,NA,2.31e+09,5.51e+10,123.91171,169.98178,250.395,1,"None","parabolic","box sum"
"7509",7509,7510,59.0242,58.91158,96.69627,NA,NA,NA,2.56e+09,5.47e+10,97.04076,114.37261,161.74144,1,"None","parabolic","box sum"
"7510",7510,7511,110.46355,56.89798,96.53859,NA,NA,NA,2.42e+09,4.92e+10,113.50654,132.27272,93.38415,1,"None","parabolic","box sum"
"7511",7511,7512,123.8827,56.50112,96.6967,NA,NA,NA,2.31e+09,5.04e+10,101.71997,140.77842,131.53297,1,"None","parabolic","box sum"
"7512",7512,7513,66.56078,54.9909,96.51461,NA,NA,NA,2.89e+09,6.61e+10,156.96541,134.59337,132.31528,1,"None","parabolic","box sum"
"7517",7517,7518,177.59241,52.20844,96.68457,NA,NA,NA,2.26e+09,5.16e+10,163.28268,143.57513,130.67514,1,"None","parabolic","box sum"
"7521",7521,7522,114.36256,47.441,96.56861,NA,NA,NA,3.75e+09,8.11e+10,110.05485,140.58733,114.86703,1,"None","parabolic","box sum"
"7522",7522,7523,18.65758,45.44884,96.59331,NA,NA,NA,2.33e+09,4.76e+10,110.44448,112.03361,96.78334,1,"None","parabolic","box sum"
"7523",7523,7524,17.79198,44.09142,96.50251,NA,NA,NA,2.48e+09,5.39e+10,136.95144,159.99407,102.22447,1,"None","parabolic","box sum"
"7524",7524,7525,66.98211,43.91194,96.51144,NA,NA,NA,3.08e+09,6.86e+10,100.4778,156.78555,139.97275,1,"None","parabolic","box sum"
"7525",7525,7526,93.244,43.00527,96.45102,NA,NA,NA,2.34e+09,5.37e+10,158.98684,133.60494,153.72598,1,"None","parabolic","box sum"
"7526",7526,7527,105.7432,42.80668,96.55191,NA,NA,NA,2.39e+09,5.35e+10,159.61709,176.51439,105.10379,1,"None","parabolic","box sum"
"7527",7527,7528,85.53312,41.50628,96.72008,NA,NA,NA,2.28e+09,5.12e+10,168.49549,139.35566,137.80648,1,"None","parabolic","box sum"
"7528",7528,7529,180.76789,73.40801,96.42647,NA,NA,NA,2.44e+09,5.56e+10,139.63289,150.31277,283.91671,1,"None","parabolic","box sum"
"7529",7529,7530,141.74192,73.42826,96.24254,NA,NA,NA,2.43e+09,5.22e+10,76.68418,175.74621,131.25342,1,"None","parabolic","box sum"
"7530",7530,7531,148.10706,71.85879,96.38152,NA,NA,NA,2.37e+09,5.39e+10,135.59141,151.14576,151.19213,1,"None","parabolic","box sum"
"7531",7531,7532,27.7252,71.26176,96.2263,NA,NA,NA,2.49e+09,5.53e+10,111.9981,251.683,113.14303,1,"None","parabolic","box sum"
"7532",7532,7533,188.96233,70.12158,96.38001,NA,NA,NA,2.86e+09,6.29e+10,117.88607,140.27973,129.81355,1,"None","parabolic","box sum"
"7537",7537,7538,127.04538,65.19626,96.21986,NA,NA,NA,2.5e+09,5.65e+10,128.42725,186.82691,127.0377,1,"None","parabolic","box sum"
"7541",7541,7542,112.45504,63.00262,96.17639,NA,NA,NA,2.4e+09,5.39e+10,146.63475,200.61123,107.04935,1,"None","parabolic","box sum"
"7542",7542,7543,160.93439,62.05014,96.40947,NA,NA,NA,2.44e+09,5.69e+10,130.15248,149.79419,199.38248,1,"None","parabolic","box sum"
"7543",7543,7544,179.81577,61.94303,96.35882,NA,NA,NA,3.28e+09,7.17e+10,112.16941,169.18069,104.59101,1,"None","parabolic","box sum"
"7544",7544,7545,26.09748,61.50526,96.31302,NA,NA,NA,2.29e+09,5.11e+10,119.72472,132.61485,126.19489,1,"None","parabolic","box sum"
"7545",7545,7546,100.68008,60.40575,96.30798,NA,NA,NA,3.01e+09,6.29e+10,90.17767,145.33752,100.20256,1,"None","parabolic","box sum"
"7546",7546,7547,43.71371,59.88939,96.11219,NA,NA,NA,3.35e+09,7.62e+10,120.71651,141.80252,172.22357,1,"None","parabolic","box sum"
"7547",7547,7548,99.26986,58.86402,96.37351,NA,NA,NA,2.5e+09,5.48e+10,110.47501,128.01987,124.46672,1,"None","parabolic","box sum"
"7548",7548,7549,185.3408,56.68761,96.18061,NA,NA,NA,2.82e+09,5.99e+10,169.3846,134.47988,93.51182,1,"None","parabolic","box sum"
"7549",7549,7550,176.84139,56.71424,96.1682,NA,NA,NA,2.32e+09,5.08e+10,104.70936,196.81776,111.62347,1,"None","parabolic","box sum"
"7550",7550,7551,144.51988,55.58212,96.11121,NA,NA,NA,2.35e+09,5.36e+10,94.11366,281.77506,160.84605,1,"None","parabolic","box sum"
"7551",7551,7552,171.30051,55.31468,96.22472,NA,NA,NA,2.31e+09,5.53e+10,238.11903,146.24792,194.7099,1,"None","parabolic","box sum"
"7552",7552,7553,179.33957,55.05906,96.20454,NA,NA,NA,2.33e+09,5.24e+10,118.0459,182.36315,156.76427,1,"None","parabolic","box sum"
"7557",7557,7558,44.78215,48.98016,96.27501,NA,NA,NA,2.36e+09,4.94e+10,102.44915,145.56533,100.0582,1,"None","parabolic","box sum"
"7561",7561,7562,16.17811,45.55231,96.34847,NA,NA,NA,2.98e+09,6.62e+10,115.78935,150.91133,121.28699,1,"None","parabolic","box sum"
"7562",7562,7563,29.96195,43.70113,96.35342,NA,NA,NA,2.35e+09,5.23e+10,102.8913,168.96582,124.72415,1,"None","parabolic","box sum"
"7563",7563,7564,156.07608,42.45872,96.28827,NA,NA,NA,2.28e+09,5.21e+10,101.61798,157.10515,191.73169,1,"None","parabolic","box sum"
"7564",7564,7565,18.80036,39.51464,96.39039,NA,NA,NA,2.26e+09,4.65e+10,112.54285,133.53318,108.91688,1,"None","parabolic","box sum"
"7565",7565,7566,99.78256,73.5815,96.10619,NA,NA,NA,2.34e+09,3.4e+10,136.91114,137.12662,99.83456,1,"None","parabolic","box sum"
"7566",7566,7567,91.00669,73.5815,95.90705,NA,NA,NA,2.76e+09,4.07e+10,94.84101,199.4888,205.14196,1,"None","parabolic","box sum"
"7567",7567,7568,178.35849,69.33999,95.78499,NA,NA,NA,2.34e+09,4.77e+10,83.43215,153.91405,100.92521,1,"None","parabolic","box sum"
"7568",7568,7569,73.435,68.71844,95.88412,NA,NA,NA,2.28e+09,5.19e+10,114.45802,144.03889,131.86216,1,"None","parabolic","box sum"
"7569",7569,7570,28.94993,68.66933,95.9116,NA,NA,NA,2.27e+09,4.87e+10,83.00435,198.72774,112.88434,1,"None","parabolic","box sum"
"7570",7570,7571,142.06678,63.52504,96.04002,NA,NA,NA,2.27e+09,5.14e+10,143.50001,382.75492,133.77768,1,"None","parabolic","box sum"
"7571",7571,7572,32.23994,62.0261,95.95805,NA,NA,NA,2.43e+09,5.51e+10,112.84088,127.52461,216.6605,1,"None","parabolic","box sum"
"7572",7572,7573,130.3746,61.44913,95.94535,NA,NA,NA,2.32e+09,5.29e+10,100.25917,206.28664,158.23919,1,"None","parabolic","box sum"
"7577",7577,7578,41.79633,54.20458,95.84698,NA,NA,NA,2.43e+09,5.65e+10,221.85386,150.34056,236.64051,1,"None","parabolic","box sum"
"7581",7581,7582,67.79543,51.20511,95.96532,NA,NA,NA,2.31e+09,4.86e+10,96.53998,130.99349,105.18348,1,"None","parabolic","box sum"
"7582",7582,7583,188.28739,50.76174,95.84657,NA,NA,NA,2.31e+09,4.5e+10,91.1248,128.26604,85.21056,1,"None","parabolic","box sum"
"7583",7583,7584,131.36521,50.22934,96.05474,NA,NA,NA,2.89e+09,6.54e+10,125.15754,136.70582,131.09529,1,"None","parabolic","box sum"
"7584",7584,7585,76.34552,49.21038,95.91619,NA,NA,NA,2.27e+09,4.95e+10,128.05472,126.0013,106.15772,1,"None","parabolic","box sum"
"7585",7585,7586,75.2529,47.26244,95.97496,NA,NA,NA,2.36e+09,5.42e+10,144.90769,197.83413,122.67721,1,"None","parabolic","box sum"
"7586",7586,7587,134.50592,46.63365,95.93049,NA,NA,NA,2.54e+09,5.6e+10,177.75375,112.68198,125.76348,1,"None","parabolic","box sum"
"7587",7587,7588,60.5034,45.85649,96.08731,NA,NA,NA,2.37e+09,5.28e+10,93.11027,163.40411,202.14415,1,"None","parabolic","box sum"
"7588",7588,7589,15.47905,44.13027,96.03569,NA,NA,NA,2.74e+09,6.21e+10,127.9741,168.84357,140.78593,1,"None","parabolic","box sum"
"7589",7589,7590,187.86747,43.58654,95.91267,NA,NA,NA,2.26e+09,4.82e+10,114.94559,152.00239,107.57673,1,"None","parabolic","box sum"
"7590",7590,7591,166.25886,43.39539,95.94647,NA,NA,NA,2.3e+09,5.03e+10,112.46377,138.39102,131.45912,1,"None","parabolic","box sum"
"7591",7591,7592,122.77668,43.25899,95.84545,NA,NA,NA,2.3e+09,5.31e+10,113.53586,195.14841,116.44793,1,"None","parabolic","box sum"
"7592",7592,7593,66.08613,42.1035,95.96952,NA,NA,NA,2.28e+09,5.04e+10,104.61348,161.5687,132.97409,1,"None","parabolic","box sum"
"7597",7597,7598,67.13033,70.66963,95.48853,NA,NA,NA,2.43e+09,5.57e+10,98.85088,188.74884,132.88563,1,"None","parabolic","box sum"
"7601",7601,7602,101.67003,68.88143,95.56345,NA,NA,NA,2.3e+09,5.01e+10,104.27026,150.94826,124.97324,1,"None","parabolic","box sum"
"7602",7602,7603,186.04188,67.68386,95.60022,NA,NA,NA,2.41e+09,5.72e+10,134.41863,171.62515,154.29258,1,"None","parabolic","box sum"
"7603",7603,7604,67.747,66.66341,95.66946,NA,NA,NA,2.26e+09,4.91e+10,92.13803,127.81292,242.83934,1,"None","parabolic","box sum"
"7604",7604,7605,160.55193,62.77896,95.69734,NA,NA,NA,2.46e+09,5.31e+10,100.07718,125.69422,135.39821,1,"None","parabolic","box sum"
"7605",7605,7606,147.46621,62.08353,95.64811,NA,NA,NA,2.59e+09,5.8e+10,110.31073,166.52209,126.01215,1,"None","parabolic","box sum"
"7606",7606,7607,33.73073,59.19341,95.72523,NA,NA,NA,2.33e+09,5.33e+10,108.64901,135.58826,181.80573,1,"None","parabolic","box sum"
"7607",7607,7608,53.7467,58.76963,95.69777,NA,NA,NA,2.69e+09,5.78e+10,137.5939,164.19038,92.52423,1,"None","parabolic","box sum"
"7608",7608,7609,80.70367,56.80276,95.44425,NA,NA,NA,2.61e+09,5.93e+10,108.94703,152.47637,136.75672,1,"None","parabolic","box sum"
"7609",7609,7610,120.32847,54.66882,95.76749,NA,NA,NA,2.27e+09,5.03e+10,108.61359,139.83798,146.48533,1,"None","parabolic","box sum"
"7610",7610,7611,41.46819,54.35718,95.43598,NA,NA,NA,2.36e+09,5.79e+10,207.97868,173.9555,184.83233,1,"None","parabolic","box sum"
"7611",7611,7612,148.11593,53.7107,95.70166,NA,NA,NA,2.6e+09,5.72e+10,117.00526,134.13775,129.09549,1,"None","parabolic","box sum"
"7612",7612,7613,134.02219,51.32998,95.47462,NA,NA,NA,2.52e+09,5.79e+10,120.99376,252.05934,111.00638,1,"None","parabolic","box sum"
"7617",7617,7618,176.38806,41.60236,95.58125,NA,NA,NA,2.34e+09,5.11e+10,134.01426,137.63833,113.19476,1,"None","parabolic","box sum"
"7621",7621,7622,139.93593,69.02835,95.17775,NA,NA,NA,2.3e+09,5.21e+10,103.82018,231.48618,143.107,1,"None","parabolic","box sum"
"7622",7622,7623,83.66475,67.93809,95.26473,NA,NA,NA,2.42e+09,5.42e+10,96.78426,173.20792,134.5166,1,"None","parabolic","box sum"
"7623",7623,7624,174.71462,67.69804,95.16155,NA,NA,NA,2.69e+09,5.68e+10,95.46087,131.27564,118.89166,1,"None","parabolic","box sum"
"7624",7624,7625,85.47676,67.30043,95.35051,NA,NA,NA,2.87e+09,5.76e+10,93.12249,133.202,92.88096,1,"None","parabolic","box sum"
"7625",7625,7626,184.39893,65.8737,95.2307,NA,NA,NA,2.31e+09,5.17e+10,272.13169,138.54206,146.77364,1,"None","parabolic","box sum"
"7626",7626,7627,36.75258,62.71004,95.21153,NA,NA,NA,2.61e+09,5.71e+10,93.27638,209.75301,130.85788,1,"None","parabolic","box sum"
"7627",7627,7628,127.15128,62.52274,95.17058,NA,NA,NA,2.42e+09,5.45e+10,172.48705,189.05994,142.33094,1,"None","parabolic","box sum"
"7628",7628,7629,87.21888,58.40139,95.30103,NA,NA,NA,3.18e+09,7.25e+10,101.14713,160.14031,168.0671,1,"None","parabolic","box sum"
"7629",7629,7630,46.76819,55.52032,95.38046,NA,NA,NA,2.96e+09,6.12e+10,92.8782,137.25823,108.16503,1,"None","parabolic","box sum"
"7630",7630,7631,115.77051,55.39393,95.24289,NA,NA,NA,2.66e+09,5.89e+10,195.22109,143.09573,119.09485,1,"None","parabolic","box sum"
"7631",7631,7632,128.23671,55.07782,95.13489,NA,NA,NA,2.96e+09,6.75e+10,125.73649,171.78965,162.95224,1,"None","parabolic","box sum"
"7632",7632,7633,80.83068,53.06427,95.3436,NA,NA,NA,2.68e+09,5.63e+10,135.49308,142.1845,98.02794,1,"None","parabolic","box sum"
"7637",7637,7638,139.95098,49.14166,95.12905,NA,NA,NA,2.55e+09,5.79e+10,102.35143,164.37668,147.69948,1,"None","parabolic","box sum"
"7641",7641,7642,106.93844,41.95837,95.19272,NA,NA,NA,2.45e+09,5.17e+10,129.64865,174.17747,90.3492,1,"None","parabolic","box sum"
"7642",7642,7643,149.65942,39.47939,95.31967,NA,NA,NA,3.05e+09,6.33e+10,127.63516,121.19937,110.9972,1,"None","parabolic","box sum"
"7643",7643,7644,157.75074,73.46926,94.93143,NA,NA,NA,2.32e+09,5.31e+10,100.0784,150.66957,172.42426,1,"None","parabolic","box sum"
"7644",7644,7645,86.0169,71.25828,95.04664,NA,NA,NA,2.56e+09,5.92e+10,100.91262,300.60698,278.5849,1,"None","parabolic","box sum"
"7645",7645,7646,172.26817,69.45658,95.00408,NA,NA,NA,2.76e+09,5.96e+10,102.45434,136.67244,124.798,1,"None","parabolic","box sum"
"7646",7646,7647,139.93631,69.26423,94.77281,NA,NA,NA,2.79e+09,6.23e+10,96.3183,203.11181,114.92336,1,"None","parabolic","box sum"
"7647",7647,7648,108.09605,69.11193,94.90989,NA,NA,NA,2.44e+09,4.72e+10,85.28961,132.01268,89.14131,1,"None","parabolic","box sum"
"7648",7648,7649,33.23832,67.36306,95.00683,NA,NA,NA,2.77e+09,5.77e+10,112.98744,140.81086,88.95898,1,"None","parabolic","box sum"
"7649",7649,7650,170.98388,65.31407,95.06755,NA,NA,NA,2.26e+09,5.26e+10,120.11557,157.56108,162.24045,1,"None","parabolic","box sum"
"7650",7650,7651,37.36699,64.44042,95.07379,NA,NA,NA,2.93e+09,6.47e+10,108.63679,138.20389,123.74198,1,"None","parabolic","box sum"
"7651",7651,7652,70.24256,63.72977,94.81432,NA,NA,NA,2.28e+09,5.44e+10,208.35976,181.54433,130.35887,1,"None","parabolic","box sum"
"7652",7652,7653,143.64119,62.37498,94.77509,NA,NA,NA,2.38e+09,5.03e+10,100.1242,124.76629,118.716,1,"None","parabolic","box sum"
"7657",7657,7658,42.36098,50.25666,94.82148,NA,NA,NA,2.38e+09,4.99e+10,99.51777,144.87982,104.92647,1,"None","parabolic","box sum"
"7661",7661,7662,80.10869,43.04025,94.88469,NA,NA,NA,2.47e+09,5.45e+10,108.8542,126.80906,130.75358,1,"None","parabolic","box sum"
"7662",7662,7663,162.17838,42.60095,94.769,NA,NA,NA,2.28e+09,5.37e+10,160.13557,152.79055,159.7333,1,"None","parabolic","box sum"
"7663",7663,7664,34.5306,41.91104,94.78007,NA,NA,NA,2.57e+09,5.75e+10,155.14796,133.23027,120.91523,1,"None","parabolic","box sum"
"7664",7664,7665,84.63151,41.78384,94.91442,NA,NA,NA,2.52e+09,5.3e+10,93.1689,126.25206,128.13544,1,"None","parabolic","box sum"
"7665",7665,7666,42.01214,41.42875,94.93167,NA,NA,NA,2.36e+09,4.89e+10,128.68252,131.08695,89.94114,1,"None","parabolic","box sum"
"7666",7666,7667,127.59934,40.02692,94.77567,NA,NA,NA,2.39e+09,4.88e+10,86.42307,167.38242,99.77657,1,"None","parabolic","box sum"
"7667",7667,7668,104.52538,72.36797,94.49902,NA,NA,NA,2.33e+09,5.2e+10,161.02048,147.37977,115.06188,1,"None","parabolic","box sum"
"7668",7668,7669,161.13268,70.56939,94.61421,NA,NA,NA,2.44e+09,5.48e+10,102.56946,152.02936,146.2062,1,"None","parabolic","box sum"
"7669",7669,7670,73.65929,68.13707,94.4873,NA,NA,NA,2.97e+09,6.6e+10,96.11005,161.90843,140.09458,1,"None","parabolic","box sum"
"7670",7670,7671,160.06438,67.4874,94.55098,NA,NA,NA,2.35e+09,5.22e+10,100.58589,159.38115,133.42845,1,"None","parabolic","box sum"
"7671",7671,7672,189.11603,66.63156,94.55424,NA,NA,NA,2.65e+09,5.9e+10,105.11947,138.45955,146.10773,1,"None","parabolic","box sum"
"7672",7672,7673,63.52224,66.58308,94.48156,NA,NA,NA,2.52e+09,5.78e+10,137.33252,148.79815,135.16581,1,"None","parabolic","box sum"
"7677",7677,7678,152.527,62.51411,94.61937,NA,NA,NA,2.3e+09,5.24e+10,115.82233,163.34361,155.81757,1,"None","parabolic","box sum"
"7681",7681,7682,54.41348,59.90379,94.6748,NA,NA,NA,2.53e+09,5.69e+10,83.96194,155.90164,164.61825,1,"None","parabolic","box sum"
"7682",7682,7683,32.57826,59.82616,94.60768,NA,NA,NA,2.53e+09,5.78e+10,107.41783,140.51118,164.04539,1,"None","parabolic","box sum"
"7683",7683,7684,138.52011,59.39673,94.57943,NA,NA,NA,2.35e+09,5.43e+10,205.50533,148.69145,142.57044,1,"None","parabolic","box sum"
"7684",7684,7685,74.37101,57.97754,94.65906,NA,NA,NA,2.31e+09,5.19e+10,126.21284,257.55951,109.55149,1,"None","parabolic","box sum"
"7685",7685,7686,67.91295,55.26924,94.45511,NA,NA,NA,2.79e+09,6.53e+10,142.82885,167.61941,236.24122,1,"None","parabolic","box sum"
"7686",7686,7687,94.00228,54.26928,94.74617,NA,NA,NA,2.43e+09,5.41e+10,141.33385,141.55197,159.98697,1,"None","parabolic","box sum"
"7687",7687,7688,17.55547,52.31439,94.59477,NA,NA,NA,2.36e+09,5.2e+10,179.15593,124.8076,143.5501,1,"None","parabolic","box sum"
"7688",7688,7689,42.66209,51.95285,94.54794,NA,NA,NA,2.75e+09,5.63e+10,105.72496,144.94699,88.89472,1,"None","parabolic","box sum"
"7689",7689,7690,15.96948,51.7184,94.56141,NA,NA,NA,2.25e+09,5.1e+10,101.23263,137.08299,191.89274,1,"None","parabolic","box sum"
"7690",7690,7691,188.99052,50.5556,94.45799,NA,NA,NA,2.63e+09,5.76e+10,105.42072,165.04008,113.0746,1,"None","parabolic","box sum"
"7691",7691,7692,59.30014,49.88186,94.57189,NA,NA,NA,2.55e+09,5.37e+10,107.01232,133.54611,96.68362,1,"None","parabolic","box sum"
"7692",7692,7693,55.35994,49.97835,94.56862,NA,NA,NA,2.37e+09,5.52e+10,133.75136,151.18003,146.30383,1,"None","parabolic","box sum"
"7697",7697,7698,18.45463,46.14418,94.62702,NA,NA,NA,2.25e+09,4.74e+10,133.29211,159.10411,85.63197,1,"None","parabolic","box sum"
"7701",7701,7702,165.89708,41.51261,94.61075,NA,NA,NA,2.25e+09,5.02e+10,153.79861,119.19332,143.354,1,"None","parabolic","box sum"
"7702",7702,7703,121.92024,40.14123,94.42929,NA,NA,NA,2.33e+09,5.31e+10,108.55252,224.14815,168.93286,1,"None","parabolic","box sum"
"7703",7703,7704,71.17073,39.63127,94.65372,NA,NA,NA,2.34e+09,5.33e+10,116.46601,201.86335,172.91075,1,"None","parabolic","box sum"
"7704",7704,7705,114.16552,73.40428,94.22224,NA,NA,NA,2.66e+09,5.82e+10,133.05882,125.7799,147.05944,1,"None","parabolic","box sum"
"7705",7705,7706,21.62622,73.42301,94.39161,NA,NA,NA,2.47e+09,5.51e+10,102.14868,156.68953,151.06696,1,"None","parabolic","box sum"
"7706",7706,7707,162.09589,73.21419,94.35185,NA,NA,NA,2.26e+09,5.23e+10,138.88371,130.79434,146.51328,1,"None","parabolic","box sum"
"7707",7707,7708,108.61879,70.69704,94.1996,NA,NA,NA,3.42e+09,7.65e+10,128.93901,166.32505,136.47133,1,"None","parabolic","box sum"
"7708",7708,7709,22.97376,70.45945,94.26244,NA,NA,NA,2.3e+09,5.14e+10,123.01519,143.27342,135.65272,1,"None","parabolic","box sum"
"7709",7709,7710,108.3357,70.27727,94.18918,NA,NA,NA,3.14e+09,7.07e+10,154.46153,179.74507,101.50933,1,"None","parabolic","box sum"
"7710",7710,7711,38.47211,69.82097,94.29293,NA,NA,NA,2.93e+09,6.72e+10,173.09287,163.20462,174.73406,1,"None","parabolic","box sum"
"7711",7711,7712,123.99335,69.30699,94.33346,NA,NA,NA,2.43e+09,5.53e+10,92.23452,193.40615,155.47168,1,"None","parabolic","box sum"
"7712",7712,7713,146.60402,69.20012,94.20425,NA,NA,NA,2.59e+09,5.74e+10,107.76654,139.72246,170.89093,1,"None","parabolic","box sum"
"7717",7717,7718,177.83787,59.9055,94.1557,NA,NA,NA,2.48e+09,5.5e+10,110.37806,141.1531,152.11004,1,"None","parabolic","box sum"
"7721",7721,7722,30.47043,53.56208,94.31333,NA,NA,NA,2.26e+09,5.01e+10,95.90729,129.81772,153.91707,1,"None","parabolic","box sum"
"7722",7722,7723,173.05147,53.02526,94.11123,NA,NA,NA,2.34e+09,5.23e+10,101.68485,140.19179,220.19029,1,"None","parabolic","box sum"
"7723",7723,7724,137.09624,52.67439,94.26279,NA,NA,NA,3.27e+09,7.36e+10,115.39117,136.93488,140.52892,1,"None","parabolic","box sum"
"7724",7724,7725,100.40666,52.28368,94.23155,NA,NA,NA,2.31e+09,5.33e+10,96.38853,202.41368,191.93864,1,"None","parabolic","box sum"
"7725",7725,7726,131.43807,51.52695,94.35441,NA,NA,NA,2.31e+09,5.41e+10,159.71602,158.95391,143.61268,1,"None","parabolic","box sum"
"7726",7726,7727,60.26324,51.48666,94.41828,NA,NA,NA,2.3e+09,4.97e+10,95.45049,134.37849,134.35137,1,"None","parabolic","box sum"
"7727",7727,7728,66.48011,49.52597,94.15853,NA,NA,NA,2.45e+09,5.33e+10,94.26572,143.42284,126.33842,1,"None","parabolic","box sum"
"7728",7728,7729,119.00865,48.95435,94.31334,NA,NA,NA,2.31e+09,5.04e+10,119.19341,139.29808,124.77297,1,"None","parabolic","box sum"
"7729",7729,7730,182.53692,48.03957,94.16383,NA,NA,NA,2.4e+09,5.48e+10,137.32657,139.99778,140.98454,1,"None","parabolic","box sum"
"7730",7730,7731,44.22567,47.67712,94.14962,NA,NA,NA,2.42e+09,5.08e+10,103.82445,156.47972,96.76582,1,"None","parabolic","box sum"
"7731",7731,7732,156.53178,46.82533,94.40815,NA,NA,NA,2.34e+09,5.15e+10,102.03387,135.58304,137.61246,1,"None","parabolic","box sum"
"7732",7732,7733,98.77994,45.58622,94.2399,NA,NA,NA,2.75e+09,6.02e+10,155.12964,284.43825,101.30113,1,"None","parabolic","box sum"
"7737",7737,7738,112.99815,39.26251,94.28408,NA,NA,NA,2.39e+09,5.46e+10,123.27169,163.82384,168.8419,1,"None","parabolic","box sum"
"7741",7741,7742,73.28037,69.37831,93.90842,NA,NA,NA,2.28e+09,5.11e+10,144.8344,185.94864,107.57381,1,"None","parabolic","box sum"
"7742",7742,7743,100.9663,69.04148,94.06368,NA,NA,NA,2.29e+09,5.17e+10,92.20643,142.69415,150.86043,1,"None","parabolic","box sum"
"7743",7743,7744,35.26496,68.5316,93.88182,NA,NA,NA,2.25e+09,5.18e+10,113.96457,231.10415,128.87853,1,"None","parabolic","box sum"
"7744",7744,7745,158.37462,68.3507,93.84905,NA,NA,NA,2.96e+09,6.32e+10,123.42742,160.0603,99.96724,1,"None","parabolic","box sum"
"7745",7745,7746,80.9871,67.97454,93.87924,NA,NA,NA,2.83e+09,6.2e+10,116.56861,165.10037,117.79851,1,"None","parabolic","box sum"
"7746",7746,7747,96.56665,67.17502,93.88589,NA,NA,NA,2.26e+09,4.72e+10,86.2252,162.78253,108.76876,1,"None","parabolic","box sum"
"7747",7747,7748,48.32689,67.20483,93.78897,NA,NA,NA,2.73e+09,5.76e+10,210.04042,135.58221,96.98069,1,"None","parabolic","box sum"
"7748",7748,7749,112.83266,66.90496,93.97348,NA,NA,NA,2.3e+09,4.77e+10,159.74167,118.01192,87.84914,1,"None","parabolic","box sum"
"7749",7749,7750,82.99354,64.11359,93.78735,NA,NA,NA,2.45e+09,5.63e+10,206.56918,142.81222,132.82681,1,"None","parabolic","box sum"
"7750",7750,7751,104.62389,62.37298,94.00103,NA,NA,NA,2.49e+09,5.98e+10,161.66538,199.98372,161.21197,1,"None","parabolic","box sum"
"7751",7751,7752,41.08799,60.8026,93.94932,NA,NA,NA,2.29e+09,5.25e+10,126.66476,138.74775,154.12819,1,"None","parabolic","box sum"
"7752",7752,7753,51.5167,60.16056,93.80987,NA,NA,NA,2.61e+09,5.62e+10,97.29481,157.71472,113.95538,1,"None","parabolic","box sum"
"7757",7757,7758,16.51405,55.30983,93.77887,NA,NA,NA,2.44e+09,5.64e+10,113.85464,211.44259,148.98998,1,"None","parabolic","box sum"
"7761",7761,7762,84.73468,50.05987,93.81748,NA,NA,NA,2.26e+09,4.94e+10,142.11311,196.29705,103.8546,1,"None","parabolic","box sum"
"7762",7762,7763,120.41686,49.87527,93.80591,NA,NA,NA,2.55e+09,5.95e+10,94.41229,171.95529,176.71257,1,"None","parabolic","box sum"
"7763",7763,7764,160.08383,49.42101,93.92375,NA,NA,NA,2.4e+09,5.38e+10,172.01192,145.15352,117.23691,1,"None","parabolic","box sum"
"7764",7764,7765,148.76717,48.62772,93.85222,NA,NA,NA,2.4e+09,5.5e+10,171.69374,153.44518,135.53339,1,"None","parabolic","box sum"
"7765",7765,7766,181.9199,46.92954,94.08083,NA,NA,NA,2.52e+09,5.77e+10,145.42862,163.57601,129.05002,1,"None","parabolic","box sum"
"7766",7766,7767,14.96747,45.93616,94.02053,NA,NA,NA,2.75e+09,5.92e+10,94.54176,138.71729,119.48037,1,"None","parabolic","box sum"
"7767",7767,7768,176.97922,44.57284,93.77618,NA,NA,NA,2.65e+09,5.99e+10,92.95607,168.92743,159.49088,1,"None","parabolic","box sum"
"7768",7768,7769,144.85966,44.69875,94.05547,NA,NA,NA,2.72e+09,6.21e+10,139.41868,170.68565,120.25726,1,"None","parabolic","box sum"
"7769",7769,7770,68.67805,43.07417,94.07167,NA,NA,NA,2.26e+09,5.35e+10,180.85368,173.05094,143.64606,1,"None","parabolic","box sum"
"7770",7770,7771,104.6306,39.10707,93.99293,NA,NA,NA,2.79e+09,6.27e+10,158.60332,150.04432,129.27949,1,"None","parabolic","box sum"
"7771",7771,7772,21.66195,71.82825,93.43236,NA,NA,NA,2.45e+09,5.46e+10,120.14977,149.77964,119.33017,1,"None","parabolic","box sum"
"7772",7772,7773,97.313,71.67102,93.45568,NA,NA,NA,2.64e+09,6.04e+10,123.78346,213.60143,120.69076,1,"None","parabolic","box sum"
"7777",7777,7778,101.13213,68.81157,93.60681,NA,NA,NA,2.41e+09,5.27e+10,115.53286,119.75762,140.67703,1,"None","parabolic","box sum"
"7781",7781,7782,120.78368,65.9369,93.73658,NA,NA,NA,2.27e+09,5.23e+10,185.01746,156.24388,132.07412,1,"None","parabolic","box sum"
"7782",7782,7783,85.9445,65.48876,93.49622,NA,NA,NA,2.46e+09,5.53e+10,102.27326,145.76988,200.5136,1,"None","parabolic","box sum"
"7783",7783,7784,108.51045,64.41204,93.69004,NA,NA,NA,2.31e+09,5.2e+10,112.43903,134.16758,134.8533,1,"None","parabolic","box sum"
"7784",7784,7785,85.29365,62.67911,93.57424,NA,NA,NA,2.26e+09,4.83e+10,118.33721,121.44908,120.65196,1,"None","parabolic","box sum"
"7785",7785,7786,21.6649,62.29659,93.44779,NA,NA,NA,2.29e+09,5.17e+10,122.05517,184.37839,142.98809,1,"None","parabolic","box sum"
"7786",7786,7787,134.43971,62.02024,93.58458,NA,NA,NA,2.45e+09,5.17e+10,95.7082,173.26352,102.90873,1,"None","parabolic","box sum"
"7787",7787,7788,124.15703,60.63794,93.58743,NA,NA,NA,2.44e+09,5.25e+10,84.50302,128.55101,142.57795,1,"None","parabolic","box sum"
"7788",7788,7789,70.87567,60.3888,93.67464,NA,NA,NA,2.44e+09,5.13e+10,116.13867,120.2729,114.88748,1,"None","parabolic","box sum"
"7789",7789,7790,92.675,60.27256,93.59599,NA,NA,NA,2.75e+09,5.56e+10,88.94161,138.48698,92.58556,1,"None","parabolic","box sum"
"7790",7790,7791,24.2976,60.20593,93.53852,NA,NA,NA,2.35e+09,5.55e+10,135.8937,207.36748,169.15441,1,"None","parabolic","box sum"
"7791",7791,7792,73.87895,59.94093,93.53171,NA,NA,NA,2.65e+09,5.86e+10,131.14488,208.96131,100.95441,1,"None","parabolic","box sum"
"7792",7792,7793,151.84947,59.56634,93.67717,NA,NA,NA,2.56e+09,5.51e+10,101.09094,128.57834,114.14272,1,"None","parabolic","box sum"
"7797",7797,7798,52.48154,50.97517,93.47641,NA,NA,NA,2.75e+09,6.05e+10,91.49802,179.79592,139.63187,1,"None","parabolic","box sum"
"7801",7801,7802,162.72792,44.94286,93.61432,NA,NA,NA,2.57e+09,5.81e+10,171.72917,138.64011,146.60591,1,"None","parabolic","box sum"
"7802",7802,7803,45.93644,44.18841,93.57453,NA,NA,NA,2.48e+09,5.58e+10,120.34764,165.18152,133.96168,1,"None","parabolic","box sum"
"7803",7803,7804,68.4006,43.13929,93.47776,NA,NA,NA,2.58e+09,5.96e+10,152.49995,148.62072,142.68392,1,"None","parabolic","box sum"
"7804",7804,7805,71.62715,42.57052,93.56595,NA,NA,NA,2.29e+09,5.17e+10,126.74537,176.24778,137.29453,1,"None","parabolic","box sum"
"7805",7805,7806,80.93968,41.64748,93.50775,NA,NA,NA,2.37e+09,5.11e+10,101.87509,203.97246,99.69854,1,"None","parabolic","box sum"
"7806",7806,7807,134.89506,40.91625,93.48845,NA,NA,NA,2.32e+09,4.86e+10,110.74006,157.33254,99.17784,1,"None","parabolic","box sum"
"7807",7807,7808,136.95497,40.56234,93.6585,NA,NA,NA,2.54e+09,5.73e+10,127.70662,165.68011,117.22064,1,"None","parabolic","box sum"
"7808",7808,7809,28.54883,39.5453,93.48099,NA,NA,NA,2.41e+09,5.33e+10,95.59217,154.30009,159.14166,1,"None","parabolic","box sum"
"7809",7809,7810,48.55252,38.92423,93.70349,NA,NA,NA,2.34e+09,3.32e+10,94.04343,151.04318,150.52831,1,"None","parabolic","box sum"
"7810",7810,7811,108.76685,73.0194,93.34272,NA,NA,NA,2.5e+09,5.54e+10,161.42355,138.26982,119.27426,1,"None","parabolic","box sum"
"7811",7811,7812,166.42372,71.03036,93.24094,NA,NA,NA,2.51e+09,5.7e+10,137.71971,175.0401,122.70558,1,"None","parabolic","box sum"
"7812",7812,7813,20.26816,71.0327,93.26442,NA,NA,NA,2.28e+09,4.7e+10,125.9197,137.06537,92.57972,1,"None","parabolic","box sum"
"7817",7817,7818,21.55657,59.41576,93.36496,NA,NA,NA,2.6e+09,5.77e+10,80.30016,225.40861,162.85086,1,"None","parabolic","box sum"
"7821",7821,7822,79.59608,53.40451,93.16606,NA,NA,NA,2.34e+09,5.18e+10,106.00833,189.97639,110.63129,1,"None","parabolic","box sum"
"7822",7822,7823,101.43654,53.10092,93.19531,NA,NA,NA,2.53e+09,5.78e+10,120.08137,160.45427,147.47208,1,"None","parabolic","box sum"
"7823",7823,7824,82.71791,51.99564,93.25929,NA,NA,NA,2.28e+09,5.26e+10,101.26194,185.21911,155.53427,1,"None","parabolic","box sum"
"7824",7824,7825,165.71165,51.67007,93.30645,NA,NA,NA,2.4e+09,5.19e+10,120.49329,138.00508,116.28103,1,"None","parabolic","box sum"
"7825",7825,7826,110.61715,51.42367,93.23555,NA,NA,NA,2.63e+09,5.83e+10,140.39337,131.53297,134.25457,1,"None","parabolic","box sum"
"7826",7826,7827,86.69829,50.06786,93.13846,NA,NA,NA,2.38e+09,5.16e+10,124.7276,175.5631,103.2204,1,"None","parabolic","box sum"
"7827",7827,7828,42.93168,49.4402,93.17859,NA,NA,NA,2.33e+09,5e+10,118.6279,181.18405,99.81871,1,"None","parabolic","box sum"
"7828",7828,7829,184.63037,48.14415,93.13213,NA,NA,NA,2.49e+09,5.6e+10,222.88618,126.75524,159.30772,1,"None","parabolic","box sum"
"7829",7829,7830,122.85451,47.08719,93.37853,NA,NA,NA,2.28e+09,5.11e+10,96.30303,159.91729,155.69907,1,"None","parabolic","box sum"
"7830",7830,7831,91.31218,46.95598,93.25041,NA,NA,NA,2.36e+09,5.28e+10,98.08384,160.40796,142.20828,1,"None","parabolic","box sum"
"7831",7831,7832,103.4976,45.04012,93.40483,NA,NA,NA,2.33e+09,5.06e+10,104.10782,148.45884,112.41204,1,"None","parabolic","box sum"
"7832",7832,7833,90.9923,44.18377,93.22931,NA,NA,NA,2.33e+09,5.38e+10,119.59403,160.97748,152.88442,1,"None","parabolic","box sum"
"7837",7837,7838,171.48146,71.94324,92.85467,NA,NA,NA,2.49e+09,5.59e+10,156.788,148.49232,124.64446,1,"None","parabolic","box sum"
"7841",7841,7842,57.80126,66.51422,93.02674,NA,NA,NA,2.54e+09,5.72e+10,119.74182,178.49061,128.53432,1,"None","parabolic","box sum"
"7842",7842,7843,20.73557,66.22919,92.79095,NA,NA,NA,2.35e+09,4.95e+10,136.78045,295.37454,90.3734,1,"None","parabolic","box sum"
"7843",7843,7844,145.12899,63.55093,92.95836,NA,NA,NA,2.65e+09,5.98e+10,139.87366,148.27859,139.40448,1,"None","parabolic","box sum"
"7844",7844,7845,78.0332,63.05662,92.89825,NA,NA,NA,2.29e+09,4.95e+10,107.61814,131.36461,137.40677,1,"None","parabolic","box sum"
"7845",7845,7846,135.71598,62.82868,93.00308,NA,NA,NA,2.86e+09,6.28e+10,97.77727,150.33033,118.14898,1,"None","parabolic","box sum"
"7846",7846,7847,182.1256,61.36729,92.8741,NA,NA,NA,2.35e+09,5.17e+10,187.17767,140.68434,109.13926,1,"None","parabolic","box sum"
"7847",7847,7848,21.72911,60.90378,92.868,NA,NA,NA,2.81e+09,6.49e+10,110.77426,214.22699,134.21786,1,"None","parabolic","box sum"
"7848",7848,7849,60.95325,56.49829,92.95476,NA,NA,NA,2.41e+09,5.21e+10,285.02013,131.79854,131.23631,1,"None","parabolic","box sum"
"7849",7849,7850,176.15724,56.33075,92.96058,NA,NA,NA,2.46e+09,5.15e+10,81.98173,173.00379,103.17326,1,"None","parabolic","box sum"
"7850",7850,7851,52.14614,55.67193,92.9361,NA,NA,NA,2.34e+09,5.36e+10,149.17772,172.80602,114.19529,1,"None","parabolic","box sum"
"7851",7851,7852,109.59824,55.23993,92.97469,NA,NA,NA,2.26e+09,4.74e+10,76.14493,169.67344,134.70727,1,"None","parabolic","box sum"
"7852",7852,7853,153.23741,53.86044,92.95874,NA,NA,NA,2.4e+09,5.34e+10,167.34859,160.94369,112.0286,1,"None","parabolic","box sum"
"7857",7857,7858,45.70436,51.93854,92.76291,NA,NA,NA,2.43e+09,5.41e+10,109.00566,168.75303,145.10512,1,"None","parabolic","box sum"
"7861",7861,7862,131.28315,43.10249,92.86016,NA,NA,NA,2.41e+09,5.23e+10,134.35717,251.99634,92.86511,1,"None","parabolic","box sum"
"7862",7862,7863,131.08108,42.6825,92.74215,NA,NA,NA,2.56e+09,5.77e+10,122.84786,268.03225,102.78648,1,"None","parabolic","box sum"
"7863",7863,7864,57.1689,42.75105,92.83737,NA,NA,NA,2.43e+09,5.03e+10,93.90663,136.08289,105.69417,1,"None","parabolic","box sum"
"7864",7864,7865,32.1843,42.31968,92.94734,NA,NA,NA,2.34e+09,5.42e+10,138.91302,142.3977,151.24971,1,"None","parabolic","box sum"
"7865",7865,7866,127.11149,41.39939,93.01009,NA,NA,NA,2.34e+09,5.13e+10,98.56141,125.95332,142.02553,1,"None","parabolic","box sum"
"7866",7866,7867,74.36688,40.84284,92.9417,NA,NA,NA,2.34e+09,5.42e+10,123.79201,155.12705,141.9667,1,"None","parabolic","box sum"
"7867",7867,7868,182.71306,40.30844,92.85812,NA,NA,NA,2.26e+09,4.79e+10,80.86124,143.99153,132.91734,1,"None","parabolic","box sum"
"7868",7868,7869,149.47753,39.84175,92.93784,NA,NA,NA,2.36e+09,5.16e+10,132.49697,161.15105,102.13518,1,"None","parabolic","box sum"
"7869",7869,7870,185.80657,39.31503,92.83313,NA,NA,NA,2.27e+09,4.96e+10,117.15649,143.55552,116.13834,1,"None","parabolic","box sum"
"7870",7870,7871,37.80858,39.33912,92.79924,NA,NA,NA,2.28e+09,4.94e+10,127.9057,147.0924,96.55011,1,"None","parabolic","box sum"
"7871",7871,7872,167.7878,39.24017,92.86368,NA,NA,NA,2.29e+09,4.94e+10,106.49811,136.93738,109.42757,1,"None","parabolic","box sum"
"7872",7872,7873,179.2397,39.00903,92.75703,NA,NA,NA,2.5e+09,5.57e+10,135.42178,153.38093,104.19881,1,"None","parabolic","box sum"
"7877",7877,7878,116.48847,69.75084,92.62659,NA,NA,NA,2.58e+09,5.3e+10,94.37443,136.86322,96.05277,1,"None","parabolic","box sum"
"7881",7881,7882,131.08113,67.35954,92.66247,NA,NA,NA,2.39e+09,5.3e+10,120.96812,213.87537,106.47941,1,"None","parabolic","box sum"
"7882",7882,7883,76.38341,67.10538,92.4199,NA,NA,NA,2.34e+09,4.87e+10,124.57126,103.39303,112.45668,1,"None","parabolic","box sum"
"7883",7883,7884,42.04472,66.83074,92.72016,NA,NA,NA,3.06e+09,6.61e+10,83.25352,175.53316,128.45963,1,"None","parabolic","box sum"
"7884",7884,7885,129.80688,65.0653,92.51438,NA,NA,NA,2.51e+09,5.65e+10,117.5152,153.09659,132.01779,1,"None","parabolic","box sum"
"7885",7885,7886,102.69927,64.11332,92.54802,NA,NA,NA,2.3e+09,5.32e+10,130.94456,190.87657,142.02428,1,"None","parabolic","box sum"
"7886",7886,7887,138.34416,63.42886,92.43072,NA,NA,NA,2.47e+09,5.36e+10,116.87518,123.52961,167.4763,1,"None","parabolic","box sum"
"7887",7887,7888,48.04534,61.496,92.49842,NA,NA,NA,2.9e+09,6.48e+10,105.32922,185.76172,132.66784,1,"None","parabolic","box sum"
"7888",7888,7889,178.98112,56.81786,92.42484,NA,NA,NA,2.5e+09,5.52e+10,168.22129,136.83078,139.16832,1,"None","parabolic","box sum"
"7889",7889,7890,61.58443,56.73413,92.45477,NA,NA,NA,2.37e+09,5.57e+10,162.4935,203.34285,136.44838,1,"None","parabolic","box sum"
"7890",7890,7891,152.05358,55.9379,92.49009,NA,NA,NA,2.32e+09,5.45e+10,134.18557,158.78221,189.20994,1,"None","parabolic","box sum"
"7891",7891,7892,88.90465,55.22784,92.5444,NA,NA,NA,2.37e+09,5.06e+10,94.67612,134.07266,119.03352,1,"None","parabolic","box sum"
"7892",7892,7893,172.64715,52.14223,92.4132,NA,NA,NA,2.41e+09,5.03e+10,117.41321,116.04196,107.81789,1,"None","parabolic","box sum"
"7897",7897,7898,143.26739,50.18681,92.50095,NA,NA,NA,2.25e+09,4.97e+10,123.0384,145.06507,118.11185,1,"None","parabolic","box sum"
"7901",7901,7902,86.56349,47.28923,92.47597,NA,NA,NA,2.69e+09,6.04e+10,134.92879,140.82432,138.08143,1,"None","parabolic","box sum"
"7902",7902,7903,72.90371,47.24941,92.45549,NA,NA,NA,2.89e+09,6.31e+10,120.33298,162.40859,119.00264,1,"None","parabolic","box sum"
"7903",7903,7904,189.16775,46.72272,92.59263,NA,NA,NA,3.18e+09,6.86e+10,88.57424,133.40467,138.50993,1,"None","parabolic","box sum"
"7904",7904,7905,71.18563,42.55686,92.64276,NA,NA,NA,2.43e+09,5.41e+10,119.13601,177.77276,118.88582,1,"None","parabolic","box sum"
"7905",7905,7906,72.8809,41.68898,92.48128,NA,NA,NA,2.52e+09,5.46e+10,83.99369,181.64051,130.10645,1,"None","parabolic","box sum"
"7906",7906,7907,160.38925,40.94941,92.42686,NA,NA,NA,2.6e+09,5.67e+10,169.88973,209.12695,113.87777,1,"None","parabolic","box sum"
"7907",7907,7908,174.43782,40.20238,92.44052,NA,NA,NA,2.32e+09,4.92e+10,98.8631,155.6319,108.58935,1,"None","parabolic","box sum"
"7908",7908,7909,165.53582,73.05628,92.14004,NA,NA,NA,2.54e+09,6.11e+10,173.95029,147.97335,165.05218,1,"None","parabolic","box sum"
"7909",7909,7910,92.20009,72.33139,92.1691,NA,NA,NA,2.74e+09,5.73e+10,88.89642,126.32631,126.30171,1,"None","parabolic","box sum"
"7910",7910,7911,19.28246,70.70071,92.1301,NA,NA,NA,2.3e+09,5.26e+10,133.58769,148.63267,132.14672,1,"None","parabolic","box sum"
"7911",7911,7912,185.57865,69.75704,92.13157,NA,NA,NA,2.28e+09,4.92e+10,103.51452,137.25865,129.24653,1,"None","parabolic","box sum"
"7912",7912,7913,49.52819,68.09991,92.09731,NA,NA,NA,2.42e+09,5.58e+10,116.93992,187.47342,139.6957,1,"None","parabolic","box sum"
"7917",7917,7918,74.7576,64.37748,92.3254,NA,NA,NA,2.42e+09,5.33e+10,87.30859,153.01669,133.37839,1,"None","parabolic","box sum"
"7921",7921,7922,58.42346,61.15998,92.08914,NA,NA,NA,2.77e+09,6.51e+10,122.7245,206.67633,170.8951,1,"None","parabolic","box sum"
"7922",7922,7923,51.21866,59.19242,92.19332,NA,NA,NA,2.39e+09,4.81e+10,243.78544,139.80669,81.10124,1,"None","parabolic","box sum"
"7923",7923,7924,61.17968,58.62255,92.31003,NA,NA,NA,2.46e+09,5.63e+10,179.73976,150.89902,143.88764,1,"None","parabolic","box sum"
"7924",7924,7925,51.4099,57.73688,92.12003,NA,NA,NA,2.31e+09,5.03e+10,97.74673,181.79238,113.86609,1,"None","parabolic","box sum"
"7925",7925,7926,78.52361,54.76265,92.1044,NA,NA,NA,2.26e+09,4.71e+10,100.57307,111.08691,107.73695,1,"None","parabolic","box sum"
"7926",7926,7927,119.12966,54.61228,92.22429,NA,NA,NA,2.38e+09,5.16e+10,100.92361,176.06002,108.05821,1,"None","parabolic","box sum"
"7927",7927,7928,176.43493,53.20411,92.32196,NA,NA,NA,2.43e+09,5.46e+10,107.53447,138.27795,143.3031,1,"None","parabolic","box sum"
"7928",7928,7929,173.24973,52.57394,92.29135,NA,NA,NA,2.62e+09,5.87e+10,109.61178,143.16875,215.01493,1,"None","parabolic","box sum"
"7929",7929,7930,162.93699,50.05787,92.06843,NA,NA,NA,2.33e+09,4.99e+10,99.91106,151.54761,117.07377,1,"None","parabolic","box sum"
"7930",7930,7931,64.99549,50.02779,92.19398,NA,NA,NA,2.35e+09,4.99e+10,117.15,174.39151,95.7461,1,"None","parabolic","box sum"
"7931",7931,7932,49.0908,49.78241,92.11258,NA,NA,NA,2.41e+09,5.54e+10,135.49553,195.83976,129.6404,1,"None","parabolic","box sum"
"7932",7932,7933,58.29639,49.29251,92.14846,NA,NA,NA,2.49e+09,5.55e+10,102.37831,199.11295,116.24849,1,"None","parabolic","box sum"
"7937",7937,7938,136.86301,43.49782,92.1219,NA,NA,NA,2.81e+09,6.27e+10,124.90104,159.20424,121.74594,1,"None","parabolic","box sum"
"7941",7941,7942,165.42532,39.80084,92.08429,NA,NA,NA,2.49e+09,5.61e+10,116.37868,149.91122,154.83457,1,"None","parabolic","box sum"
"7942",7942,7943,113.34623,38.92423,92.112,NA,NA,NA,2.71e+09,3.89e+10,118.76103,166.24212,110.76689,1,"None","parabolic","box sum"
"7943",7943,7944,19.70002,73.5815,91.83316,NA,NA,NA,2.8e+09,4.31e+10,115.09803,142.18043,186.70028,1,"None","parabolic","box sum"
"7944",7944,7945,186.36036,73.14104,91.84016,NA,NA,NA,2.27e+09,4.98e+10,100.1271,146.79462,134.03761,1,"None","parabolic","box sum"
"7945",7945,7946,80.91944,71.15586,91.85754,NA,NA,NA,2.48e+09,5.46e+10,220.23428,159.76529,111.66435,1,"None","parabolic","box sum"
"7946",7946,7947,87.63921,70.9554,91.72756,NA,NA,NA,2.63e+09,6.11e+10,124.11202,154.49864,164.92701,1,"None","parabolic","box sum"
"7947",7947,7948,49.17488,70.9931,91.91858,NA,NA,NA,2.72e+09,6.15e+10,112.13246,139.68595,140.76173,1,"None","parabolic","box sum"
"7948",7948,7949,150.73862,70.63462,91.98666,NA,NA,NA,2.27e+09,5.25e+10,251.0638,150.98283,142.05098,1,"None","parabolic","box sum"
"7949",7949,7950,46.26061,69.89586,91.8728,NA,NA,NA,2.43e+09,5.14e+10,126.11024,162.84408,88.85342,1,"None","parabolic","box sum"
"7950",7950,7951,21.47751,69.95086,92.00397,NA,NA,NA,2.36e+09,5.13e+10,104.55974,260.54163,109.25275,1,"None","parabolic","box sum"
"7951",7951,7952,148.55087,67.34503,91.94148,NA,NA,NA,2.26e+09,4.86e+10,99.02371,125.07619,160.84898,1,"None","parabolic","box sum"
"7952",7952,7953,151.42064,65.77527,92.02259,NA,NA,NA,2.51e+09,5.78e+10,96.21692,171.15483,184.48311,1,"None","parabolic","box sum"
"7957",7957,7958,60.19534,60.9005,91.83083,NA,NA,NA,2.32e+09,5.3e+10,131.82398,307.45551,108.74581,1,"None","parabolic","box sum"
"7961",7961,7962,162.12322,59.43721,92.01644,NA,NA,NA,2.26e+09,5.29e+10,129.89782,136.01363,244.25417,1,"None","parabolic","box sum"
"7962",7962,7963,69.88213,59.05623,91.72864,NA,NA,NA,2.34e+09,5.38e+10,112.12757,140.99059,188.58618,1,"None","parabolic","box sum"
"7963",7963,7964,82.28109,52.27404,91.86724,NA,NA,NA,2.3e+09,5.01e+10,117.91216,159.20007,105.66789,1,"None","parabolic","box sum"
"7964",7964,7965,114.96013,51.40336,91.96268,NA,NA,NA,2.57e+09,5.66e+10,120.52108,142.83121,117.67834,1,"None","parabolic","box sum"
"7965",7965,7966,138.48672,51.28245,91.95491,NA,NA,NA,2.27e+09,5.07e+10,100.10038,126.22994,179.95906,1,"None","parabolic","box sum"
"7966",7966,7967,57.90033,50.90006,91.84876,NA,NA,NA,2.66e+09,5.94e+10,104.38874,135.95021,142.74108,1,"None","parabolic","box sum"
"7967",7967,7968,185.70054,50.70409,91.80435,NA,NA,NA,3.69e+09,8.55e+10,110.05263,186.53631,169.58416,1,"None","parabolic","box sum"
"7968",7968,7969,178.49668,50.2004,91.92876,NA,NA,NA,2.44e+09,5.57e+10,196.52662,141.03919,159.85972,1,"None","parabolic","box sum"
"7969",7969,7970,46.75839,50.25321,91.86197,NA,NA,NA,2.49e+09,5.51e+10,125.24548,139.35983,116.27269,1,"None","parabolic","box sum"
"7970",7970,7971,114.19251,48.95136,91.87806,NA,NA,NA,2.31e+09,5.09e+10,109.1449,154.48368,115.26257,1,"None","parabolic","box sum"
"7971",7971,7972,66.64387,45.57931,91.84984,NA,NA,NA,2.31e+09,4.8e+10,77.42008,143.89098,114.89248,1,"None","parabolic","box sum"
"7972",7972,7973,39.79471,44.00606,91.98059,NA,NA,NA,2.32e+09,5.24e+10,112.92882,149.64461,128.70914,1,"None","parabolic","box sum"
"7977",7977,7978,119.917,40.31387,91.77515,NA,NA,NA,2.58e+09,6.08e+10,139.1231,168.68919,198.63147,1,"None","parabolic","box sum"
"7981",7981,7982,27.7223,70.36686,91.42789,NA,NA,NA,2.33e+09,4.99e+10,100.64147,150.83665,114.68011,1,"None","parabolic","box sum"
"7982",7982,7983,41.7919,70.00507,91.6469,NA,NA,NA,2.54e+09,5.63e+10,104.85532,169.39233,172.9241,1,"None","parabolic","box sum"
"7983",7983,7984,30.98267,69.60448,91.57917,NA,NA,NA,2.67e+09,6.05e+10,112.21552,164.47493,139.79959,1,"None","parabolic","box sum"
"7984",7984,7985,159.05453,68.95677,91.48768,NA,NA,NA,2.35e+09,5.39e+10,138.21743,138.04842,128.30818,1,"None","parabolic","box sum"
"7985",7985,7986,92.99206,67.39376,91.70144,NA,NA,NA,2.62e+09,5.78e+10,100.08206,138.76913,125.14096,1,"None","parabolic","box sum"
"7986",7986,7987,185.01735,67.03701,91.40365,NA,NA,NA,2.3e+09,5.29e+10,156.29196,168.32297,126.03801,1,"None","parabolic","box sum"
"7987",7987,7988,93.20077,66.14523,91.49595,NA,NA,NA,2.32e+09,5.31e+10,117.27702,171.77066,160.28363,1,"None","parabolic","box sum"
"7988",7988,7989,143.19018,65.55146,91.6746,NA,NA,NA,2.44e+09,5.34e+10,110.85243,139.20838,121.6796,1,"None","parabolic","box sum"
"7989",7989,7990,100.48017,65.23595,91.57224,NA,NA,NA,2.64e+09,6.19e+10,148.3948,177.55069,147.6903,1,"None","parabolic","box sum"
"7990",7990,7991,86.54281,65.22097,91.54256,NA,NA,NA,2.29e+09,4.93e+10,165.48839,144.41033,90.45476,1,"None","parabolic","box sum"
"7991",7991,7992,33.51259,63.09725,91.54646,NA,NA,NA,2.29e+09,5.01e+10,121.83531,163.08138,118.60836,1,"None","parabolic","box sum"
"7992",7992,7993,60.32105,61.21377,91.57958,NA,NA,NA,2.39e+09,5.32e+10,105.69565,235.50481,118.6409,1,"None","parabolic","box sum"
"7997",7997,7998,45.50458,54.62776,91.56481,NA,NA,NA,2.28e+09,5.28e+10,183.79972,188.51233,126.90252,1,"None","parabolic","box sum"
"8001",8001,8002,131.49875,46.51192,91.665,NA,NA,NA,2.56e+09,5.7e+10,117.62635,130.62298,155.88641,1,"None","parabolic","box sum"
"8002",8002,8003,172.44299,45.33843,91.4935,NA,NA,NA,2.64e+09,5.82e+10,107.26149,165.4619,115.49538,1,"None","parabolic","box sum"
"8003",8003,8004,53.82694,44.68822,91.60847,NA,NA,NA,2.51e+09,5.75e+10,146.54193,136.17426,136.97952,1,"None","parabolic","box sum"
"8004",8004,8005,59.71305,42.51062,91.4925,NA,NA,NA,2.77e+09,6.03e+10,112.63324,133.08132,119.36229,1,"None","parabolic","box sum"
"8005",8005,8006,129.52545,42.00271,91.58363,NA,NA,NA,2.32e+09,5.03e+10,102.40273,149.74684,116.80716,1,"None","parabolic","box sum"
"8006",8006,8007,19.7533,38.92423,91.70123,NA,NA,NA,2.58e+09,3.56e+10,111.24328,137.42387,121.78141,1,"None","parabolic","box sum"
"8007",8007,8008,102.07038,73.50199,91.20529,NA,NA,NA,2.29e+09,4.86e+10,135.85462,119.30388,121.0404,1,"None","parabolic","box sum"
"8008",8008,8009,109.33987,72.69312,91.34917,NA,NA,NA,2.69e+09,5.76e+10,100.58895,140.94007,112.92315,1,"None","parabolic","box sum"
"8009",8009,8010,152.33648,71.74565,91.3032,NA,NA,NA,2.67e+09,6.14e+10,107.37691,167.94959,157.21071,1,"None","parabolic","box sum"
"8010",8010,8011,157.02442,71.5223,91.17519,NA,NA,NA,2.32e+09,4.86e+10,123.3236,131.09406,94.05839,1,"None","parabolic","box sum"
"8011",8011,8012,175.82706,69.88341,91.25173,NA,NA,NA,2.28e+09,4.95e+10,96.31799,155.09711,118.1106,1,"None","parabolic","box sum"
"8012",8012,8013,110.25627,69.23837,91.36857,NA,NA,NA,2.43e+09,5.45e+10,117.36985,148.21408,143.94355,1,"None","parabolic","box sum"
"8017",8017,8018,82.55672,65.73678,91.15973,NA,NA,NA,2.32e+09,4.93e+10,90.35722,151.30582,125.90867,1,"None","parabolic","box sum"
"8021",8021,8022,105.56992,64.027,91.18949,NA,NA,NA,2.31e+09,5.25e+10,142.96809,136.60923,145.64002,1,"None","parabolic","box sum"
"8022",8022,8023,179.60493,63.46772,91.07332,NA,NA,NA,2.31e+09,5.45e+10,119.12929,200.7508,130.60963,1,"None","parabolic","box sum"
"8023",8023,8024,138.27094,62.32578,91.08794,NA,NA,NA,2.29e+09,4.77e+10,87.76173,144.05537,107.15449,1,"None","parabolic","box sum"
"8024",8024,8025,30.46526,61.91491,91.2519,NA,NA,NA,2.37e+09,5.23e+10,118.18087,149.13517,119.64893,1,"None","parabolic","box sum"
"8025",8025,8026,21.89593,59.27992,91.13424,NA,NA,NA,2.39e+09,5.25e+10,107.58394,172.37586,115.578,1,"None","parabolic","box sum"
"8026",8026,8027,67.06357,59.17692,91.16726,NA,NA,NA,2.37e+09,5.34e+10,152.80774,161.6607,116.63359,1,"None","parabolic","box sum"
"8027",8027,8028,37.6869,58.76136,91.0651,NA,NA,NA,2.5e+09,5.52e+10,98.15224,150.57066,124.29816,1,"None","parabolic","box sum"
"8028",8028,8029,106.7949,58.40079,91.1882,NA,NA,NA,2.52e+09,5.56e+10,94.23641,201.50557,122.47944,1,"None","parabolic","box sum"
"8029",8029,8030,30.50923,54.44338,91.35008,NA,NA,NA,2.53e+09,5.66e+10,102.02654,158.85043,136.18594,1,"None","parabolic","box sum"
"8030",8030,8031,100.96655,53.86884,91.24339,NA,NA,NA,2.56e+09,5.69e+10,139.00096,181.58627,109.07876,1,"None","parabolic","box sum"
"8031",8031,8032,151.10373,52.8344,91.22262,NA,NA,NA,2.32e+09,4.97e+10,113.93098,122.16401,125.99587,1,"None","parabolic","box sum"
"8032",8032,8033,164.55896,52.70772,91.22059,NA,NA,NA,2.56e+09,5.59e+10,94.22481,146.33554,134.20868,1,"None","parabolic","box sum"
"8037",8037,8038,43.7124,40.95065,91.27203,NA,NA,NA,2.54e+09,5.66e+10,109.90461,171.93526,116.34278,1,"None","parabolic","box sum"
"8041",8041,8042,140.07418,68.23006,90.78021,NA,NA,NA,2.44e+09,5.16e+10,112.44514,140.13495,95.35933,1,"None","parabolic","box sum"
"8042",8042,8043,104.40709,67.28779,90.74706,NA,NA,NA,2.39e+09,5.13e+10,139.32952,115.67344,107.41943,1,"None","parabolic","box sum"
"8043",8043,8044,136.25899,66.81899,90.83207,NA,NA,NA,2.64e+09,6.02e+10,125.16487,159.35716,138.7198,1,"None","parabolic","box sum"
"8044",8044,8045,108.24834,66.6845,90.80969,NA,NA,NA,2.28e+09,5.26e+10,245.24869,148.52351,119.82918,1,"None","parabolic","box sum"
"8045",8045,8046,107.79711,66.63041,90.85506,NA,NA,NA,2.46e+09,5.41e+10,237.75291,138.78854,107.2951,1,"None","parabolic","box sum"
"8046",8046,8047,38.05691,66.66092,90.86515,NA,NA,NA,2.45e+09,5.43e+10,148.32274,133.72438,117.27571,1,"None","parabolic","box sum"
"8047",8047,8048,93.22766,66.38307,90.91608,NA,NA,NA,2.63e+09,5.98e+10,113.45769,156.04152,158.58382,1,"None","parabolic","box sum"
"8048",8048,8049,148.31901,66.08639,90.9174,NA,NA,NA,2.36e+09,5.3e+10,148.8284,138.84591,123.30055,1,"None","parabolic","box sum"
"8049",8049,8050,156.79294,63.61933,90.7789,NA,NA,NA,2.26e+09,5.31e+10,150.52432,190.41783,141.77728,1,"None","parabolic","box sum"
"8050",8050,8051,171.36177,63.27736,90.9133,NA,NA,NA,2.31e+09,4.86e+10,106.98881,133.58513,109.65455,1,"None","parabolic","box sum"
"8051",8051,8052,25.28668,62.42338,90.81821,NA,NA,NA,2.26e+09,5.04e+10,112.83599,182.06045,119.28552,1,"None","parabolic","box sum"
"8052",8052,8053,64.45307,58.8178,90.9853,NA,NA,NA,2.34e+09,5.18e+10,96.10516,152.42234,139.82129,1,"None","parabolic","box sum"
"8057",8057,8058,179.36712,53.31997,90.97693,NA,NA,NA,2.27e+09,4.96e+10,119.08364,341.91954,95.0464,1,"None","parabolic","box sum"
"8061",8061,8062,162.42105,49.14463,90.73784,NA,NA,NA,2.42e+09,5.49e+10,155.84172,151.58975,120.83763,1,"None","parabolic","box sum"
"8062",8062,8063,33.07697,49.0264,90.73527,NA,NA,NA,2.77e+09,6.1e+10,101.37675,131.93643,139.75996,1,"None","parabolic","box sum"
"8063",8063,8064,86.49929,46.9127,90.93494,NA,NA,NA,2.29e+09,4.9e+10,90.44272,137.71051,203.6804,1,"None","parabolic","box sum"
"8064",8064,8065,30.71179,46.6339,90.85529,NA,NA,NA,2.48e+09,5.62e+10,122.38006,158.02681,131.1875,1,"None","parabolic","box sum"
"8065",8065,8066,177.59675,46.59608,90.72402,NA,NA,NA,2.44e+09,5.33e+10,124.0885,151.49838,114.95757,1,"None","parabolic","box sum"
"8066",8066,8067,137.66366,46.07426,91.00719,NA,NA,NA,2.34e+09,5.31e+10,97.07984,210.07282,139.44411,1,"None","parabolic","box sum"
"8067",8067,8068,31.48997,42.61573,90.86715,NA,NA,NA,2.59e+09,5.85e+10,144.72936,141.33793,118.26497,1,"None","parabolic","box sum"
"8068",8068,8069,164.57695,73.5815,90.56182,NA,NA,NA,2.27e+09,3.46e+10,106.55918,169.06233,191.97452,1,"None","parabolic","box sum"
"8069",8069,8070,187.38867,72.64513,90.54064,NA,NA,NA,2.43e+09,5.08e+10,113.43917,124.0048,104.32732,1,"None","parabolic","box sum"
"8070",8070,8071,18.20324,72.21439,90.51444,NA,NA,NA,2.68e+09,6.15e+10,117.34787,202.2571,123.93141,1,"None","parabolic","box sum"
"8071",8071,8072,50.2236,71.40829,90.40858,NA,NA,NA,2.32e+09,4.96e+10,103.69987,141.77501,112.53262,1,"None","parabolic","box sum"
"8072",8072,8073,96.14231,70.04064,90.46424,NA,NA,NA,3.2e+09,6.95e+10,106.35032,128.47877,130.25248,1,"None","parabolic","box sum"
"8077",8077,8078,66.82326,67.0053,90.59919,NA,NA,NA,2.27e+09,4.99e+10,114.62657,171.25246,108.49047,1,"None","parabolic","box sum"
"8081",8081,8082,62.63271,55.54094,90.50864,NA,NA,NA,2.86e+09,5.96e+10,85.81359,155.61521,111.07439,1,"None","parabolic","box sum"
"8082",8082,8083,166.24103,55.42241,90.44279,NA,NA,NA,2.33e+09,5.17e+10,104.41256,151.37571,126.08808,1,"None","parabolic","box sum"
"8083",8083,8084,86.09306,53.05548,90.49579,NA,NA,NA,3.76e+09,8.75e+10,120.0545,168.15513,158.44864,1,"None","parabolic","box sum"
"8084",8084,8085,102.17979,51.9703,90.61756,NA,NA,NA,2.75e+09,6.14e+10,143.37971,140.60694,126.53995,1,"None","parabolic","box sum"
"8085",8085,8086,76.19615,50.44153,90.5257,NA,NA,NA,2.55e+09,5.94e+10,117.53352,175.43209,190.95564,1,"None","parabolic","box sum"
"8086",8086,8087,158.03204,50.35122,90.46327,NA,NA,NA,2.72e+09,6.41e+10,142.44899,192.7852,157.74602,1,"None","parabolic","box sum"
"8087",8087,8088,114.68108,46.19592,90.43976,NA,NA,NA,2.34e+09,4.92e+10,129.76469,131.46579,105.26776,1,"None","parabolic","box sum"
"8088",8088,8089,125.04837,44.65457,90.54599,NA,NA,NA,2.67e+09,5.96e+10,118.6792,171.24307,123.64477,1,"None","parabolic","box sum"
"8089",8089,8090,80.47809,44.62601,90.483,NA,NA,NA,2.56e+09,5.62e+10,123.95323,108.2952,182.66147,1,"None","parabolic","box sum"
"8090",8090,8091,106.8456,42.6586,90.51204,NA,NA,NA,2.26e+09,4.69e+10,143.26612,126.4081,93.89985,1,"None","parabolic","box sum"
"8091",8091,8092,21.63511,42.59893,90.56024,NA,NA,NA,3.07e+09,6.82e+10,124.00942,212.46272,105.24899,1,"None","parabolic","box sum"
"8092",8092,8093,101.19614,41.729,90.43441,NA,NA,NA,2.35e+09,5.43e+10,141.65019,170.21251,127.00933,1,"None","parabolic","box sum"
"8097",8097,8098,120.07053,70.25765,90.10486,NA,NA,NA,2.4e+09,5.2e+10,101.93494,154.94602,111.61721,1,"None","parabolic","box sum"
"8101",8101,8102,160.51259,65.81094,90.16268,NA,NA,NA,2.74e+09,6.38e+10,151.53626,205.54136,136.81304,1,"None","parabolic","box sum"
"8102",8102,8103,182.77897,65.14946,90.23126,NA,NA,NA,2.27e+09,5.05e+10,111.19763,123.09214,235.90869,1,"None","parabolic","box sum"
"8103",8103,8104,106.01278,64.46445,90.28004,NA,NA,NA,2.48e+09,5.61e+10,125.85496,183.39872,119.19206,1,"None","parabolic","box sum"
"8104",8104,8105,101.80454,61.95146,90.19416,NA,NA,NA,2.72e+09,6.12e+10,195.96493,149.66443,215.03496,1,"None","parabolic","box sum"
"8105",8105,8106,101.65039,61.67991,90.306,NA,NA,NA,2.59e+09,5.85e+10,99.8219,173.88248,147.26305,1,"None","parabolic","box sum"
"8106",8106,8107,53.42742,61.41002,90.0763,NA,NA,NA,2.69e+09,5.64e+10,93.09806,150.976,108.17504,1,"None","parabolic","box sum"
"8107",8107,8108,156.65061,60.00956,90.31213,NA,NA,NA,2.55e+09,5.47e+10,83.48559,165.61398,117.47766,1,"None","parabolic","box sum"
"8108",8108,8109,180.31398,57.58311,90.29133,NA,NA,NA,2.8e+09,6.46e+10,147.29065,159.27038,170.084,1,"None","parabolic","box sum"
"8109",8109,8110,51.13187,55.13885,90.06992,NA,NA,NA,2.75e+09,6.15e+10,183.95606,142.25376,140.19263,1,"None","parabolic","box sum"
"8110",8110,8111,137.37378,53.85784,90.07636,NA,NA,NA,2.36e+09,5.21e+10,113.56028,119.19999,167.39577,1,"None","parabolic","box sum"
"8111",8111,8112,17.84529,52.67954,90.22953,NA,NA,NA,2.37e+09,5.02e+10,122.09425,136.93529,107.42569,1,"None","parabolic","box sum"
"8112",8112,8113,85.01278,52.52242,90.13523,NA,NA,NA,2.36e+09,5.27e+10,117.641,151.93355,116.60981,1,"None","parabolic","box sum"
"8117",8117,8118,105.89121,46.24634,90.09004,NA,NA,NA,2.38e+09,5.6e+10,159.89557,184.42178,131.66523,1,"None","parabolic","box sum"
"8121",8121,8122,64.62486,68.73551,89.73988,NA,NA,NA,2.28e+09,4.72e+10,79.92641,162.19914,108.42288,1,"None","parabolic","box sum"
"8122",8122,8123,102.19221,67.11508,89.71008,NA,NA,NA,2.5e+09,5.39e+10,117.24038,166.41486,120.23473,1,"None","parabolic","box sum"
"8123",8123,8124,100.12645,65.55166,89.9236,NA,NA,NA,2.3e+09,5.35e+10,115.81866,218.87746,234.70581,1,"None","parabolic","box sum"
"8124",8124,8125,30.22695,64.64814,89.9263,NA,NA,NA,2.25e+09,4.52e+10,100.53398,127.69276,92.84008,1,"None","parabolic","box sum"
"8125",8125,8126,180.7586,64.43552,89.81429,NA,NA,NA,2.41e+09,5.55e+10,127.12477,192.73785,119.08191,1,"None","parabolic","box sum"
"8126",8126,8127,64.01539,64.15135,89.8792,NA,NA,NA,2.58e+09,5.91e+10,116.72983,166.5152,131.71488,1,"None","parabolic","box sum"
"8127",8127,8128,133.93412,62.91847,89.75337,NA,NA,NA,2.37e+09,5.24e+10,132.54827,195.9255,97.80556,1,"None","parabolic","box sum"
"8128",8128,8129,72.76406,60.9686,89.81741,NA,NA,NA,2.37e+09,4.94e+10,93.31791,190.96398,101.29029,1,"None","parabolic","box sum"
"8129",8129,8130,141.14275,57.5032,89.85132,NA,NA,NA,2.37e+09,4.91e+10,111.30984,101.06352,125.40758,1,"None","parabolic","box sum"
"8130",8130,8131,149.11433,55.61797,89.83081,NA,NA,NA,2.48e+09,5.65e+10,113.45402,175.36116,158.41693,1,"None","parabolic","box sum"
"8131",8131,8132,169.28781,55.45536,89.78889,NA,NA,NA,2.49e+09,4.93e+10,80.89651,172.03414,89.02282,1,"None","parabolic","box sum"
"8132",8132,8133,114.1857,53.82191,89.86664,NA,NA,NA,2.48e+09,5.3e+10,96.16012,130.65928,130.89043,1,"None","parabolic","box sum"
"8137",8137,8138,173.74616,49.24233,90.00735,NA,NA,NA,2.3e+09,5.39e+10,132.48781,172.83398,164.44343,1,"None","parabolic","box sum"
"8141",8141,8142,118.25115,44.08998,89.82367,NA,NA,NA,2.36e+09,5.32e+10,87.65791,192.13098,163.50842,1,"None","parabolic","box sum"
"8142",8142,8143,35.30115,42.43103,89.84469,NA,NA,NA,2.94e+09,6.63e+10,210.00133,148.50265,126.42395,1,"None","parabolic","box sum"
"8143",8143,8144,126.4766,39.11556,89.90482,NA,NA,NA,3e+09,6.67e+10,110.74006,149.46479,143.29141,1,"None","parabolic","box sum"
"8144",8144,8145,146.22521,69.50325,89.50002,NA,NA,NA,2.42e+09,5.25e+10,99.097,177.10894,122.00505,1,"None","parabolic","box sum"
"8145",8145,8146,142.40177,67.5704,89.57019,NA,NA,NA,2.32e+09,5.19e+10,132.37178,160.45907,126.3985,1,"None","parabolic","box sum"
"8146",8146,8147,69.24251,67.43557,89.51365,NA,NA,NA,2.29e+09,5.01e+10,97.33634,159.37667,173.90919,1,"None","parabolic","box sum"
"8147",8147,8148,57.9714,67.28684,89.65012,NA,NA,NA,2.28e+09,5.16e+10,106.04497,133.09957,163.20717,1,"None","parabolic","box sum"
"8148",8148,8149,104.84699,66.74658,89.53781,NA,NA,NA,2.32e+09,4.79e+10,80.58353,155.8402,102.30875,1,"None","parabolic","box sum"
"8149",8149,8150,128.89283,66.33604,89.52245,NA,NA,NA,2.47e+09,5.52e+10,113.35387,154.93533,129.68963,1,"None","parabolic","box sum"
"8150",8150,8151,109.79622,65.92076,89.40897,NA,NA,NA,2.74e+09,6.06e+10,120.67986,138.98349,119.91554,1,"None","parabolic","box sum"
"8151",8151,8152,70.66573,65.69764,89.62005,NA,NA,NA,3.02e+09,6.55e+10,138.86905,140.38278,107.57965,1,"None","parabolic","box sum"
"8152",8152,8153,73.91348,64.62164,89.40946,NA,NA,NA,2.6e+09,6.05e+10,118.27858,142.16113,160.8907,1,"None","parabolic","box sum"
"8157",8157,8158,160.0766,55.51935,89.61024,NA,NA,NA,2.26e+09,4.99e+10,124.26652,123.65144,120.21971,1,"None","parabolic","box sum"
"8161",8161,8162,95.69334,52.52712,89.37653,NA,NA,NA,2.29e+09,4.85e+10,77.36878,127.33936,135.25301,1,"None","parabolic","box sum"
"8162",8162,8163,94.15345,52.44472,89.38801,NA,NA,NA,2.31e+09,4.99e+10,121.88906,138.92466,145.62833,1,"None","parabolic","box sum"
"8163",8163,8164,150.51654,50.90255,89.51343,NA,NA,NA,2.45e+09,5.34e+10,107.00133,147.46124,119.30597,1,"None","parabolic","box sum"
"8164",8164,8165,35.40089,50.01803,89.55108,NA,NA,NA,2.31e+09,4.97e+10,88.48114,119.9339,147.73035,1,"None","parabolic","box sum"
"8165",8165,8166,184.7811,49.88243,89.39909,NA,NA,NA,2.32e+09,4.98e+10,87.36997,133.65042,120.63694,1,"None","parabolic","box sum"
"8166",8166,8167,95.8154,49.80949,89.56179,NA,NA,NA,2.6e+09,5.77e+10,84.63615,142.90798,158.64223,1,"None","parabolic","box sum"
"8167",8167,8168,151.77958,49.20792,89.3868,NA,NA,NA,2.42e+09,5.44e+10,109.36109,154.86461,137.79229,1,"None","parabolic","box sum"
"8168",8168,8169,81.65232,49.21254,89.5315,NA,NA,NA,2.28e+09,5e+10,111.981,143.5864,130.1778,1,"None","parabolic","box sum"
"8169",8169,8170,24.69386,48.47361,89.60849,NA,NA,NA,2.33e+09,5.11e+10,116.8251,150.50995,117.51103,1,"None","parabolic","box sum"
"8170",8170,8171,72.39685,48.16677,89.57387,NA,NA,NA,2.38e+09,5.38e+10,110.92815,165.18486,127.79498,1,"None","parabolic","box sum"
"8171",8171,8172,73.3151,47.09091,89.3946,NA,NA,NA,2.25e+09,4.98e+10,122.45823,139.77665,126.68306,1,"None","parabolic","box sum"
"8172",8172,8173,153.89097,46.26669,89.61168,NA,NA,NA,2.89e+09,6.04e+10,100.83994,129.51565,108.5977,1,"None","parabolic","box sum"
"8177",8177,8178,166.73682,41.74856,89.50345,NA,NA,NA,2.4e+09,5.02e+10,94.19213,128.60984,122.40058,1,"None","parabolic","box sum"
"8181",8181,8182,79.62293,68.13696,89.35022,NA,NA,NA,2.5e+09,5.77e+10,139.50907,146.68007,197.63303,1,"None","parabolic","box sum"
"8182",8182,8183,76.93688,66.04603,89.04019,NA,NA,NA,2.3e+09,4.77e+10,90.37921,127.99911,131.18416,1,"None","parabolic","box sum"
"8183",8183,8184,72.11273,65.59076,89.13348,NA,NA,NA,2.82e+09,6.46e+10,88.87199,203.70282,199.25523,1,"None","parabolic","box sum"
"8184",8184,8185,139.03414,62.65434,89.2558,NA,NA,NA,2.27e+09,4.88e+10,139.90175,119.89406,104.81465,1,"None","parabolic","box sum"
"8185",8185,8186,29.81889,60.75954,89.33836,NA,NA,NA,2.87e+09,6.01e+10,101.40851,141.72179,106.98175,1,"None","parabolic","box sum"
"8186",8186,8187,162.28799,60.36329,89.36068,NA,NA,NA,2.31e+09,5.27e+10,100.87536,177.95676,147.41826,1,"None","parabolic","box sum"
"8187",8187,8188,184.95375,58.39055,89.13147,NA,NA,NA,2.82e+09,6.51e+10,132.74973,169.29689,171.8806,1,"None","parabolic","box sum"
"8188",8188,8189,98.75927,58.21262,89.24705,NA,NA,NA,2.9e+09,6.56e+10,105.42938,160.16492,151.57056,1,"None","parabolic","box sum"
"8189",8189,8190,167.67995,57.86221,89.17542,NA,NA,NA,2.57e+09,5.87e+10,117.27428,159.92001,144.79721,1,"None","parabolic","box sum"
"8190",8190,8191,64.32234,55.33959,89.33401,NA,NA,NA,2.47e+09,5.63e+10,101.23263,175.35031,140.8506,1,"None","parabolic","box sum"
"8191",8191,8192,174.41524,53.84464,89.07349,NA,NA,NA,2.29e+09,5.17e+10,82.92496,163.69325,159.49839,1,"None","parabolic","box sum"
"8192",8192,8193,42.01744,51.36483,89.15786,NA,NA,NA,3.26e+09,7.27e+10,122.34586,147.79419,132.20972,1,"None","parabolic","box sum"
"8197",8197,8198,27.33891,48.21398,89.269,NA,NA,NA,2.26e+09,4.94e+10,95.71187,141.5478,132.93946,1,"None","parabolic","box sum"
"8201",8201,8202,62.11532,45.70915,89.34945,NA,NA,NA,2.32e+09,5.27e+10,137.33985,125.57614,146.10189,1,"None","parabolic","box sum"
"8202",8202,8203,180.88396,44.88925,89.18037,NA,NA,NA,3.52e+09,8.25e+10,118.15048,165.721,177.43105,1,"None","parabolic","box sum"
"8203",8203,8204,63.71366,42.63541,89.0983,NA,NA,NA,2.3e+09,5.16e+10,116.34387,135.88303,157.43434,1,"None","parabolic","box sum"
"8204",8204,8205,30.2205,40.6353,89.25596,NA,NA,NA,2.26e+09,5.02e+10,109.97057,216.26997,121.56361,1,"None","parabolic","box sum"
"8205",8205,8206,91.5842,39.66937,89.23187,NA,NA,NA,2.33e+09,5.28e+10,119.79434,221.28302,109.14719,1,"None","parabolic","box sum"
"8206",8206,8207,139.18681,39.03063,89.2581,NA,NA,NA,2.27e+09,4.83e+10,84.60134,164.0479,106.86159,1,"None","parabolic","box sum"
"8207",8207,8208,62.65886,38.92423,89.18041,NA,NA,NA,2.28e+09,3.27e+10,98.24507,165.55953,100.3148,1,"None","parabolic","box sum"
"8208",8208,8209,131.61104,71.45739,88.92455,NA,NA,NA,2.45e+09,5.42e+10,112.64789,149.03355,147.44079,1,"None","parabolic","box sum"
"8209",8209,8210,181.06191,71.13544,88.87206,NA,NA,NA,2.37e+09,5e+10,106.96026,124.18151,212.93169,1,"None","parabolic","box sum"
"8210",8210,8211,42.59706,70.02123,88.82562,NA,NA,NA,2.61e+09,5.5e+10,114.16977,144.52507,97.03159,1,"None","parabolic","box sum"
"8211",8211,8212,18.77367,68.77078,88.77705,NA,NA,NA,2.4e+09,5.42e+10,118.08315,350.13047,130.07015,1,"None","parabolic","box sum"
"8212",8212,8213,105.83321,68.50787,88.79559,NA,NA,NA,2.3e+09,5.06e+10,146.52483,157.40378,136.72668,1,"None","parabolic","box sum"
"8217",8217,8218,119.07357,65.12678,88.83516,NA,NA,NA,3.03e+09,6.42e+10,87.01667,130.42647,126.54912,1,"None","parabolic","box sum"
"8221",8221,8222,25.91002,57.27727,88.91672,NA,NA,NA,2.35e+09,5.13e+10,94.32924,147.37508,131.32185,1,"None","parabolic","box sum"
"8222",8222,8223,148.13766,56.05338,88.85645,NA,NA,NA,2.36e+09,4.85e+10,89.6201,130.90941,98.29581,1,"None","parabolic","box sum"
"8223",8223,8224,98.79062,55.18783,88.7005,NA,NA,NA,2.27e+09,4.69e+10,89.72209,130.23204,120.25225,1,"None","parabolic","box sum"
"8224",8224,8225,180.44305,55.03174,88.78097,NA,NA,NA,2.5e+09,5.84e+10,169.93202,192.86782,128.85016,1,"None","parabolic","box sum"
"8225",8225,8226,34.13235,53.88876,88.87579,NA,NA,NA,2.59e+09,5.58e+10,129.45689,110.45229,148.93198,1,"None","parabolic","box sum"
"8226",8226,8227,33.40263,53.05197,88.86121,NA,NA,NA,2.39e+09,5.26e+10,116.15089,150.07395,111.00221,1,"None","parabolic","box sum"
"8227",8227,8228,90.2758,52.45849,88.71002,NA,NA,NA,2.37e+09,5.58e+10,126.90659,206.02733,123.30848,1,"None","parabolic","box sum"
"8228",8228,8229,119.66013,48.92413,88.91722,NA,NA,NA,2.58e+09,5.45e+10,90.03355,161.23241,107.32388,1,"None","parabolic","box sum"
"8229",8229,8230,90.76817,48.30638,88.70834,NA,NA,NA,2.31e+09,5.14e+10,183.60673,128.87436,125.41384,1,"None","parabolic","box sum"
"8230",8230,8231,67.85067,47.79691,88.88023,NA,NA,NA,2.27e+09,5.18e+10,110.84998,228.34301,126.47194,1,"None","parabolic","box sum"
"8231",8231,8232,92.81778,45.33649,88.96572,NA,NA,NA,2.65e+09,6.01e+10,101.61981,151.03275,161.98134,1,"None","parabolic","box sum"
"8232",8232,8233,66.71908,44.36195,88.89119,NA,NA,NA,2.48e+09,5.55e+10,157.91078,198.66651,102.84573,1,"None","parabolic","box sum"
"8237",8237,8238,16.38999,73.5815,88.53541,NA,NA,NA,2.48e+09,3.36e+10,116.1631,147.94807,83.36347,1,"None","parabolic","box sum"
"8241",8241,8242,182.61969,68.4341,88.4588,NA,NA,NA,2.57e+09,5.73e+10,133.55334,127.09664,152.7968,1,"None","parabolic","box sum"
"8242",8242,8243,78.76548,68.45105,88.40684,NA,NA,NA,2.29e+09,5.01e+10,89.77827,134.59472,252.75236,1,"None","parabolic","box sum"
"8243",8243,8244,118.69051,67.39466,88.54926,NA,NA,NA,2.38e+09,5.4e+10,165.96351,126.85798,143.01521,1,"None","parabolic","box sum"
"8244",8244,8245,113.29663,66.4923,88.44263,NA,NA,NA,2.82e+09,6.52e+10,162.39456,147.76665,130.13941,1,"None","parabolic","box sum"
"8245",8245,8246,159.23281,66.29986,88.57336,NA,NA,NA,2.41e+09,4.73e+10,73.08104,190.22653,88.80419,1,"None","parabolic","box sum"
"8246",8246,8247,20.11701,66.2176,88.45631,NA,NA,NA,2.29e+09,5.33e+10,90.6699,157.95349,199.79721,1,"None","parabolic","box sum"
"8247",8247,8248,22.67092,65.9489,88.47569,NA,NA,NA,2.26e+09,5.01e+10,114.9246,123.85923,223.11175,1,"None","parabolic","box sum"
"8248",8248,8249,28.99083,65.79887,88.50882,NA,NA,NA,2.44e+09,5.6e+10,139.67762,156.35841,158.74863,1,"None","parabolic","box sum"
"8249",8249,8250,72.20172,65.51885,88.68063,NA,NA,NA,2.7e+09,6.33e+10,97.83712,163.22438,211.31742,1,"None","parabolic","box sum"
"8250",8250,8251,171.27528,63.63828,88.39412,NA,NA,NA,2.4e+09,5.23e+10,92.9921,263.03506,125.06962,1,"None","parabolic","box sum"
"8251",8251,8252,87.65784,61.60811,88.44307,NA,NA,NA,2.29e+09,5.18e+10,122.46556,362.52707,106.3025,1,"None","parabolic","box sum"
"8252",8252,8253,165.286,61.54956,88.42586,NA,NA,NA,2.48e+09,5.37e+10,100.4607,147.3974,122.79612,1,"None","parabolic","box sum"
"8257",8257,8258,185.05864,58.54244,88.68681,NA,NA,NA,2.56e+09,5.9e+10,95.16361,165.62566,198.93646,1,"None","parabolic","box sum"
"8261",8261,8262,82.86332,56.03069,88.48228,NA,NA,NA,2.38e+09,5.36e+10,144.00384,118.82156,179.81553,1,"None","parabolic","box sum"
"8262",8262,8263,42.87576,55.37348,88.4724,NA,NA,NA,2.45e+09,5.27e+10,87.91929,134.81951,133.38882,1,"None","parabolic","box sum"
"8263",8263,8264,111.6506,54.26196,88.41761,NA,NA,NA,2.41e+09,5.31e+10,163.70758,133.7685,99.55752,1,"None","parabolic","box sum"
"8264",8264,8265,134.70666,53.78402,88.49778,NA,NA,NA,2.86e+09,6.4e+10,108.0322,223.46598,121.60659,1,"None","parabolic","box sum"
"8265",8265,8266,54.22734,51.72828,88.36845,NA,NA,NA,2.31e+09,5.18e+10,215.10925,137.70092,111.61888,1,"None","parabolic","box sum"
"8266",8266,8267,172.52329,49.57648,88.68099,NA,NA,NA,2.38e+09,5.55e+10,103.4336,171.25893,214.91688,1,"None","parabolic","box sum"
"8267",8267,8268,80.65996,44.48454,88.6413,NA,NA,NA,2.57e+09,5.64e+10,92.3188,121.02288,249.20672,1,"None","parabolic","box sum"
"8268",8268,8269,180.13705,43.56291,88.40273,NA,NA,NA,2.76e+09,6.23e+10,117.85887,160.00783,133.02457,1,"None","parabolic","box sum"
"8269",8269,8270,21.69349,43.2534,88.51507,NA,NA,NA,2.63e+09,5.78e+10,105.55641,151.47418,130.19782,1,"None","parabolic","box sum"
"8270",8270,8271,137.28216,42.29416,88.53313,NA,NA,NA,2.46e+09,5.34e+10,114.00365,222.57143,112.47337,1,"None","parabolic","box sum"
"8271",8271,8272,21.93129,72.30927,88.30749,NA,NA,NA,2.81e+09,6.27e+10,113.38807,178.97944,112.16795,1,"None","parabolic","box sum"
"8272",8272,8273,15.60219,70.37588,88.24411,NA,NA,NA,2.6e+09,5.84e+10,118.06117,185.19178,130.0472,1,"None","parabolic","box sum"
"8277",8277,8278,184.65809,63.37548,88.19099,NA,NA,NA,2.4e+09,5.36e+10,90.32226,146.37414,154.94722,1,"None","parabolic","box sum"
"8281",8281,8282,102.254,57.11973,88.016,NA,NA,NA,3.1e+09,6.7e+10,96.10028,176.66104,104.81966,1,"None","parabolic","box sum"
"8282",8282,8283,160.42633,55.07303,88.06102,NA,NA,NA,2.47e+09,5.69e+10,150.45898,209.03516,124.31985,1,"None","parabolic","box sum"
"8283",8283,8284,136.04976,54.8883,88.24744,NA,NA,NA,2.28e+09,4.98e+10,104.69531,190.8071,104.92396,1,"None","parabolic","box sum"
"8284",8284,8285,55.16398,54.56483,88.14203,NA,NA,NA,2.26e+09,5.28e+10,118.32255,241.66566,152.3124,1,"None","parabolic","box sum"
"8285",8285,8286,111.91218,52.42669,88.2286,NA,NA,NA,2.38e+09,5.15e+10,133.24936,135.43159,118.29919,1,"None","parabolic","box sum"
"8286",8286,8287,132.77705,51.94497,88.22551,NA,NA,NA,2.36e+09,5.51e+10,91.80703,249.24552,220.49445,1,"None","parabolic","box sum"
"8287",8287,8288,53.787,51.8031,88.15414,NA,NA,NA,2.31e+09,5.31e+10,224.97333,122.42436,175.0353,1,"None","parabolic","box sum"
"8288",8288,8289,176.40822,50.48207,88.31073,NA,NA,NA,2.29e+09,5.13e+10,115.35117,166.92263,135.57512,1,"None","parabolic","box sum"
"8289",8289,8290,186.42308,49.02389,88.16635,NA,NA,NA,2.39e+09,5.06e+10,144.81707,122.25288,99.14362,1,"None","parabolic","box sum"
"8290",8290,8291,89.54445,47.77376,88.25735,NA,NA,NA,2.42e+09,5.87e+10,178.15071,185.61882,199.29236,1,"None","parabolic","box sum"
"8291",8291,8292,89.67889,47.6253,88.09301,NA,NA,NA,2.41e+09,5.68e+10,297.28794,163.23221,225.07399,1,"None","parabolic","box sum"
"8292",8292,8293,101.93108,44.22371,88.0298,NA,NA,NA,2.47e+09,5.46e+10,165.02547,131.8363,108.07991,1,"None","parabolic","box sum"
"8297",8297,8298,71.22484,40.33712,88.1193,NA,NA,NA,2.3e+09,5.33e+10,107.09782,214.32149,136.15423,1,"None","parabolic","box sum"
"8301",8301,8302,54.20686,66.80563,87.84546,NA,NA,NA,2.33e+09,5.29e+10,129.16131,141.38664,149.65045,1,"None","parabolic","box sum"
"8302",8302,8303,157.88075,65.98699,87.88649,NA,NA,NA,2.4e+09,5.27e+10,132.90004,137.00362,149.74183,1,"None","parabolic","box sum"
"8303",8303,8304,59.84076,65.56713,87.87358,NA,NA,NA,3.24e+09,7.23e+10,94.38054,152.94023,155.08366,1,"None","parabolic","box sum"
"8304",8304,8305,168.45071,63.95867,87.86336,NA,NA,NA,2.27e+09,4.86e+10,84.26576,170.86631,128.00902,1,"None","parabolic","box sum"
"8305",8305,8306,164.0387,62.2541,87.86291,NA,NA,NA,2.29e+09,5.12e+10,118.85997,172.06752,153.14102,1,"None","parabolic","box sum"
"8306",8306,8307,65.27872,61.80768,87.86479,NA,NA,NA,3.16e+09,7.19e+10,106.4578,248.64575,136.93321,1,"None","parabolic","box sum"
"8307",8307,8308,49.84937,60.10857,87.95699,NA,NA,NA,2.52e+09,5.59e+10,85.60106,154.32513,150.6176,1,"None","parabolic","box sum"
"8308",8308,8309,146.62476,59.70826,87.8809,NA,NA,NA,2.45e+09,5.32e+10,100.30253,194.94522,104.10327,1,"None","parabolic","box sum"
"8309",8309,8310,112.68459,59.57057,87.81724,NA,NA,NA,2.5e+09,5.96e+10,149.0678,190.4631,145.75267,1,"None","parabolic","box sum"
"8310",8310,8311,189.38243,57.47134,87.77523,NA,NA,NA,2.33e+09,5.34e+10,254.5539,176.54088,157.09388,1,"None","parabolic","box sum"
"8311",8311,8312,108.5472,56.95012,87.74574,NA,NA,NA,2.53e+09,5.68e+10,128.22938,159.25264,207.34662,1,"None","parabolic","box sum"
"8312",8312,8313,78.00014,56.95824,87.8546,NA,NA,NA,2.26e+09,5.26e+10,159.88213,178.23026,144.29319,1,"None","parabolic","box sum"
"8317",8317,8318,58.01121,53.0464,87.90214,NA,NA,NA,2.61e+09,6.01e+10,169.58743,146.54374,150.23583,1,"None","parabolic","box sum"
"8321",8321,8322,69.69417,48.55983,87.76173,NA,NA,NA,2.52e+09,5.69e+10,114.77314,162.17202,294.96503,1,"None","parabolic","box sum"
"8322",8322,8323,92.24072,48.29452,87.84809,NA,NA,NA,2.34e+09,5.35e+10,229.80766,149.88786,203.49723,1,"None","parabolic","box sum"
"8323",8323,8324,170.60895,47.93494,87.882,NA,NA,NA,2.53e+09,5.66e+10,158.01888,135.40405,115.58217,1,"None","parabolic","box sum"
"8324",8324,8325,55.14721,44.75685,87.9056,NA,NA,NA,2.31e+09,5.17e+10,110.82067,169.96008,113.34831,1,"None","parabolic","box sum"
"8325",8325,8326,127.88142,43.34001,87.71771,NA,NA,NA,2.32e+09,4.98e+10,95.78882,125.32371,139.09447,1,"None","parabolic","box sum"
"8326",8326,8327,103.97545,42.72309,87.9732,NA,NA,NA,2.55e+09,5.89e+10,137.33008,167.88894,131.56593,1,"None","parabolic","box sum"
"8327",8327,8328,161.00774,40.77656,87.80309,NA,NA,NA,2.68e+09,5.62e+10,124.5902,163.38366,98.00291,1,"None","parabolic","box sum"
"8328",8328,8329,125.88632,40.67647,87.8025,NA,NA,NA,2.37e+09,5.24e+10,120.04229,131.17206,119.15535,1,"None","parabolic","box sum"
"8329",8329,8330,141.32576,39.45847,87.94674,NA,NA,NA,2.3e+09,5.39e+10,148.3661,151.05152,173.12396,1,"None","parabolic","box sum"
"8330",8330,8331,121.3649,39.51758,87.72214,NA,NA,NA,2.58e+09,5.98e+10,103.34322,173.43688,244.77905,1,"None","parabolic","box sum"
"8331",8331,8332,116.84074,72.89514,87.35479,NA,NA,NA,2.37e+09,5.17e+10,123.963,131.98954,118.07722,1,"None","parabolic","box sum"
"8332",8332,8333,78.64615,69.86728,87.58056,NA,NA,NA,2.27e+09,5.09e+10,114.95147,255.89944,152.00865,1,"None","parabolic","box sum"
"8337",8337,8338,109.00678,67.6158,87.67516,NA,NA,NA,2.69e+09,6.23e+10,113.74472,152.4481,172.08838,1,"None","parabolic","box sum"
"8341",8341,8342,91.11149,62.88617,87.46043,NA,NA,NA,2.43e+09,5.08e+10,110.58494,124.84848,105.8594,1,"None","parabolic","box sum"
"8342",8342,8343,124.5771,61.78893,87.42569,NA,NA,NA,2.33e+09,4.89e+10,87.93151,164.58529,123.31599,1,"None","parabolic","box sum"
"8343",8343,8344,108.09687,61.70036,87.66832,NA,NA,NA,2.3e+09,5.23e+10,113.4015,192.21818,157.26745,1,"None","parabolic","box sum"
"8344",8344,8345,24.19275,61.1606,87.45703,NA,NA,NA,2.38e+09,5.2e+10,99.84755,156.98791,115.55713,1,"None","parabolic","box sum"
"8345",8345,8346,111.52002,58.385,87.49739,NA,NA,NA,2.25e+09,5.22e+10,153.19004,158.80662,159.21885,1,"None","parabolic","box sum"
"8346",8346,8347,170.58335,55.62833,87.39359,NA,NA,NA,2.62e+09,5.5e+10,91.0119,135.65147,129.79603,1,"None","parabolic","box sum"
"8347",8347,8348,147.20524,52.90808,87.39611,NA,NA,NA,2.39e+09,4.97e+10,109.09665,160.81727,94.57117,1,"None","parabolic","box sum"
"8348",8348,8349,123.66204,51.18178,87.66953,NA,NA,NA,2.28e+09,5.05e+10,102.85832,154.56837,126.86539,1,"None","parabolic","box sum"
"8349",8349,8350,107.95284,51.03701,87.35315,NA,NA,NA,2.29e+09,5.28e+10,102.68244,154.61093,190.00894,1,"None","parabolic","box sum"
"8350",8350,8351,69.52673,50.15373,87.45687,NA,NA,NA,2.46e+09,5.83e+10,137.69162,139.5334,192.92915,1,"None","parabolic","box sum"
"8351",8351,8352,97.36251,49.97843,87.48257,NA,NA,NA,2.35e+09,4.84e+10,87.91929,117.45888,116.24515,1,"None","parabolic","box sum"
"8352",8352,8353,85.75946,49.98601,87.49009,NA,NA,NA,2.29e+09,5.14e+10,113.41005,175.46713,123.63893,1,"None","parabolic","box sum"
"8357",8357,8358,20.72984,40.93928,87.47166,NA,NA,NA,2.32e+09,4.96e+10,108.71496,116.02235,129.48561,1,"None","parabolic","box sum"
"8361",8361,8362,47.47558,70.51357,87.10567,NA,NA,NA,3.35e+09,7.07e+10,118.52286,143.16708,97.28402,1,"None","parabolic","box sum"
"8362",8362,8363,30.98094,70.20728,87.2129,NA,NA,NA,2.67e+09,6.05e+10,133.20417,141.05672,136.37996,1,"None","parabolic","box sum"
"8363",8363,8364,168.19993,67.73303,87.30467,NA,NA,NA,2.8e+09,6.64e+10,264.21102,193.84915,181.95051,1,"None","parabolic","box sum"
"8364",8364,8365,46.20268,63.07308,87.1732,NA,NA,NA,2.48e+09,5.72e+10,148.64275,165.84742,145.79439,1,"None","parabolic","box sum"
"8365",8365,8366,101.85713,62.71646,87.11763,NA,NA,NA,2.66e+09,5.63e+10,105.35243,138.4415,106.93502,1,"None","parabolic","box sum"
"8366",8366,8367,82.10532,62.23568,87.1469,NA,NA,NA,2.3e+09,5.19e+10,170.5499,176.66501,110.73685,1,"None","parabolic","box sum"
"8367",8367,8368,132.99936,61.99051,87.05468,NA,NA,NA,2.44e+09,5.63e+10,126.33131,224.44147,135.34731,1,"None","parabolic","box sum"
"8368",8368,8369,75.96327,61.71199,87.27143,NA,NA,NA,2.45e+09,5.25e+10,97.65879,162.00033,101.56983,1,"None","parabolic","box sum"
"8369",8369,8370,101.3335,59.30713,87.19387,NA,NA,NA,2.6e+09,5.49e+10,110.00233,117.08003,111.84585,1,"None","parabolic","box sum"
"8370",8370,8371,186.82011,58.79613,87.15829,NA,NA,NA,2.54e+09,5.71e+10,108.34618,141.52151,141.48813,1,"None","parabolic","box sum"
"8371",8371,8372,169.83451,58.56469,87.09577,NA,NA,NA,2.32e+09,5.22e+10,112.10284,155.32148,143.56303,1,"None","parabolic","box sum"
"8372",8372,8373,38.89117,55.38333,87.09108,NA,NA,NA,2.39e+09,5.24e+10,84.08652,156.28529,139.49168,1,"None","parabolic","box sum"
"8377",8377,8378,177.96958,47.8546,87.08036,NA,NA,NA,2.4e+09,5.48e+10,108.41587,156.95995,136.25646,1,"None","parabolic","box sum"
"8381",8381,8382,117.37728,39.44888,87.17284,NA,NA,NA,2.4e+09,5.61e+10,101.56973,174.9748,177.25122,1,"None","parabolic","box sum"
"8382",8382,8383,49.28203,71.08925,86.69146,NA,NA,NA,2.29e+09,5.23e+10,129.04894,169.87677,116.19383,1,"None","parabolic","box sum"
"8383",8383,8384,39.9141,70.62021,86.71279,NA,NA,NA,2.48e+09,5.53e+10,104.87486,144.70359,142.67933,1,"None","parabolic","box sum"
"8384",8384,8385,40.80545,68.99638,86.92462,NA,NA,NA,2.44e+09,5.67e+10,155.37514,182.5762,134.71311,1,"None","parabolic","box sum"
"8385",8385,8386,128.12039,65.72345,86.87114,NA,NA,NA,2.55e+09,5.43e+10,101.35965,126.59043,137.65585,1,"None","parabolic","box sum"
"8386",8386,8387,18.63036,65.68607,86.67626,NA,NA,NA,2.57e+09,5.56e+10,130.00408,144.43807,108.08241,1,"None","parabolic","box sum"
"8387",8387,8388,120.54905,65.3568,86.8192,NA,NA,NA,2.39e+09,5.23e+10,105.76649,154.91551,117.38712,1,"None","parabolic","box sum"
"8388",8388,8389,158.4909,63.55682,86.83078,NA,NA,NA,2.3e+09,4.86e+10,93.70937,146.3879,101.08376,1,"None","parabolic","box sum"
"8389",8389,8390,126.73436,62.37903,86.90217,NA,NA,NA,2.58e+09,5.87e+10,127.67486,159.89664,126.49405,1,"None","parabolic","box sum"
"8390",8390,8391,18.64284,62.11655,86.77064,NA,NA,NA,2.39e+09,5.15e+10,192.33002,149.62813,104.31564,1,"None","parabolic","box sum"
"8391",8391,8392,181.5014,60.58795,86.82515,NA,NA,NA,2.31e+09,4.95e+10,82.70129,171.61942,123.32433,1,"None","parabolic","box sum"
"8392",8392,8393,41.8849,59.38512,86.97116,NA,NA,NA,2.31e+09,5.02e+10,92.40186,133.9767,203.57859,1,"None","parabolic","box sum"
"8397",8397,8398,74.70859,53.72446,86.93028,NA,NA,NA,2.29e+09,4.68e+10,92.12826,114.56871,111.69648,1,"None","parabolic","box sum"
"8401",8401,8402,60.32546,50.35909,86.74893,NA,NA,NA,2.5e+09,5.98e+10,168.7813,194.98736,181.25123,1,"None","parabolic","box sum"
"8402",8402,8403,77.87959,47.2094,86.89762,NA,NA,NA,2.38e+09,5.27e+10,114.12335,205.78784,105.52436,1,"None","parabolic","box sum"
"8403",8403,8404,36.43813,47.19112,86.97841,NA,NA,NA,2.3e+09,5.01e+10,97.18,156.25525,116.74207,1,"None","parabolic","box sum"
"8404",8404,8405,143.29645,46.37408,86.71597,NA,NA,NA,2.59e+09,5.79e+10,94.02083,157.03672,189.008,1,"None","parabolic","box sum"
"8405",8405,8406,99.36608,46.28321,86.94848,NA,NA,NA,2.53e+09,5.43e+10,92.87943,166.49371,110.55201,1,"None","parabolic","box sum"
"8406",8406,8407,84.29327,46.12362,86.74827,NA,NA,NA,2.53e+09,5.12e+10,108.21907,142.74985,96.91435,1,"None","parabolic","box sum"
"8407",8407,8408,97.26369,43.19116,86.74091,NA,NA,NA,2.42e+09,5.08e+10,89.79293,118.70098,131.27303,1,"None","parabolic","box sum"
"8408",8408,8409,173.06751,41.34489,86.88343,NA,NA,NA,2.37e+09,5.27e+10,127.33867,153.62251,128.47257,1,"None","parabolic","box sum"
"8409",8409,8410,97.21616,38.92423,86.85256,NA,NA,NA,2.82e+09,4.15e+10,111.03075,128.36701,124.99952,1,"None","parabolic","box sum"
"8410",8410,8411,85.83072,73.31926,86.50905,NA,NA,NA,2.35e+09,5.11e+10,99.76938,133.14998,178.13325,1,"None","parabolic","box sum"
"8411",8411,8412,70.2267,72.24431,86.65758,NA,NA,NA,2.37e+09,5.31e+10,100.67566,178.65946,136.95323,1,"None","parabolic","box sum"
"8412",8412,8413,29.47609,68.90042,86.43576,NA,NA,NA,2.29e+09,4.98e+10,84.53355,135.64751,150.24126,1,"None","parabolic","box sum"
"8417",8417,8418,40.69164,64.8872,86.55491,NA,NA,NA,2.57e+09,5.34e+10,97.86643,143.27306,106.52322,1,"None","parabolic","box sum"
"8421",8421,8422,96.54151,61.05477,86.4108,NA,NA,NA,2.83e+09,6.14e+10,175.00925,132.90212,104.11078,1,"None","parabolic","box sum"
"8422",8422,8423,116.4979,60.91922,86.36933,NA,NA,NA,2.51e+09,5.19e+10,109.05574,132.79322,96.55261,1,"None","parabolic","box sum"
"8423",8423,8424,114.27354,60.36526,86.42019,NA,NA,NA,2.29e+09,5.37e+10,124.13644,166.31097,176.04083,1,"None","parabolic","box sum"
"8424",8424,8425,123.33899,59.69848,86.33618,NA,NA,NA,2.36e+09,5.29e+10,112.69064,160.76595,122.5391,1,"None","parabolic","box sum"
"8425",8425,8426,137.67006,59.28272,86.36002,NA,NA,NA,2.25e+09,4.89e+10,89.41185,140.70812,137.14516,1,"None","parabolic","box sum"
"8426",8426,8427,119.98174,56.77038,86.41013,NA,NA,NA,2.31e+09,5.26e+10,88.02189,363.95881,167.13291,1,"None","parabolic","box sum"
"8427",8427,8428,121.48029,54.08604,86.49285,NA,NA,NA,2.42e+09,5.29e+10,118.8392,136.09582,121.82438,1,"None","parabolic","box sum"
"8428",8428,8429,90.95764,52.38409,86.53053,NA,NA,NA,2.27e+09,4.44e+10,90.01645,137.50732,80.68234,1,"None","parabolic","box sum"
"8429",8429,8430,66.08427,51.76538,86.5443,NA,NA,NA,2.92e+09,6.25e+10,113.43692,166.30512,103.39814,1,"None","parabolic","box sum"
"8430",8430,8431,119.55842,50.74231,86.35879,NA,NA,NA,2.58e+09,5.79e+10,113.27203,171.14335,120.41706,1,"None","parabolic","box sum"
"8431",8431,8432,103.63688,50.53506,86.60536,NA,NA,NA,2.28e+09,5.02e+10,126.12734,289.52014,99.51538,1,"None","parabolic","box sum"
"8432",8432,8433,124.93746,49.68369,86.34725,NA,NA,NA,2.28e+09,5.08e+10,121.83409,128.13586,168.49309,1,"None","parabolic","box sum"
"8437",8437,8438,112.18175,42.27877,86.47679,NA,NA,NA,2.68e+09,5.38e+10,84.2795,138.7924,92.43619,1,"None","parabolic","box sum"
"8441",8441,8442,63.38503,39.35043,86.4042,NA,NA,NA,2.61e+09,5.7e+10,106.54086,137.8336,121.53107,1,"None","parabolic","box sum"
"8442",8442,8443,90.50299,73.5815,86.22136,NA,NA,NA,2.27e+09,3.61e+10,177.86124,191.1825,242.28317,1,"None","parabolic","box sum"
"8443",8443,8444,43.06896,72.99509,86.16281,NA,NA,NA,2.38e+09,5.35e+10,126.69896,141.38192,130.83827,1,"None","parabolic","box sum"
"8444",8444,8445,125.63532,70.45744,86.02229,NA,NA,NA,2.31e+09,5.14e+10,102.91695,134.70529,153.4068,1,"None","parabolic","box sum"
"8445",8445,8446,95.86559,69.0083,86.28201,NA,NA,NA,2.52e+09,5.52e+10,93.12615,155.04371,135.92726,1,"None","parabolic","box sum"
"8446",8446,8447,178.46863,68.64216,86.11255,NA,NA,NA,2.34e+09,5.45e+10,131.8681,151.69166,153.03004,1,"None","parabolic","box sum"
"8447",8447,8448,34.70064,67.81595,86.16153,NA,NA,NA,2.79e+09,6.05e+10,106.97079,136.86155,151.95274,1,"None","parabolic","box sum"
"8448",8448,8449,174.89194,67.50736,86.18595,NA,NA,NA,2.53e+09,5.31e+10,84.39584,173.41737,108.69783,1,"None","parabolic","box sum"
"8449",8449,8450,37.55364,66.68779,86.26394,NA,NA,NA,2.32e+09,4.97e+10,97.71009,136.57241,127.11531,1,"None","parabolic","box sum"
"8450",8450,8451,86.03417,66.07944,86.15742,NA,NA,NA,2.26e+09,5.11e+10,154.07556,136.36556,131.31183,1,"None","parabolic","box sum"
"8451",8451,8452,183.57712,63.66282,86.27276,NA,NA,NA,2.37e+09,5.08e+10,127.41943,191.77654,93.53602,1,"None","parabolic","box sum"
"8452",8452,8453,132.96912,63.72009,86.08717,NA,NA,NA,2.27e+09,5.04e+10,245.98764,152.74027,135.60098,1,"None","parabolic","box sum"
"8457",8457,8458,152.78537,60.8366,86.14917,NA,NA,NA,2.51e+09,5.37e+10,83.31642,152.44278,125.96166,1,"None","parabolic","box sum"
"8461",8461,8462,84.35188,57.17181,86.17114,NA,NA,NA,2.26e+09,5.11e+10,182.70045,156.33306,122.92129,1,"None","parabolic","box sum"
"8462",8462,8463,131.98478,56.27677,86.10785,NA,NA,NA,2.75e+09,5.77e+10,109.41117,115.23399,126.88583,1,"None","parabolic","box sum"
"8463",8463,8464,173.79627,55.83022,86.24446,NA,NA,NA,2.45e+09,5.5e+10,91.31969,129.41718,194.911,1,"None","parabolic","box sum"
"8464",8464,8465,175.5749,55.15107,86.08003,NA,NA,NA,2.5e+09,5.52e+10,112.73614,151.81798,140.68371,1,"None","parabolic","box sum"
"8465",8465,8466,178.86278,54.54846,86.14463,NA,NA,NA,2.32e+09,4.97e+10,99.30036,164.32035,103.598,1,"None","parabolic","box sum"
"8466",8466,8467,160.75341,53.76119,86.10948,NA,NA,NA,2.31e+09,4.95e+10,100.54131,137.31122,110.90791,1,"None","parabolic","box sum"
"8467",8467,8468,32.41358,52.55436,86.2204,NA,NA,NA,2.47e+09,5.4e+10,122.0625,135.44786,127.91389,1,"None","parabolic","box sum"
"8468",8468,8469,18.07881,51.40299,86.25833,NA,NA,NA,2.33e+09,5.08e+10,102.93038,169.60251,111.5734,1,"None","parabolic","box sum"
"8469",8469,8470,26.59923,50.84524,86.17812,NA,NA,NA,2.66e+09,5.62e+10,95.07429,157.88662,98.1335,1,"None","parabolic","box sum"
"8470",8470,8471,60.86992,50.34,86.08524,NA,NA,NA,2.26e+09,5.12e+10,219.57716,173.33007,121.63371,1,"None","parabolic","box sum"
"8471",8471,8472,145.51696,49.83054,86.02963,NA,NA,NA,2.46e+09,5.79e+10,255.29659,151.00104,182.11657,1,"None","parabolic","box sum"
"8472",8472,8473,170.45899,47.01425,86.11616,NA,NA,NA,2.55e+09,5.94e+10,160.1713,163.6728,134.3351,1,"None","parabolic","box sum"
"8477",8477,8478,101.31321,41.08481,86.21514,NA,NA,NA,2.29e+09,5.16e+10,141.26423,147.79335,135.06901,1,"None","parabolic","box sum"
"8481",8481,8482,77.02719,73.2737,85.82179,NA,NA,NA,2.62e+09,6.09e+10,133.40692,160.33288,143.08405,1,"None","parabolic","box sum"
"8482",8482,8483,184.44188,72.71519,85.84421,NA,NA,NA,2.33e+09,5.39e+10,94.89849,157.91114,176.08505,1,"None","parabolic","box sum"
"8483",8483,8484,105.60993,72.64968,85.92599,NA,NA,NA,2.46e+09,5.37e+10,107.89662,120.6575,142.76069,1,"None","parabolic","box sum"
"8484",8484,8485,183.13017,71.82708,85.8946,NA,NA,NA,2.54e+09,5.45e+10,108.33831,132.06481,114.86328,1,"None","parabolic","box sum"
"8485",8485,8486,129.90358,70.70442,85.86193,NA,NA,NA,2.33e+09,4.6e+10,85.98336,141.75683,89.08415,1,"None","parabolic","box sum"
"8486",8486,8487,143.74403,68.46656,85.81104,NA,NA,NA,2.8e+09,6.13e+10,120.25665,145.51266,124.30733,1,"None","parabolic","box sum"
"8487",8487,8488,55.99168,68.23772,85.75854,NA,NA,NA,2.26e+09,5.23e+10,90.61127,176.94779,186.39362,1,"None","parabolic","box sum"
"8488",8488,8489,113.08486,65.90892,85.77918,NA,NA,NA,2.33e+09,5.18e+10,104.64279,160.69001,134.27836,1,"None","parabolic","box sum"
"8489",8489,8490,179.97124,65.68622,85.85425,NA,NA,NA,2.3e+09,5.19e+10,151.20053,173.12135,107.78576,1,"None","parabolic","box sum"
"8490",8490,8491,146.56378,65.18777,85.71621,NA,NA,NA,2.68e+09,5.93e+10,115.08948,137.12472,156.94076,1,"None","parabolic","box sum"
"8491",8491,8492,187.19331,61.30295,85.84261,NA,NA,NA,2.35e+09,5.15e+10,100.10454,184.23694,112.54638,1,"None","parabolic","box sum"
"8492",8492,8493,188.10136,59.82325,85.87477,NA,NA,NA,2.81e+09,6.32e+10,116.16879,152.13987,136.5118,1,"None","parabolic","box sum"
"8497",8497,8498,120.61809,55.4237,85.91925,NA,NA,NA,2.3e+09,5.13e+10,122.57549,150.04975,121.31035,1,"None","parabolic","box sum"
"8501",8501,8502,86.36699,51.372,85.86259,NA,NA,NA,2.26e+09,5e+10,101.11293,147.58223,139.96941,1,"None","parabolic","box sum"
"8502",8502,8503,71.7207,49.01591,85.75645,NA,NA,NA,2.85e+09,6.24e+10,128.1109,129.67253,113.04998,1,"None","parabolic","box sum"
"8503",8503,8504,100.469,48.8786,85.77499,NA,NA,NA,2.76e+09,6.19e+10,114.9478,192.8286,114.42268,1,"None","parabolic","box sum"
"8504",8504,8505,140.85382,47.94785,85.68574,NA,NA,NA,3.13e+09,7.07e+10,102.01799,161.89039,174.56716,1,"None","parabolic","box sum"
"8505",8505,8506,81.37927,46.57553,85.76828,NA,NA,NA,2.42e+09,5.42e+10,88.95749,164.79808,183.36242,1,"None","parabolic","box sum"
"8506",8506,8507,22.50668,46.02138,85.70705,NA,NA,NA,2.25e+09,5.07e+10,168.02159,136.49303,123.70485,1,"None","parabolic","box sum"
"8507",8507,8508,136.56021,43.43998,85.89441,NA,NA,NA,2.36e+09,5.04e+10,100.21642,143.45205,107.17201,1,"None","parabolic","box sum"
"8508",8508,8509,130.79126,41.83083,85.86475,NA,NA,NA,2.4e+09,5.49e+10,150.62753,153.06717,185.78863,1,"None","parabolic","box sum"
"8509",8509,8510,33.90148,41.62479,85.8373,NA,NA,NA,2.37e+09,5.05e+10,94.53688,187.83265,124.31276,1,"None","parabolic","box sum"
"8510",8510,8511,185.58225,41.32108,85.87242,NA,NA,NA,2.4e+09,5.35e+10,129.8695,146.51161,167.64402,1,"None","parabolic","box sum"
"8511",8511,8512,79.08009,39.78641,85.68666,NA,NA,NA,3.03e+09,6.81e+10,133.35318,151.41535,115.21667,1,"None","parabolic","box sum"
"8512",8512,8513,101.17149,68.10656,85.56908,NA,NA,NA,2.3e+09,4.98e+10,103,141.68851,116.24974,1,"None","parabolic","box sum"
"8517",8517,8518,133.68132,63.99002,85.62052,NA,NA,NA,2.26e+09,5.27e+10,141.70271,198.19838,155.82091,1,"None","parabolic","box sum"
"8521",8521,8522,123.50339,58.25983,85.55565,NA,NA,NA,2.29e+09,5.28e+10,124.98776,128.34927,175.08954,1,"None","parabolic","box sum"
"8522",8522,8523,129.62922,57.85481,85.45274,NA,NA,NA,2.3e+09,5.29e+10,181.36057,143.24844,285.89314,1,"None","parabolic","box sum"
"8523",8523,8524,90.91458,45.53147,85.61375,NA,NA,NA,2.34e+09,5.28e+10,110.01943,146.1603,149.60706,1,"None","parabolic","box sum"
"8524",8524,8525,51.61907,45.50756,85.44728,NA,NA,NA,2.52e+09,5.65e+10,102.72519,185.92507,125.03332,1,"None","parabolic","box sum"
"8525",8525,8526,172.76681,43.29232,85.31781,NA,NA,NA,2.37e+09,5.42e+10,174.19122,143.91309,143.7875,1,"None","parabolic","box sum"
"8526",8526,8527,152.66471,42.49439,85.4,NA,NA,NA,2.29e+09,4.62e+10,88.63382,139.03064,95.2279,1,"None","parabolic","box sum"
"8527",8527,8528,16.46397,41.47359,85.47164,NA,NA,NA,2.54e+09,6.06e+10,119.59281,214.73247,224.71601,1,"None","parabolic","box sum"
"8528",8528,8529,83.39404,41.32943,85.49672,NA,NA,NA,2.39e+09,5.31e+10,100.51688,188.1268,118.67636,1,"None","parabolic","box sum"
"8529",8529,8530,50.97312,40.59619,85.38294,NA,NA,NA,2.46e+09,5.17e+10,131.78001,138.9159,98.28746,1,"None","parabolic","box sum"
"8530",8530,8531,38.84068,39.97435,85.63218,NA,NA,NA,2.43e+09,5.53e+10,105.52465,134.11605,159.13165,1,"None","parabolic","box sum"
"8531",8531,8532,184.55566,72.73776,85.18569,NA,NA,NA,2.41e+09,5.25e+10,107.49989,133.94714,181.68598,1,"None","parabolic","box sum"
"8532",8532,8533,16.31178,71.22226,85.09808,NA,NA,NA,2.54e+09,5.49e+10,109.43071,149.31865,110.35216,1,"None","parabolic","box sum"
"8537",8537,8538,29.70001,67.5204,85.04445,NA,NA,NA,2.32e+09,5.12e+10,207.87853,233.21973,116.66238,1,"None","parabolic","box sum"
"8541",8541,8542,113.68194,64.18184,85.08398,NA,NA,NA,2.26e+09,4.93e+10,120.40016,141.04086,109.54523,1,"None","parabolic","box sum"
"8542",8542,8543,53.11898,63.98766,85.06369,NA,NA,NA,2.38e+09,5.4e+10,103.78781,185.28858,155.47585,1,"None","parabolic","box sum"
"8543",8543,8544,187.93746,63.14584,85.02887,NA,NA,NA,2.62e+09,5.49e+10,88.12892,139.28264,114.82239,1,"None","parabolic","box sum"
"8544",8544,8545,75.45127,62.43211,85.11914,NA,NA,NA,2.41e+09,5.35e+10,100.13092,177.31276,113.83939,1,"None","parabolic","box sum"
"8545",8545,8546,118.23808,59.5351,85.1355,NA,NA,NA,2.37e+09,5.28e+10,109.56751,132.23016,136.98703,1,"None","parabolic","box sum"
"8546",8546,8547,17.91142,58.09096,85.1978,NA,NA,NA,2.29e+09,4.63e+10,96.88198,131.09007,95.78407,1,"None","parabolic","box sum"
"8547",8547,8548,61.75789,55.94904,85.03226,NA,NA,NA,2.77e+09,6.31e+10,116.40494,291.70248,113.66957,1,"None","parabolic","box sum"
"8548",8548,8549,21.33969,53.63967,85.12426,NA,NA,NA,2.34e+09,5.38e+10,143.1342,169.65801,139.34606,1,"None","parabolic","box sum"
"8549",8549,8550,84.86422,49.64441,85.11449,NA,NA,NA,2.58e+09,5.79e+10,91.50534,204.20402,147.02898,1,"None","parabolic","box sum"
"8550",8550,8551,94.00749,47.62836,85.1932,NA,NA,NA,2.32e+09,5.21e+10,129.42147,149.46145,131.83004,1,"None","parabolic","box sum"
"8551",8551,8552,36.73636,47.39924,85.13741,NA,NA,NA,2.61e+09,5.78e+10,109.42827,141.53278,148.44882,1,"None","parabolic","box sum"
"8552",8552,8553,179.1907,47.05164,85.21068,NA,NA,NA,2.58e+09,5.28e+10,104.58081,149.47563,90.80148,1,"None","parabolic","box sum"
"8557",8557,8558,164.27635,73.20186,84.81757,NA,NA,NA,2.58e+09,5.74e+10,97.62826,144.86936,137.11971,1,"None","parabolic","box sum"
"8561",8561,8562,106.19189,70.31705,84.69618,NA,NA,NA,2.35e+09,5.44e+10,101.66745,167.58337,281.1901,1,"None","parabolic","box sum"
"8562",8562,8563,28.61684,70.08731,84.89441,NA,NA,NA,2.56e+09,5.72e+10,126.32276,187.76725,104.00605,1,"None","parabolic","box sum"
"8563",8563,8564,66.85133,69.56487,84.7519,NA,NA,NA,2.37e+09,5.58e+10,145.67961,335.89486,132.19011,1,"None","parabolic","box sum"
"8564",8564,8565,104.00236,68.84153,84.83886,NA,NA,NA,2.37e+09,5.42e+10,107.22851,226.72044,112.7817,1,"None","parabolic","box sum"
"8565",8565,8566,136.83707,68.55421,84.6986,NA,NA,NA,2.6e+09,5.56e+10,107.23828,130.27668,117.40047,1,"None","parabolic","box sum"
"8566",8566,8567,170.04275,64.29795,84.84067,NA,NA,NA,2.53e+09,5.85e+10,138.93806,163.53074,168.56152,1,"None","parabolic","box sum"
"8567",8567,8568,70.28492,63.84021,84.92621,NA,NA,NA,2.4e+09,5.08e+10,106.65811,128.4638,105.27444,1,"None","parabolic","box sum"
"8568",8568,8569,130.78487,58.6847,84.76724,NA,NA,NA,2.45e+09,5.02e+10,94.20587,162.73966,92.18252,1,"None","parabolic","box sum"
"8569",8569,8570,62.46023,58.18788,84.87196,NA,NA,NA,2.5e+09,5.39e+10,105.97657,138.47885,116.74458,1,"None","parabolic","box sum"
"8570",8570,8571,186.8341,54.77801,84.88886,NA,NA,NA,2.35e+09,5.2e+10,120.87502,217.92763,105.23564,1,"None","parabolic","box sum"
"8571",8571,8572,172.10455,54.5693,84.93902,NA,NA,NA,2.5e+09,5.35e+10,116.11211,130.07474,120.09287,1,"None","parabolic","box sum"
"8572",8572,8573,94.34615,53.75611,84.65692,NA,NA,NA,2.63e+09,6.04e+10,109.08871,174.80499,147.84342,1,"None","parabolic","box sum"
"8577",8577,8578,44.28121,52.18901,84.92893,NA,NA,NA,2.29e+09,5.11e+10,98.91928,188.94416,138.47321,1,"None","parabolic","box sum"
"8581",8581,8582,118.39219,47.5996,84.86865,NA,NA,NA,2.48e+09,5.48e+10,127.47821,153.28038,125.71299,1,"None","parabolic","box sum"
"8582",8582,8583,175.03488,47.41516,84.82515,NA,NA,NA,2.29e+09,5.32e+10,126.6333,152.36706,152.24397,1,"None","parabolic","box sum"
"8583",8583,8584,54.19325,45.0149,84.72969,NA,NA,NA,2.32e+09,5.05e+10,111.14556,153.85073,110.25703,1,"None","parabolic","box sum"
"8584",8584,8585,17.42585,44.54243,84.76207,NA,NA,NA,2.52e+09,5.52e+10,116.73472,151.61729,110.24326,1,"None","parabolic","box sum"
"8585",8585,8586,83.92072,43.28692,84.77119,NA,NA,NA,2.64e+09,5.72e+10,111.41916,163.67406,100.30311,1,"None","parabolic","box sum"
"8586",8586,8587,99.62837,42.22918,84.88666,NA,NA,NA,2.33e+09,4.98e+10,101.9215,127.69318,118.74312,1,"None","parabolic","box sum"
"8587",8587,8588,153.44294,40.29993,84.69944,NA,NA,NA,2.38e+09,5.51e+10,119.90305,287.38558,172.2315,1,"None","parabolic","box sum"
"8588",8588,8589,187.3886,39.17183,84.82448,NA,NA,NA,2.26e+09,4.63e+10,102.01005,156.99083,89.32197,1,"None","parabolic","box sum"
"8589",8589,8590,37.76695,73.5815,84.32252,NA,NA,NA,2.29e+09,3.5e+10,104.77471,145.89964,158.39899,1,"None","parabolic","box sum"
"8590",8590,8591,166.69029,70.42427,84.40193,NA,NA,NA,2.35e+09,5.39e+10,112.61583,245.49992,118.1469,1,"None","parabolic","box sum"
"8591",8591,8592,66.73473,69.20004,84.43698,NA,NA,NA,2.48e+09,5.72e+10,129.42025,231.13758,119.06272,1,"None","parabolic","box sum"
"8592",8592,8593,23.73718,69.19787,84.38552,NA,NA,NA,2.3e+09,5e+10,103.69987,254.24397,149.41388,1,"None","parabolic","box sum"
"8597",8597,8598,166.10792,63.23588,84.61168,NA,NA,NA,2.72e+09,6.08e+10,151.98513,135.00789,128.47799,1,"None","parabolic","box sum"
"8601",8601,8602,39.16496,58.68382,84.54905,NA,NA,NA,2.54e+09,5.78e+10,209.55185,199.16928,117.26278,1,"None","parabolic","box sum"
"8602",8602,8603,91.51648,58.08249,84.50882,NA,NA,NA,2.35e+09,5.03e+10,121.1269,147.56137,108.54262,1,"None","parabolic","box sum"
"8603",8603,8604,72.01827,55.64921,84.55575,NA,NA,NA,2.26e+09,5.01e+10,114.27481,147.26263,137.37714,1,"None","parabolic","box sum"
"8604",8604,8605,152.93103,54.93737,84.47251,NA,NA,NA,2.38e+09,4.99e+10,98.60843,119.96645,120.33278,1,"None","parabolic","box sum"
"8605",8605,8606,44.42797,48.28668,84.46053,NA,NA,NA,2.49e+09,5.73e+10,143.41268,161.38136,130.86164,1,"None","parabolic","box sum"
"8606",8606,8607,108.64677,48.1254,84.42791,NA,NA,NA,2.38e+09,5.38e+10,105.94726,200.86408,134.10228,1,"None","parabolic","box sum"
"8607",8607,8608,20.21321,46.34151,84.42924,NA,NA,NA,2.25e+09,4.96e+10,113.5957,147.75455,137.66044,1,"None","parabolic","box sum"
"8608",8608,8609,151.57638,45.52254,84.4757,NA,NA,NA,2.43e+09,5.24e+10,116.94236,191.17802,101.60071,1,"None","parabolic","box sum"
"8609",8609,8610,147.65448,40.35893,84.42941,NA,NA,NA,2.33e+09,5e+10,122.19013,231.91744,89.29402,1,"None","parabolic","box sum"
"8610",8610,8611,16.19716,39.88866,84.62606,NA,NA,NA,2.28e+09,4.66e+10,115.48888,100.11536,113.22856,1,"None","parabolic","box sum"
"8611",8611,8612,53.69682,39.19124,84.36183,NA,NA,NA,2.36e+09,5e+10,90.22531,120.09954,125.30202,1,"None","parabolic","box sum"
"8612",8612,8613,127.97831,73.43065,84.06151,NA,NA,NA,2.5e+09,5.04e+10,90.57463,141.12312,90.97713,1,"None","parabolic","box sum"
"8617",8617,8618,29.73383,68.34105,84.03155,NA,NA,NA,2.49e+09,5.7e+10,109.97301,139.73607,158.95766,1,"None","parabolic","box sum"
"8621",8621,8622,159.90234,61.04848,84.23898,NA,NA,NA,2.53e+09,5.6e+10,116.79152,192.3323,100.64107,1,"None","parabolic","box sum"
"8622",8622,8623,56.45224,60.47595,84.1114,NA,NA,NA,2.39e+09,5.23e+10,103.80979,172.9289,143.02772,1,"None","parabolic","box sum"
"8623",8623,8624,58.15135,59.82458,84.2201,NA,NA,NA,2.51e+09,5.55e+10,123.67231,142.15466,118.06178,1,"None","parabolic","box sum"
"8624",8624,8625,111.79685,57.18033,84.1303,NA,NA,NA,2.31e+09,5.17e+10,101.67722,143.69655,144.70541,1,"None","parabolic","box sum"
"8625",8625,8626,49.72351,56.99481,83.99317,NA,NA,NA,2.57e+09,5.55e+10,94.55886,125.71111,153.69219,1,"None","parabolic","box sum"
"8626",8626,8627,46.27621,55.9871,84.00898,NA,NA,NA,2.4e+09,5.49e+10,103.3994,161.2322,142.10814,1,"None","parabolic","box sum"
"8627",8627,8628,182.50696,55.75014,84.07798,NA,NA,NA,2.37e+09,5.39e+10,129.50743,166.39566,128.3111,1,"None","parabolic","box sum"
"8628",8628,8629,101.13082,54.24578,84.10067,NA,NA,NA,2.92e+09,6.25e+10,101.7163,136.83474,112.47379,1,"None","parabolic","box sum"
"8629",8629,8630,132.45888,54.03525,84.0782,NA,NA,NA,2.26e+09,5.21e+10,111.93703,134.42689,156.7601,1,"None","parabolic","box sum"
"8630",8630,8631,146.32022,52.49178,84.17856,NA,NA,NA,2.36e+09,5.17e+10,92.6382,146.18701,142.9643,1,"None","parabolic","box sum"
"8631",8631,8632,160.72983,52.20746,84.07428,NA,NA,NA,2.55e+09,5.45e+10,106.55674,157.80026,107.42235,1,"None","parabolic","box sum"
"8632",8632,8633,103.57994,52.04959,84.22704,NA,NA,NA,2.31e+09,5.25e+10,125.76824,142.92133,143.40031,1,"None","parabolic","box sum"
"8637",8637,8638,108.71357,47.84132,84.21929,NA,NA,NA,2.62e+09,5.89e+10,98.66279,217.96268,146.86042,1,"None","parabolic","box sum"
"8641",8641,8642,144.74629,42.81152,83.97094,NA,NA,NA,2.37e+09,5.12e+10,164.52775,133.38673,118.44897,1,"None","parabolic","box sum"
"8642",8642,8643,42.55927,42.67905,84.02956,NA,NA,NA,2.69e+09,6.15e+10,113.73006,212.3217,149.73682,1,"None","parabolic","box sum"
"8643",8643,8644,147.96238,42.55356,84.05721,NA,NA,NA,2.28e+09,5.36e+10,163.89873,135.41698,187.84058,1,"None","parabolic","box sum"
"8644",8644,8645,42.34983,42.36425,84.21438,NA,NA,NA,2.55e+09,5.87e+10,135.44911,198.74078,121.42009,1,"None","parabolic","box sum"
"8645",8645,8646,23.3802,41.28803,84.11086,NA,NA,NA,3.01e+09,6.29e+10,123.97033,148.83977,99.49535,1,"None","parabolic","box sum"
"8646",8646,8647,183.287,41.08068,84.15462,NA,NA,NA,2.36e+09,5.29e+10,140.88086,140.59985,121.02038,1,"None","parabolic","box sum"
"8647",8647,8648,46.22992,73.3861,83.79786,NA,NA,NA,2.55e+09,5.59e+10,126.71361,138.26538,116.99075,1,"None","parabolic","box sum"
"8648",8648,8649,132.6911,69.198,83.8646,NA,NA,NA,2.74e+09,6.26e+10,110.05851,163.52724,148.8865,1,"None","parabolic","box sum"
"8649",8649,8650,94.4616,68.94084,83.75322,NA,NA,NA,2.4e+09,5.23e+10,92.90996,182.46631,127.69109,1,"None","parabolic","box sum"
"8650",8650,8651,73.59198,67.74664,83.76535,NA,NA,NA,2.52e+09,5.01e+10,97.43405,147.83956,80.69903,1,"None","parabolic","box sum"
"8651",8651,8652,128.59134,66.47037,83.80991,NA,NA,NA,3.22e+09,7.2e+10,99.64968,187.06943,129.83316,1,"None","parabolic","box sum"
"8652",8652,8653,135.85427,65.63226,83.68907,NA,NA,NA,2.26e+09,5.06e+10,256.70182,137.96555,153.31709,1,"None","parabolic","box sum"
"8657",8657,8658,40.88921,63.5738,83.69417,NA,NA,NA,2.28e+09,5e+10,140.16618,333.41342,104.58559,1,"None","parabolic","box sum"
"8661",8661,8662,78.24439,61.59273,83.71004,NA,NA,NA,2.28e+09,5.16e+10,121.30278,150.95556,118.23034,1,"None","parabolic","box sum"
"8662",8662,8663,176.21905,60.59842,83.6829,NA,NA,NA,2.3e+09,5.52e+10,199.42212,180.89721,216.73977,1,"None","parabolic","box sum"
"8663",8663,8664,75.96293,57.90629,83.6874,NA,NA,NA,2.35e+09,4.8e+10,85.62793,156.02097,97.99665,1,"None","parabolic","box sum"
"8664",8664,8665,166.54531,57.70856,83.72656,NA,NA,NA,2.26e+09,5.36e+10,150.43363,168.98438,152.1672,1,"None","parabolic","box sum"
"8665",8665,8666,105.55801,57.32103,83.71835,NA,NA,NA,2.54e+09,5.42e+10,95.32468,141.56449,114.49319,1,"None","parabolic","box sum"
"8666",8666,8667,140.08758,55.37874,83.64078,NA,NA,NA,2.26e+09,5.17e+10,144.09667,215.54148,135.64897,1,"None","parabolic","box sum"
"8667",8667,8668,187.8912,55.24766,83.7359,NA,NA,NA,2.36e+09,4.99e+10,132.3009,137.0734,95.5354,1,"None","parabolic","box sum"
"8668",8668,8669,173.55108,53.71986,83.74188,NA,NA,NA,2.28e+09,5.23e+10,119.6893,205.11359,130.26834,1,"None","parabolic","box sum"
"8669",8669,8670,124.59147,48.57125,83.87262,NA,NA,NA,2.39e+09,5.58e+10,125.70962,152.1889,164.28572,1,"None","parabolic","box sum"
"8670",8670,8671,30.99696,46.97424,83.71128,NA,NA,NA,2.28e+09,5.07e+10,98.82401,147.55678,159.66445,1,"None","parabolic","box sum"
"8671",8671,8672,43.68605,46.78128,83.65555,NA,NA,NA,2.64e+09,6.07e+10,186.81171,218.44292,117.91575,1,"None","parabolic","box sum"
"8672",8672,8673,107.86299,44.32286,83.80238,NA,NA,NA,2.42e+09,5.16e+10,82.61961,192.5649,106.04423,1,"None","parabolic","box sum"
"8677",8677,8678,59.03026,41.13943,83.837,NA,NA,NA,2.4e+09,5.25e+10,103.7585,156.66038,113.86442,1,"None","parabolic","box sum"
"8681",8681,8682,59.91043,73.43885,83.43009,NA,NA,NA,2.27e+09,5.02e+10,105.21685,180.26583,114.94547,1,"None","parabolic","box sum"
"8682",8682,8683,68.01615,72.76399,83.43156,NA,NA,NA,2.42e+09,5.04e+10,101.83112,136.14419,105.00407,1,"None","parabolic","box sum"
"8683",8683,8684,49.90945,70.25208,83.38568,NA,NA,NA,2.27e+09,5.11e+10,137.41069,142.80784,131.37358,1,"None","parabolic","box sum"
"8684",8684,8685,127.71421,70.06768,83.50984,NA,NA,NA,2.46e+09,5.73e+10,127.16553,179.0389,132.21639,1,"None","parabolic","box sum"
"8685",8685,8686,53.6663,68.34927,83.58528,NA,NA,NA,2.44e+09,5.71e+10,133.69517,165.51165,193.72106,1,"None","parabolic","box sum"
"8686",8686,8687,181.33529,66.66488,83.53516,NA,NA,NA,2.5e+09,5.45e+10,102.53327,137.65898,121.09005,1,"None","parabolic","box sum"
"8687",8687,8688,141.80675,65.20624,83.55568,NA,NA,NA,2.45e+09,5.21e+10,132.54094,124.03499,118.30044,1,"None","parabolic","box sum"
"8688",8688,8689,110.55722,64.03951,83.40338,NA,NA,NA,2.28e+09,5.08e+10,139.08035,134.29275,152.30238,1,"None","parabolic","box sum"
"8689",8689,8690,170.07482,61.89052,83.52033,NA,NA,NA,2.32e+09,5.17e+10,114.47787,194.01395,136.57856,1,"None","parabolic","box sum"
"8690",8690,8691,180.4599,61.35646,83.4435,NA,NA,NA,2.28e+09,4.81e+10,162.20662,123.14034,117.26779,1,"None","parabolic","box sum"
"8691",8691,8692,97.49566,60.83373,83.40582,NA,NA,NA,2.58e+09,5.59e+10,99.48113,128.92672,133.22484,1,"None","parabolic","box sum"
"8692",8692,8693,119.72958,59.72566,83.32559,NA,NA,NA,2.26e+09,5.12e+10,97.62337,152.49994,149.41138,1,"None","parabolic","box sum"
"8697",8697,8698,92.03548,53.81802,83.30063,NA,NA,NA,2.42e+09,5.62e+10,126.70506,179.71373,150.35766,1,"None","parabolic","box sum"
"8701",8701,8702,17.78621,46.94948,83.48007,NA,NA,NA,2.5e+09,5.48e+10,85.54976,130.71144,169.67678,1,"None","parabolic","box sum"
"8702",8702,8703,152.57417,45.46778,83.33161,NA,NA,NA,2.6e+09,6.06e+10,111.38374,141.18481,230.63153,1,"None","parabolic","box sum"
"8703",8703,8704,145.2498,44.98611,83.39854,NA,NA,NA,2.27e+09,4.9e+10,99.17944,138.0952,122.19113,1,"None","parabolic","box sum"
"8704",8704,8705,86.90649,45.05077,83.46093,NA,NA,NA,2.66e+09,5.84e+10,107.81845,155.82383,114.57956,1,"None","parabolic","box sum"
"8705",8705,8706,27.69837,44.13242,83.51519,NA,NA,NA,2.41e+09,4.98e+10,94.04343,144.59068,92.59808,1,"None","parabolic","box sum"
"8706",8706,8707,22.86487,43.94189,83.40679,NA,NA,NA,2.39e+09,4.82e+10,91.03877,167.47254,96.03232,1,"None","parabolic","box sum"
"8707",8707,8708,90.72051,43.45977,83.44236,NA,NA,NA,2.38e+09,5.39e+10,116.04096,188.78436,125.86904,1,"None","parabolic","box sum"
"8708",8708,8709,100.86889,42.20181,83.42405,NA,NA,NA,2.34e+09,4.92e+10,126.20062,119.03477,107.02223,1,"None","parabolic","box sum"
"8709",8709,8710,143.86971,41.84766,83.5566,NA,NA,NA,2.47e+09,5.45e+10,116.01348,133.60703,124.05783,1,"None","parabolic","box sum"
"8710",8710,8711,141.15623,73.17789,83.01135,NA,NA,NA,2.36e+09,5.33e+10,120.26764,187.79839,120.0887,1,"None","parabolic","box sum"
"8711",8711,8712,21.18939,71.64422,83.0145,NA,NA,NA,2.27e+09,5.16e+10,134.54039,157.14489,151.62438,1,"None","parabolic","box sum"
"8712",8712,8713,35.59049,69.70763,83.05782,NA,NA,NA,3.35e+09,7.61e+10,158.01826,165.16848,145.24239,1,"None","parabolic","box sum"
"8717",8717,8718,122.76255,57.06499,83.08917,NA,NA,NA,2.47e+09,5.53e+10,123.71994,154.04162,146.59715,1,"None","parabolic","box sum"
"8721",8721,8722,159.76683,52.06954,83.05094,NA,NA,NA,2.63e+09,5.94e+10,101.25889,183.93779,135.79041,1,"None","parabolic","box sum"
"8722",8722,8723,154.00869,50.90193,83.16693,NA,NA,NA,2.32e+09,4.94e+10,101.7444,116.64444,125.41676,1,"None","parabolic","box sum"
"8723",8723,8724,92.39063,50.7886,83.09698,NA,NA,NA,2.8e+09,6.03e+10,90.48058,164.89196,136.53183,1,"None","parabolic","box sum"
"8724",8724,8725,111.18253,50.07877,83.22038,NA,NA,NA,2.53e+09,5.49e+10,95.28926,146.76154,115.95726,1,"None","parabolic","box sum"
"8725",8725,8726,84.95736,49.56933,83.12617,NA,NA,NA,2.49e+09,5.24e+10,99.35166,171.64987,269.46002,1,"None","parabolic","box sum"
"8726",8726,8727,57.32985,48.56517,83.11844,NA,NA,NA,2.48e+09,5.79e+10,115.2275,151.74162,171.68993,1,"None","parabolic","box sum"
"8727",8727,8728,109.09714,47.16531,83.16373,NA,NA,NA,2.89e+09,6.27e+10,165.50671,153.18441,111.23794,1,"None","parabolic","box sum"
"8728",8728,8729,84.45433,45.63642,83.19934,NA,NA,NA,2.33e+09,5.01e+10,137.14198,132.43711,113.59698,1,"None","parabolic","box sum"
"8729",8729,8730,98.87274,43.24112,83.03545,NA,NA,NA,2.26e+09,4.99e+10,106.86453,145.46102,267.56245,1,"None","parabolic","box sum"
"8730",8730,8731,69.22581,43.29902,83.17576,NA,NA,NA,2.37e+09,4.81e+10,101.92639,168.39796,85.19304,1,"None","parabolic","box sum"
"8731",8731,8732,60.96361,42.84502,83.11157,NA,NA,NA,2.67e+09,5.37e+10,106.67277,141.49898,86.38132,1,"None","parabolic","box sum"
"8732",8732,8733,180.63065,40.49646,83.2763,NA,NA,NA,2.8e+09,6.2e+10,109.22979,156.26317,125.02497,1,"None","parabolic","box sum"
"8737",8737,8738,162.40403,66.06188,82.62711,NA,NA,NA,2.37e+09,5.21e+10,154.43954,231.49228,95.06977,1,"None","parabolic","box sum"
"8741",8741,8742,59.97697,62.67009,82.80722,NA,NA,NA,2.56e+09,5.77e+10,95.38209,188.39592,128.3958,1,"None","parabolic","box sum"
"8742",8742,8743,67.36302,61.3662,82.88213,NA,NA,NA,2.34e+09,5.13e+10,116.89106,164.09066,106.04423,1,"None","parabolic","box sum"
"8743",8743,8744,184.35462,58.74835,82.68825,NA,NA,NA,2.36e+09,5.46e+10,122.2654,185.59796,130.6985,1,"None","parabolic","box sum"
"8744",8744,8745,102.25183,48.69768,82.79624,NA,NA,NA,2.46e+09,5.15e+10,81.3237,119.23337,151.27474,1,"None","parabolic","box sum"
"8745",8745,8746,94.96239,48.05388,82.66501,NA,NA,NA,3.45e+09,7.33e+10,191.30892,137.7973,141.14851,1,"None","parabolic","box sum"
"8746",8746,8747,63.87627,48.05699,82.91222,NA,NA,NA,2.27e+09,4.91e+10,125.33587,122.38973,116.8977,1,"None","parabolic","box sum"
"8747",8747,8748,177.88066,45.009,82.84305,NA,NA,NA,2.5e+09,5.26e+10,100.41001,120.18675,139.61351,1,"None","parabolic","box sum"
"8748",8748,8749,113.20694,43.41818,82.64929,NA,NA,NA,2.59e+09,5.65e+10,92.18933,166.27508,120.78422,1,"None","parabolic","box sum"
"8749",8749,8750,133.1908,43.13441,82.75696,NA,NA,NA,2.28e+09,5.17e+10,144.60478,182.27929,109.38418,1,"None","parabolic","box sum"
"8750",8750,8751,142.23353,42.60625,82.79276,NA,NA,NA,2.34e+09,4.97e+10,122.54678,132.1972,119.35729,1,"None","parabolic","box sum"
"8751",8751,8752,58.28824,41.96288,82.72812,NA,NA,NA,2.43e+09,5.47e+10,87.92662,181.21743,153.00292,1,"None","parabolic","box sum"
"8752",8752,8753,108.40108,40.79982,82.71331,NA,NA,NA,2.26e+09,4.57e+10,81.90264,125.69839,108.02442,1,"None","parabolic","box sum"
"8757",8757,8758,157.81772,69.56627,82.53253,NA,NA,NA,2.32e+09,5.26e+10,165.51221,138.3459,130.76651,1,"None","parabolic","box sum"
"8761",8761,8762,54.15392,67.63781,82.38219,NA,NA,NA,2.37e+09,5.32e+10,118.47645,127.16538,194.56053,1,"None","parabolic","box sum"
"8762",8762,8763,81.654,65.92263,82.46223,NA,NA,NA,2.33e+09,5.27e+10,128.79489,169.11727,120.41956,1,"None","parabolic","box sum"
"8763",8763,8764,91.36493,65.77217,82.47054,NA,NA,NA,2.52e+09,6.13e+10,135.99386,198.21507,209.82832,1,"None","parabolic","box sum"
"8764",8764,8765,60.59503,64.50217,82.49332,NA,NA,NA,2.37e+09,5.09e+10,98.25972,153.57035,112.74123,1,"None","parabolic","box sum"
"8765",8765,8766,187.51639,63.11549,82.43004,NA,NA,NA,2.28e+09,5.27e+10,142.54213,160.3775,151.78835,1,"None","parabolic","box sum"
"8766",8766,8767,119.17579,60.82601,82.44484,NA,NA,NA,2.26e+09,5.29e+10,155.20537,143.42597,149.62375,1,"None","parabolic","box sum"
"8767",8767,8768,74.92692,57.50064,82.46836,NA,NA,NA,2.47e+09,5.54e+10,93.56708,127.24924,194.40949,1,"None","parabolic","box sum"
"8768",8768,8769,122.07982,56.43126,82.43991,NA,NA,NA,2.29e+09,5.04e+10,106.82911,159.7164,131.58596,1,"None","parabolic","box sum"
"8769",8769,8770,99.83825,53.76522,82.57462,NA,NA,NA,2.41e+09,5.44e+10,103.34322,180.63581,131.45202,1,"None","parabolic","box sum"
"8770",8770,8771,83.36244,53.53825,82.31089,NA,NA,NA,2.4e+09,5.19e+10,108.47313,118.67386,133.61996,1,"None","parabolic","box sum"
"8771",8771,8772,51.13416,51.9663,82.55847,NA,NA,NA,2.33e+09,5.2e+10,88.9355,138.46236,185.17238,1,"None","parabolic","box sum"
"8772",8772,8773,64.63862,49.32977,82.42799,NA,NA,NA,2.84e+09,6.44e+10,111.34099,177.47653,148.75215,1,"None","parabolic","box sum"
"8777",8777,8778,95.26705,44.35954,82.36831,NA,NA,NA,2.34e+09,5.22e+10,211.50855,133.13931,114.25829,1,"None","parabolic","box sum"
"8781",8781,8782,48.74896,39.81451,82.54481,NA,NA,NA,2.32e+09,5.37e+10,97.0432,363.91479,179.60733,1,"None","parabolic","box sum"
"8782",8782,8783,170.10415,71.77115,82.10505,NA,NA,NA,2.3e+09,4.91e+10,121.38248,131.84832,107.55211,1,"None","parabolic","box sum"
"8783",8783,8784,50.51886,71.76196,82.16236,NA,NA,NA,2.67e+09,5.87e+10,95.19155,143.26927,131.55466,1,"None","parabolic","box sum"
"8784",8784,8785,183.04987,71.21303,82.15037,NA,NA,NA,2.32e+09,4.96e+10,88.23976,138.69098,136.46924,1,"None","parabolic","box sum"
"8785",8785,8786,97.00093,71.01148,82.10006,NA,NA,NA,2.31e+09,5.27e+10,122.5364,136.08539,212.9972,1,"None","parabolic","box sum"
"8786",8786,8787,49.71081,69.58044,82.24206,NA,NA,NA,2.28e+09,5.1e+10,99.56418,164.83594,129.94248,1,"None","parabolic","box sum"
"8787",8787,8788,122.00433,67.87556,82.0287,NA,NA,NA,2.31e+09,5.16e+10,114.63268,136.38131,173.32172,1,"None","parabolic","box sum"
"8788",8788,8789,166.03291,67.40836,82.14339,NA,NA,NA,2.27e+09,4.87e+10,93.92923,127.25665,133.19731,1,"None","parabolic","box sum"
"8789",8789,8790,67.91915,67.3933,82.22668,NA,NA,NA,2.7e+09,6.02e+10,109.72629,138.86301,140.23894,1,"None","parabolic","box sum"
"8790",8790,8791,85.3501,65.87579,82.04226,NA,NA,NA,2.47e+09,5.57e+10,120.88262,163.55953,116.18048,1,"None","parabolic","box sum"
"8791",8791,8792,94.05029,65.52168,82.17045,NA,NA,NA,2.59e+09,6.12e+10,96.28837,215.82437,240.09436,1,"None","parabolic","box sum"
"8792",8792,8793,158.83659,64.72979,82.06917,NA,NA,NA,2.42e+09,5.14e+10,114.12885,124.84702,111.44865,1,"None","parabolic","box sum"
"8797",8797,8798,78.84201,58.41645,82.05302,NA,NA,NA,2.56e+09,5.57e+10,102.90107,151.99968,120.9749,1,"None","parabolic","box sum"
"8801",8801,8802,125.86524,55.55601,82.04309,NA,NA,NA,2.85e+09,5.96e+10,114.0122,152.47053,95.53832,1,"None","parabolic","box sum"
"8802",8802,8803,120.84948,54.27853,82.08783,NA,NA,NA,2.56e+09,5.7e+10,119.53296,153.35339,121.93328,1,"None","parabolic","box sum"
"8803",8803,8804,56.97055,53.83237,82.0333,NA,NA,NA,3.4e+09,7.5e+10,93.50845,151.2664,138.63885,1,"None","parabolic","box sum"
"8804",8804,8805,21.28392,51.7504,82.10069,NA,NA,NA,2.37e+09,5.15e+10,99.58861,178.54464,118.87079,1,"None","parabolic","box sum"
"8805",8805,8806,35.00384,50.26147,82.27965,NA,NA,NA,2.55e+09,5.86e+10,220.3271,170.46076,153.67717,1,"None","parabolic","box sum"
"8806",8806,8807,164.93751,48.84533,82.19771,NA,NA,NA,2.32e+09,5.19e+10,100.82834,128.24851,188.26282,1,"None","parabolic","box sum"
"8807",8807,8808,111.12609,48.02222,82.00455,NA,NA,NA,2.27e+09,4.75e+10,85.32014,123.01809,124.09621,1,"None","parabolic","box sum"
"8808",8808,8809,35.63658,47.62433,82.00418,NA,NA,NA,2.44e+09,5.21e+10,117.52619,122.50447,107.31971,1,"None","parabolic","box sum"
"8809",8809,8810,167.37394,47.07326,82.18432,NA,NA,NA,2.26e+09,4.68e+10,84.10637,124.92818,137.74514,1,"None","parabolic","box sum"
"8810",8810,8811,181.46954,45.38357,82.13835,NA,NA,NA,2.3e+09,4.9e+10,124.07736,187.51222,90.01124,1,"None","parabolic","box sum"
"8811",8811,8812,188.8398,43.41087,81.96489,NA,NA,NA,2.42e+09,5.54e+10,118.76962,221.11362,159.10035,1,"None","parabolic","box sum"
"8812",8812,8813,172.19146,41.59379,82.0669,NA,NA,NA,2.49e+09,5.34e+10,100.52665,127.94477,122.88541,1,"None","parabolic","box sum"
"8817",8817,8818,114.9075,68.19992,81.90484,NA,NA,NA,2.27e+09,4.91e+10,122.72083,204.84176,97.89568,1,"None","parabolic","box sum"
"8821",8821,8822,51.67006,61.83621,81.6533,NA,NA,NA,2.25e+09,4.98e+10,98.14247,161.79943,122.01047,1,"None","parabolic","box sum"
"8822",8822,8823,62.04167,61.6598,81.77078,NA,NA,NA,2.29e+09,4.95e+10,103.74872,133.53318,125.31704,1,"None","parabolic","box sum"
"8823",8823,8824,112.92254,60.67471,81.79025,NA,NA,NA,2.62e+09,5.97e+10,112.5001,158.74216,140.03116,1,"None","parabolic","box sum"
"8824",8824,8825,92.81675,60.14265,81.71316,NA,NA,NA,2.33e+09,5.01e+10,104.18354,126.65364,125.4614,1,"None","parabolic","box sum"
"8825",8825,8826,101.54221,59.47107,81.67087,NA,NA,NA,2.57e+09,6e+10,151.41412,155.05216,172.51146,1,"None","parabolic","box sum"
"8826",8826,8827,146.1691,57.67406,81.77566,NA,NA,NA,2.29e+09,4.99e+10,113.56883,151.50276,111.29218,1,"None","parabolic","box sum"
"8827",8827,8828,43.89031,57.26781,81.7745,NA,NA,NA,2.52e+09,5.57e+10,149.06047,139.99924,136.6958,1,"None","parabolic","box sum"
"8828",8828,8829,83.53796,53.57227,81.8334,NA,NA,NA,2.32e+09,5.31e+10,134.43534,125.965,157.0096,1,"None","parabolic","box sum"
"8829",8829,8830,153.26507,51.39402,81.85167,NA,NA,NA,2.25e+09,4.56e+10,91.77833,108.23637,124.94904,1,"None","parabolic","box sum"
"8830",8830,8831,91.65805,51.29168,81.64005,NA,NA,NA,2.36e+09,5.25e+10,102.91939,124.73416,183.34198,1,"None","parabolic","box sum"
"8831",8831,8832,137.49321,47.50131,81.89357,NA,NA,NA,2.26e+09,5.07e+10,90.67357,157.78023,177.96803,1,"None","parabolic","box sum"
"8832",8832,8833,55.48979,47.39436,81.75552,NA,NA,NA,2.27e+09,4.64e+10,79.14227,135.24926,108.52259,1,"None","parabolic","box sum"
"8837",8837,8838,34.01147,43.62234,81.73483,NA,NA,NA,2.53e+09,5.48e+10,150.87304,154.82539,96.86387,1,"None","parabolic","box sum"
"8841",8841,8842,24.60193,42.14443,81.67368,NA,NA,NA,3.43e+09,7.79e+10,130.79311,153.21362,131.79207,1,"None","parabolic","box sum"
"8842",8842,8843,71.74687,41.45519,81.7964,NA,NA,NA,2.63e+09,5.88e+10,96.83801,193.05432,122.50614,1,"None","parabolic","box sum"
"8843",8843,8844,134.02818,41.35051,81.83331,NA,NA,NA,2.39e+09,4.85e+10,113.06806,130.2796,87.84914,1,"None","parabolic","box sum"
"8844",8844,8845,70.98498,39.02328,81.74986,NA,NA,NA,2.58e+09,5.62e+10,94.77871,144.07247,129.3909,1,"None","parabolic","box sum"
"8845",8845,8846,164.13375,38.92423,81.80445,NA,NA,NA,2.71e+09,4.13e+10,123.07748,180.86404,113.34538,1,"None","parabolic","box sum"
"8846",8846,8847,140.03563,71.97597,81.42044,NA,NA,NA,2.43e+09,5.28e+10,93.58357,167.79634,120.22054,1,"None","parabolic","box sum"
"8847",8847,8848,108.44964,69.94354,81.2775,NA,NA,NA,2.28e+09,4.79e+10,134.06404,146.93589,111.10902,1,"None","parabolic","box sum"
"8848",8848,8849,98.7913,67.73601,81.54476,NA,NA,NA,2.9e+09,6.47e+10,117.03763,178.13095,126.61088,1,"None","parabolic","box sum"
"8849",8849,8850,92.14063,67.31453,81.46949,NA,NA,NA,2.26e+09,4.97e+10,94.87154,176.56226,122.74063,1,"None","parabolic","box sum"
"8850",8850,8851,75.26205,66.87563,81.41301,NA,NA,NA,2.63e+09,5.56e+10,134.09824,153.83749,93.52767,1,"None","parabolic","box sum"
"8851",8851,8852,132.883,65.311,81.47713,NA,NA,NA,2.32e+09,5.08e+10,94.45748,161.56328,118.33632,1,"None","parabolic","box sum"
"8852",8852,8853,169.56568,65.12181,81.48664,NA,NA,NA,2.46e+09,5.3e+10,107.15492,140.04378,110.01045,1,"None","parabolic","box sum"
"8857",8857,8858,72.42233,55.98083,81.46457,NA,NA,NA,2.34e+09,4.88e+10,111.74405,123.88447,99.40356,1,"None","parabolic","box sum"
"8861",8861,8862,154.77214,52.19358,81.38136,NA,NA,NA,2.45e+09,5.37e+10,133.06615,125.68378,121.57363,1,"None","parabolic","box sum"
"8862",8862,8863,47.42273,48.41712,81.34623,NA,NA,NA,2.41e+09,5.58e+10,160.29985,137.66545,208.09263,1,"None","parabolic","box sum"
"8863",8863,8864,90.96473,45.70785,81.47354,NA,NA,NA,2.36e+09,5.29e+10,111.23595,174.21335,137.06589,1,"None","parabolic","box sum"
"8864",8864,8865,41.50696,44.89252,81.37847,NA,NA,NA,2.32e+09,5.21e+10,85.0441,256.45614,143.19628,1,"None","parabolic","box sum"
"8865",8865,8866,161.49863,44.78014,81.42587,NA,NA,NA,3.01e+09,6.27e+10,118.65294,137.49063,102.89246,1,"None","parabolic","box sum"
"8866",8866,8867,176.83451,44.08959,81.41659,NA,NA,NA,2.43e+09,5.47e+10,98.32721,275.87998,125.99546,1,"None","parabolic","box sum"
"8867",8867,8868,96.13821,42.58102,81.41584,NA,NA,NA,2.55e+09,5.83e+10,108.21052,190.8893,138.76778,1,"None","parabolic","box sum"
"8868",8868,8869,77.56927,42.53116,81.28737,NA,NA,NA,2.25e+09,5.35e+10,134.73093,188.20816,208.14312,1,"None","parabolic","box sum"
"8869",8869,8870,158.47053,41.89411,81.44439,NA,NA,NA,3.02e+09,6.51e+10,95.82363,153.89037,118.15983,1,"None","parabolic","box sum"
"8870",8870,8871,141.82339,41.45721,81.30496,NA,NA,NA,2.43e+09,5.61e+10,210.75921,155.24596,136.51139,1,"None","parabolic","box sum"
"8871",8871,8872,141.38727,41.57116,81.43872,NA,NA,NA,2.55e+09,5.93e+10,206.32612,193.71313,123.01642,1,"None","parabolic","box sum"
"8872",8872,8873,32.01261,41.418,81.36766,NA,NA,NA,2.52e+09,5.66e+10,154.62764,182.80792,103.79076,1,"None","parabolic","box sum"
"8877",8877,8878,138.92629,68.82886,80.97684,NA,NA,NA,2.46e+09,5.43e+10,118.9418,167.31921,116.34445,1,"None","parabolic","box sum"
"8881",8881,8882,25.48233,64.87528,81.26792,NA,NA,NA,2.25e+09,5.03e+10,106.65567,148.23885,173.5124,1,"None","parabolic","box sum"
"8882",8882,8883,80.66705,62.48403,81.14623,NA,NA,NA,2.58e+09,5.74e+10,93.41807,152.13946,141.33334,1,"None","parabolic","box sum"
"8883",8883,8884,154.98266,61.67901,81.17227,NA,NA,NA,2.25e+09,5e+10,95.10605,166.54336,127.49499,1,"None","parabolic","box sum"
"8884",8884,8885,63.77128,61.2866,81.16452,NA,NA,NA,2.38e+09,5.25e+10,117.65322,130.29712,138.67474,1,"None","parabolic","box sum"
"8885",8885,8886,56.31736,60.90403,81.06749,NA,NA,NA,2.38e+09,5.41e+10,116.10692,162.7987,144.06246,1,"None","parabolic","box sum"
"8886",8886,8887,112.97724,60.45164,81.2077,NA,NA,NA,2.44e+09,5.58e+10,111.40084,146.61071,159.06531,1,"None","parabolic","box sum"
"8887",8887,8888,122.8261,60.03722,81.22249,NA,NA,NA,2.26e+09,4.88e+10,110.57517,136.39978,118.86328,1,"None","parabolic","box sum"
"8888",8888,8889,69.64495,58.68123,81.02517,NA,NA,NA,2.33e+09,5.1e+10,112.34254,177.28648,101.49473,1,"None","parabolic","box sum"
"8889",8889,8890,162.44726,57.66448,81.01435,NA,NA,NA,2.48e+09,5.18e+10,177.6139,164.10798,80.17164,1,"None","parabolic","box sum"
"8890",8890,8891,162.59377,57.59529,81.03772,NA,NA,NA,2.36e+09,5.41e+10,214.89612,194.28015,115.63474,1,"None","parabolic","box sum"
"8891",8891,8892,111.82886,56.40131,80.98954,NA,NA,NA,2.63e+09,5.99e+10,125.28823,176.85965,124.34864,1,"None","parabolic","box sum"
"8892",8892,8893,51.99448,54.56836,80.97182,NA,NA,NA,2.36e+09,5.35e+10,115.80401,196.31374,135.97274,1,"None","parabolic","box sum"
"8897",8897,8898,151.28607,41.62196,81.09977,NA,NA,NA,2.43e+09,5.72e+10,194.11755,199.08959,137.28535,1,"None","parabolic","box sum"
"8901",8901,8902,98.28366,40.01371,81.07924,NA,NA,NA,3.47e+09,7.12e+10,92.51423,154.07187,97.08792,1,"None","parabolic","box sum"
"8902",8902,8903,40.41066,39.8139,80.99533,NA,NA,NA,2.37e+09,5.07e+10,87.87044,190.97441,116.51677,1,"None","parabolic","box sum"
"8903",8903,8904,163.92177,39.07904,81.19195,NA,NA,NA,2.29e+09,5.12e+10,143.81331,138.60214,142.5525,1,"None","parabolic","box sum"
"8904",8904,8905,180.12418,69.47701,80.70701,NA,NA,NA,2.35e+09,5.31e+10,91.9907,141.44109,205.86503,1,"None","parabolic","box sum"
"8905",8905,8906,94.30906,68.25902,80.73962,NA,NA,NA,2.56e+09,5.57e+10,137.63787,137.59786,112.28019,1,"None","parabolic","box sum"
"8906",8906,8907,165.3887,66.92685,80.60916,NA,NA,NA,2.33e+09,5.23e+10,87.05881,266.09275,129.52816,1,"None","parabolic","box sum"
"8907",8907,8908,90.04965,66.40639,80.78215,NA,NA,NA,2.38e+09,4.99e+10,84.44561,136.19001,143.57179,1,"None","parabolic","box sum"
"8908",8908,8909,158.73605,62.40033,80.78819,NA,NA,NA,2.44e+09,5.47e+10,151.33412,143.21193,114.64757,1,"None","parabolic","box sum"
"8909",8909,8910,114.26718,61.52209,80.85283,NA,NA,NA,2.29e+09,5.24e+10,228.30533,159.82822,129.9696,1,"None","parabolic","box sum"
"8910",8910,8911,174.98902,61.35639,80.93193,NA,NA,NA,2.41e+09,5.43e+10,93.04371,140.94219,165.66759,1,"None","parabolic","box sum"
"8911",8911,8912,78.43458,60.5057,80.66269,NA,NA,NA,2.69e+09,5.68e+10,130.20928,141.02376,98.65755,1,"None","parabolic","box sum"
"8912",8912,8913,85.45574,56.42331,80.83247,NA,NA,NA,2.3e+09,5.39e+10,188.32381,142.81952,165.24786,1,"None","parabolic","box sum"
"8917",8917,8918,20.05459,51.65118,80.90813,NA,NA,NA,2.31e+09,5.17e+10,83.75185,142.27086,161.2078,1,"None","parabolic","box sum"
"8921",8921,8922,182.57913,46.44876,80.59761,NA,NA,NA,2.9e+09,6.36e+10,102.14914,176.6358,256.6368,1,"None","parabolic","box sum"
"8922",8922,8923,180.08438,46.02847,80.70154,NA,NA,NA,2.25e+09,5.01e+10,96.98824,174.44617,132.27189,1,"None","parabolic","box sum"
"8923",8923,8924,30.15391,45.08683,80.69118,NA,NA,NA,2.54e+09,5.6e+10,97.4023,143.2839,136.49762,1,"None","parabolic","box sum"
"8924",8924,8925,131.92973,44.37677,80.70933,NA,NA,NA,3e+09,6.51e+10,142.25357,155.17336,101.758,1,"None","parabolic","box sum"
"8925",8925,8926,25.53846,43.74626,80.81732,NA,NA,NA,2.36e+09,5.21e+10,117.29901,173.16401,124.38869,1,"None","parabolic","box sum"
"8926",8926,8927,44.47588,41.88334,80.73968,NA,NA,NA,2.39e+09,5.02e+10,92.01589,127.91473,129.84484,1,"None","parabolic","box sum"
"8927",8927,8928,151.17485,41.43719,80.75906,NA,NA,NA,2.49e+09,5.52e+10,133.78311,169.45189,122.21658,1,"None","parabolic","box sum"
"8928",8928,8929,180.06906,39.50785,80.73788,NA,NA,NA,2.56e+09,5.61e+10,117.87673,150.81286,109.58236,1,"None","parabolic","box sum"
"8929",8929,8930,175.41987,73.11223,80.39062,NA,NA,NA,2.92e+09,6.63e+10,392.52162,220.32836,122.46108,1,"None","parabolic","box sum"
"8930",8930,8931,21.29042,72.8434,80.49376,NA,NA,NA,3.5e+09,8.01e+10,111.89306,212.57274,122.97094,1,"None","parabolic","box sum"
"8931",8931,8932,59.88924,71.11585,80.40655,NA,NA,NA,2.78e+09,5.86e+10,96.95037,119.29791,119.81791,1,"None","parabolic","box sum"
"8932",8932,8933,65.37334,69.78124,80.42491,NA,NA,NA,2.6e+09,5.47e+10,106.77293,158.39784,99.64305,1,"None","parabolic","box sum"
"8937",8937,8938,75.38135,59.71155,80.49832,NA,NA,NA,2.35e+09,5.27e+10,128.81687,134.61715,128.42584,1,"None","parabolic","box sum"
"8941",8941,8942,159.03508,55.7635,80.5356,NA,NA,NA,2.31e+09,5.09e+10,96.92228,123.27844,198.08781,1,"None","parabolic","box sum"
"8942",8942,8943,97.43608,55.03794,80.4865,NA,NA,NA,2.27e+09,5.18e+10,133.47776,233.81752,121.1201,1,"None","parabolic","box sum"
"8943",8943,8944,180.80829,54.5214,80.28867,NA,NA,NA,2.65e+09,6.28e+10,155.79714,189.60965,147.57347,1,"None","parabolic","box sum"
"8944",8944,8945,54.19404,54.1846,80.48483,NA,NA,NA,2.36e+09,5.1e+10,118.96012,128.52472,122.32131,1,"None","parabolic","box sum"
"8945",8945,8946,97.81945,53.94298,80.32585,NA,NA,NA,2.61e+09,5.74e+10,111.38129,135.96481,123.90262,1,"None","parabolic","box sum"
"8946",8946,8947,124.18832,51.6564,80.40373,NA,NA,NA,2.53e+09,5.4e+10,98.93272,195.65952,97.05788,1,"None","parabolic","box sum"
"8947",8947,8948,45.04261,47.49442,80.3239,NA,NA,NA,2.79e+09,6.29e+10,123.84819,125.40299,159.67113,1,"None","parabolic","box sum"
"8948",8948,8949,69.10093,45.87981,80.42901,NA,NA,NA,2.51e+09,5.65e+10,178.1617,149.82569,130.40853,1,"None","parabolic","box sum"
"8949",8949,8950,149.10379,44.93086,80.57348,NA,NA,NA,2.8e+09,6.31e+10,113.54196,156.84354,131.5192,1,"None","parabolic","box sum"
"8950",8950,8951,59.17208,44.634,80.27636,NA,NA,NA,2.28e+09,5.01e+10,100.77826,137.18522,158.39815,1,"None","parabolic","box sum"
"8951",8951,8952,131.00985,43.10276,80.44199,NA,NA,NA,2.75e+09,6.07e+10,104.28614,171.94027,122.46901,1,"None","parabolic","box sum"
"8952",8952,8953,106.44666,41.98509,80.58173,NA,NA,NA,2.5e+09,5.54e+10,131.92413,178.40028,107.94014,1,"None","parabolic","box sum"
"8957",8957,8958,172.37907,73.5815,80.08916,NA,NA,NA,3.63e+09,3.79e+10,239.1673,152.20453,95.51746,1,"None","parabolic","box sum"
"8961",8961,8962,172.16775,67.91812,80.08916,NA,NA,NA,2.46e+09,3.96e+10,169.4543,177.37743,136.7417,1,"None","parabolic","box sum"
"8962",8962,8963,79.86234,67.20717,80.08916,NA,NA,NA,2.38e+09,3.24e+10,107.76227,148.24866,92.76956,1,"None","parabolic","box sum"
"8963",8963,8964,42.35323,66.8072,80.08916,NA,NA,NA,2.31e+09,3.6e+10,127.02629,155.28831,243.41887,1,"None","parabolic","box sum"
"8964",8964,8965,32.44854,66.34387,80.08916,NA,NA,NA,2.38e+09,3.73e+10,104.47668,187.67473,99.36351,1,"None","parabolic","box sum"
"8965",8965,8966,67.60063,65.28052,80.08916,NA,NA,NA,2.29e+09,3.11e+10,83.03855,131.57928,117.03873,1,"None","parabolic","box sum"
"8966",8966,8967,27.52945,64.29908,80.08916,NA,NA,NA,2.26e+09,3.42e+10,87.63837,148.22894,122.5608,1,"None","parabolic","box sum"
"8967",8967,8968,161.56544,63.47093,80.08916,NA,NA,NA,2.41e+09,3.69e+10,116.11547,149.3659,97.53603,1,"None","parabolic","box sum"
"8968",8968,8969,81.28409,63.00042,80.08916,NA,NA,NA,2.39e+09,3.68e+10,113.41005,169.33236,113.64913,1,"None","parabolic","box sum"
"8969",8969,8970,41.5939,60.74527,80.08916,NA,NA,NA,2.42e+09,3.55e+10,137.49863,147.27682,108.05446,1,"None","parabolic","box sum"
"8970",8970,8971,59.86507,59.84105,80.08916,NA,NA,NA,2.65e+09,4.02e+10,104.66478,125.72134,123.35145,1,"None","parabolic","box sum"
"8971",8971,8972,100.60178,59.67583,80.08916,NA,NA,NA,2.42e+09,3.61e+10,100.78315,149.49483,177.80489,1,"None","parabolic","box sum"
"8972",8972,8973,145.8346,59.50633,80.08916,NA,NA,NA,2.69e+09,4.01e+10,158.71874,143.55281,94.86198,1,"None","parabolic","box sum"
"8977",8977,8978,91.91229,54.53659,80.08916,NA,NA,NA,2.51e+09,4.04e+10,125.42136,177.44523,145.24657,1,"None","parabolic","box sum"
"8981",8981,8982,60.60651,48.18883,80.08916,NA,NA,NA,2.28e+09,3.16e+10,110.24172,128.92026,148.56106,1,"None","parabolic","box sum"
"8982",8982,8983,23.04428,47.28261,80.08916,NA,NA,NA,2.36e+09,3.21e+10,103.55818,180.95291,88.66984,1,"None","parabolic","box sum"
"8983",8983,8984,57.50909,41.68575,80.08916,NA,NA,NA,2.73e+09,4.33e+10,147.11355,158.03266,129.30995,1,"None","parabolic","box sum"
"8984",8984,8985,99.69643,39.19415,80.08916,NA,NA,NA,2.65e+09,3.89e+10,91.38198,134.20117,206.8764,1,"None","parabolic","box sum"
